docking_cost_a,docking_cost_b,roundtrip_start,roundtrip_return,passengers,itin_fare,itin_fare_avg,avg_occupancy_rate,occupancy_avg,roundtrip_count,ticket_revenue,baggage_revenue,total_revenue,distance,fomc&dio,roundtrip_start_airport_type,roundtrip_return_airport_type,docking_cost_total,delay_dep,early_arr,maintance,profit
10000,10000,JFK,LAX,5906,1522858,257.8493058,0.650072323,130.0144646,3158,105869232.4,14370498.78,120239731.2,2475,22720.5,large_airport,large_airport,63160000,4053225,2688075,69924020.5,50315710.66
10000,10000,JFK,SFO,3290,1120876,340.6917933,0.649853568,129.9707135,1860,82360717.17,8461093.45,90821810.62,2586,23739.48,large_airport,large_airport,37200000,4017300,1427775,42668814.48,48152996.14
10000,10000,EWR,SFO,2827,1208895,427.6246905,0.649905116,129.9810231,1212,67366710.86,5513795,72880505.86,2565,23546.7,large_airport,large_airport,24240000,3448350,669150,28381046.7,44499459.16
10000,10000,IAD,SFO,1122,608210,542.0766488,0.64140561,128.281122,742,51597344.95,3331460.739,54928805.69,2419,22206.42,large_airport,large_airport,14840000,1460400,242250,16564856.42,38363949.27
10000,10000,ATL,CLT,439,131951,300.571754,0.648866001,129.7732003,1535,59874453.19,6972065.185,66846518.37,226,2074.68,large_airport,large_airport,30700000,1382625,348375,32433074.68,34413443.69
10000,10000,DSM,ORD,143,57329,400.9020979,0.660408111,132.0816223,980,51892763.48,4530399.645,56423163.13,299,2744.82,large_airport,large_airport,19600000,2358825,184125,22145694.82,34277468.31
10000,10000,CLT,PHX,459,216889,472.5250545,0.660762626,132.1525251,711,44398664.57,3288615.588,47687280.16,1773,16276.14,large_airport,large_airport,14220000,690000,180150,15106426.14,32580854.02
10000,10000,CLT,ORF,114,49915,437.8508772,0.659307943,131.8615885,755,43590462.72,3484442.477,47074905.19,290,2662.2,large_airport,large_airport,15100000,586125,136050,15824837.2,31250067.99
10000,10000,CLT,DTW,440,166844,379.1909091,0.648390171,129.6780342,950,46714095.09,4311794.637,51025889.73,500,4590,large_airport,large_airport,19000000,849300,394125,20248015,30777874.73
10000,10000,IAH,LGA,1214,437243,360.1672158,0.652082374,130.4164749,1030,48380890.81,4701513.919,53082404.73,1416,12998.88,large_airport,large_airport,20600000,2184975,549600,23347573.88,29734830.85
10000,10000,IND,ORD,163,49421,303.196319,0.641855152,128.3710304,1397,54373508.58,6276701.533,60650210.12,177,1624.86,large_airport,large_airport,27940000,3046350,311550,31299524.86,29350685.26
10000,10000,DTW,IND,135,72022,533.4962963,0.64568873,129.137746,559,38512030.64,2526580,41038610.64,231,2120.58,large_airport,large_airport,11180000,676275,210450,12068845.58,28969765.06
10000,10000,CLT,RIC,125,51137,409.096,0.655368368,131.0736736,761,40806125.56,3491147.297,44297272.85,257,2359.26,large_airport,large_airport,15220000,552600,156975,15931934.26,28365338.59
10000,10000,BOS,SFO,2092,703746,336.3986616,0.652819149,130.5638298,1128,49543449.28,5154660,54698109.28,2704,24822.72,large_airport,large_airport,22560000,3485100,786150,26856072.72,27842036.56
10000,5000,ATL,XNA,176,93412,530.75,0.651631579,130.3263158,475,32856078.75,2166675,35022753.75,589,5407.02,large_airport,medium_airport,7125000,569475,86100,7785982.02,27236771.73
10000,10000,EWR,MSP,573,247604,432.1186736,0.652652731,130.5305461,731,41231825.81,3339624.023,44571449.83,1008,9253.44,large_airport,large_airport,14620000,2224350,506175,17359778.44,27211671.39
10000,10000,DCA,IAH,592,252153,425.9341216,0.657527561,131.5055123,664,37192422.75,3056188.105,40248610.85,1208,11089.44,large_airport,large_airport,13280000,823125,237150,14351364.44,25897246.41
10000,10000,IAH,MSP,681,250498,367.8384728,0.653362358,130.6724717,847,40712208.98,3873785.424,44585994.4,1034,9492.12,large_airport,large_airport,16940000,1270200,470850,18690542.12,25895452.28
10000,5000,DFW,XNA,207,71998,347.8164251,0.653212517,130.6425033,757,34397783.61,3461373.125,37859156.73,280,2570.4,large_airport,medium_airport,11355000,549975,70200,11977745.4,25881411.33
10000,10000,DCA,EWR,146,69534,476.260274,0.640013013,128.0026026,607,37004270.64,2719415.293,39723685.94,199,1826.82,large_airport,large_airport,12140000,1583175,213000,13938001.82,25785684.12
10000,10000,ATL,SFO,1418,544516,384.0028209,0.652934783,130.5869565,782,39213984.06,3574165,42788149.06,2139,19636.02,large_airport,large_airport,15640000,1502250,328500,17490386.02,25297763.04
10000,10000,CLT,IND,224,89295,398.6383929,0.649777937,129.9555874,698,36160089.98,3174815,39334904.98,427,3919.86,large_airport,large_airport,13960000,509550,109500,14582969.86,24751935.12
10000,10000,IAH,SFO,826,313321,379.3232446,0.645465261,129.0930521,803,39321300.29,3628160.23,42949460.52,1635,15009.3,large_airport,large_airport,16060000,2045025,178200,18298234.3,24651226.22
5000,10000,MDT,ORD,177,79888,451.3446328,0.645032268,129.0064536,552,32140956.47,2492404.684,34633361.16,594,5452.92,medium_airport,large_airport,8280000,1611525,128700,10025677.92,24607683.24
10000,10000,ORD,STL,386,117555,304.5466321,0.647528003,129.5056006,1167,46027057.08,5289656.255,51316713.33,258,2368.44,large_airport,large_airport,23340000,3368400,168075,26878843.44,24437869.89
10000,10000,LGA,PIT,591,184312,311.8646362,0.653759203,130.7518406,1042,42489503.94,4768519.625,47258023.57,335,3075.3,large_airport,large_airport,20840000,2123700,569025,23535800.3,23722223.27
10000,10000,CLT,MEM,180,81038,450.2111111,0.649718998,129.9437995,559,32702697.58,2542350.437,35245048.02,511,4690.98,large_airport,large_airport,11180000,395100,73050,11652840.98,23592207.04
10000,5000,ORD,XNA,193,83301,431.611399,0.648466228,129.6932457,528,29555899.93,2396731.18,31952631.11,522,4791.96,large_airport,medium_airport,7920000,834600,173550,8932941.96,23019689.15
10000,10000,CLT,JAX,191,73312,383.8324607,0.653535851,130.7071703,679,34065195.61,3106255.902,37171451.51,328,3011.04,large_airport,large_airport,13580000,545250,77850,14206111.04,22965340.47
10000,10000,IAH,OKC,279,109296,391.7419355,0.645009624,129.0019249,681,34414650.81,3074760.88,37489411.69,395,3626.1,large_airport,large_airport,13620000,962625,78000,14664251.1,22825160.59
10000,5000,ATL,BTR,143,62135,434.5104895,0.650095526,130.0191052,510,28812279.17,2320841.027,31133120.2,448,4112.64,large_airport,medium_airport,7650000,570525,143325,8367962.64,22765157.56
10000,10000,DCA,ORD,1400,321202,229.43,0.6479212,129.5842401,1847,54912256.04,8376973.201,63289229.24,612,5618.16,large_airport,large_airport,36940000,3050700,617850,40614168.16,22675061.08
10000,10000,MCI,ORD,430,137246,319.1767442,0.650146051,130.0292102,925,38389627.46,4209695.68,42599323.14,403,3699.54,large_airport,large_airport,18500000,1968300,191475,20663474.54,21935848.6
10000,10000,ORD,SLC,815,280394,344.0417178,0.647355713,129.4711425,849,37817409.66,3847235,41664644.66,1250,11475,large_airport,large_airport,16980000,2498175,390525,19880175,21784469.66
10000,10000,SFO,SLC,794,263369,331.6989924,0.64502595,129.00519,911,38982502.19,4113330.482,43095832.67,599,5498.82,large_airport,large_airport,18220000,2801100,313500,21340098.82,21755733.85
10000,10000,ATL,LAX,2905,694026,238.907401,0.649115899,129.8231798,1531,47485065,6956575.09,54441640.09,1947,17873.46,large_airport,large_airport,30620000,1793625,503775,32935273.46,21506366.63
10000,10000,BNA,ORD,548,154543,282.0127737,0.653470639,130.6941279,1157,42644027.43,5292458.708,47936486.14,409,3754.62,large_airport,large_airport,23140000,3365400,310275,26819429.62,21117056.52
10000,10000,ICT,ORD,110,46842,425.8363636,0.655820829,131.1641657,564,31501921.86,2589180.632,34091102.49,588,5397.84,large_airport,large_airport,11280000,1614075,212775,13112247.84,20978854.65
10000,5000,IAH,MAF,388,144591,372.6572165,0.640783881,128.1567762,572,27317889.16,2565698.659,29883587.81,429,3938.22,large_airport,medium_airport,8580000,567375,54225,9205538.22,20678049.59
5000,10000,ELP,IAH,130,54217,417.0538462,0.659869776,131.9739551,474,26089076.41,2189447.916,28278524.32,667,6123.06,medium_airport,large_airport,7110000,525900,57075,7699098.06,20579426.26
10000,10000,ATL,SLC,877,304494,347.1995439,0.65392955,130.78591,705,32013209.86,3227142.33,35240352.19,1590,14596.2,large_airport,large_airport,14100000,509700,304725,14929021.2,20311330.99
10000,10000,ORD,RIC,312,120701,386.8621795,0.65001277,130.0025541,632,31785221.13,2875656.496,34660877.63,642,5893.56,large_airport,large_airport,12640000,1581750,177075,14404718.56,20256159.07
10000,10000,DTW,EWR,661,209719,317.2753404,0.639986231,127.9972461,932,37848864.69,4175270.169,42024134.86,488,4479.84,large_airport,large_airport,18640000,2655300,474375,21774154.84,20249980.02
10000,10000,JFK,SLC,1046,404553,386.7619503,0.650869919,130.1739837,615,30963001.45,2801995,33764996.45,1990,18268.2,large_airport,large_airport,12300000,743475,502950,13564693.2,20200303.25
10000,10000,ATL,SAV,119,38331,322.1092437,0.656488947,131.2977893,769,32522726.12,3533880,36056606.12,214,1964.52,large_airport,large_airport,15380000,425025,81600,15888589.52,20168016.6
10000,10000,CMH,ORD,513,131525,256.3840156,0.649498319,129.8996638,1256,41830071.97,5710389.221,47540461.19,296,2717.28,large_airport,large_airport,25120000,2250825,275175,27648717.28,19891743.91
10000,10000,ORD,PIT,428,132322,309.1635514,0.653862791,130.7725582,852,34446452.47,3899637.687,38346090.16,413,3791.34,large_airport,large_airport,17040000,1444125,256950,18744866.34,19601223.82
10000,10000,IAD,LAX,1288,407720,316.552795,0.650860396,130.1720791,802,33047481.06,3653930.262,36701411.32,2288,21003.84,large_airport,large_airport,16040000,617400,477000,17155403.84,19546007.48
10000,10000,CLT,LAX,642,260235,405.3504673,0.655633147,131.1266294,537,28542753.15,2464525,31007278.15,2125,19507.5,large_airport,large_airport,10740000,483975,260175,11503657.5,19503620.65
10000,10000,DTW,PIT,136,69587,511.6691176,0.652824865,130.564973,397,26522007.61,1814200.299,28336207.91,201,1845.18,large_airport,large_airport,7940000,669075,271500,8882420.18,19453787.73
10000,10000,CLE,EWR,253,112822,445.9367589,0.650939376,130.1878752,490,28447223.95,2232722.059,30679946.01,404,3708.72,large_airport,large_airport,9800000,1418775,128625,11351108.72,19328837.29
10000,10000,ATL,SEA,869,319331,367.4695052,0.651195827,130.2391653,623,29816108.18,2839865,32655973.18,2182,20030.76,large_airport,large_airport,12460000,473250,431100,13384380.76,19271592.42
10000,10000,CLT,CMH,162,57681,356.0555556,0.644111533,128.8223065,649,29768265.74,2926198.692,32694464.44,347,3185.46,large_airport,large_airport,12980000,714000,42375,13739560.46,18954903.98
5000,10000,ALB,ORD,136,55890,410.9558824,0.638182243,127.6364486,478,25072509.8,2135357.786,27207867.59,723,6637.14,medium_airport,large_airport,7170000,1121325,144375,8442337.14,18765530.45
10000,10000,CLT,DFW,907,265010,292.1830209,0.646232627,129.2465254,893,33722930.73,4039600.151,37762530.88,936,8592.48,large_airport,large_airport,17860000,1029375,105600,19003567.48,18758963.4
10000,10000,ORD,ROC,144,51621,358.4791667,0.655819078,131.1638155,630,29622282.03,2892162.133,32514444.17,528,4847.04,large_airport,large_airport,12600000,1265325,161100,14031272.04,18483172.13
10000,10000,CLT,PHL,588,179291,304.9166667,0.649818022,129.9636043,797,31583571,3625334.742,35208905.74,449,4121.82,large_airport,large_airport,15940000,740400,180750,16865271.82,18343633.92
5000,10000,ASE,ORD,117,61002,521.3846154,0.639461197,127.8922394,372,24805349.12,1665156.957,26470506.08,1013,9299.34,medium_airport,large_airport,5580000,2527650,119025,8235974.34,18234531.74
10000,10000,LAX,MIA,1229,414444,337.2205045,0.652325559,130.4651117,679,29872951.82,3100503.38,32973455.2,2342,21499.56,large_airport,large_airport,13580000,986700,204750,14792949.56,18180505.64
10000,10000,IAH,TUL,290,99901,344.4862069,0.651052411,130.2104822,657,29470204.83,2994190.038,32464394.86,429,3938.22,large_airport,large_airport,13140000,1038225,115875,14298038.22,18166356.64
10000,10000,ORD,SYR,160,56574,353.5875,0.654026648,130.8053295,633,29276964.94,2897992.075,32174957.02,607,5572.26,large_airport,large_airport,12660000,1193850,222600,14082022.26,18092934.76
10000,10000,DFW,JAN,130,54180,416.7692308,0.651977226,130.3954451,483,26248542.92,2204335,28452877.92,408,3745.44,large_airport,large_airport,9660000,771075,26625,10461445.44,17991432.48
10000,10000,ATL,GSO,239,80028,334.8451883,0.647444148,129.4888297,657,28486673.49,2977595.638,31464269.13,306,2809.08,large_airport,large_airport,13140000,333525,150600,13626934.08,17837335.05
10000,5000,ATL,HPN,307,119018,387.6807818,0.661781751,132.3563501,456,23398278.06,2112407.348,25510685.4,780,7160.4,large_airport,medium_airport,6840000,686775,165450,7699385.4,17811300
10000,10000,EWR,IAD,128,53998,421.859375,0.660670489,132.1340979,492,27425067.9,2275349.165,29700417.07,212,1946.16,large_airport,large_airport,9840000,1971525,141675,11955146.16,17745270.91
10000,10000,MSP,OMA,160,67712,423.2,0.653147752,130.6295503,467,25816892.8,2135140,27952032.8,282,2588.76,large_airport,large_airport,9340000,966225,185700,10494513.76,17457519.04
10000,10000,HNL,LAX,2386,559006,234.285834,0.650957165,130.1914331,1362,41543735.56,6206225.615,47749961.17,2556,23464.08,large_airport,large_airport,27240000,2225175,889200,30377839.08,17372122.09
10000,10000,PHL,PIT,362,154237,426.0690608,0.633011709,126.6023418,467,25190606.18,2069315.277,27259921.46,268,2460.24,large_airport,large_airport,9340000,374700,177000,9894160.24,17365761.22
10000,10000,LGA,RIC,330,108743,329.5242424,0.649862237,129.9724474,715,30622786.66,3252560.495,33875347.15,292,2680.56,large_airport,large_airport,14300000,1789275,424500,16516455.56,17358891.59
10000,10000,BDL,ORD,322,118968,369.4658385,0.651485616,130.2971233,561,27006728.45,2558384.016,29565112.46,783,7187.94,large_airport,large_airport,11220000,821925,190350,12239462.94,17325649.52
10000,5000,LAX,OGG,1015,287122,282.8788177,0.648290084,129.6580168,708,25967674.6,3212925.656,29180600.26,2486,22821.48,large_airport,medium_airport,10620000,847650,569625,12060096.48,17120503.78
10000,10000,ATL,LIT,163,61688,378.4539877,0.658962451,131.7924901,506,25237961.08,2334045,27572006.08,453,4158.54,large_airport,large_airport,10120000,274050,107475,10505683.54,17066322.54
10000,10000,DTW,PHL,584,173657,297.3578767,0.641838775,128.367755,800,30536930.45,3594297.139,34131227.59,453,4158.54,large_airport,large_airport,16000000,732375,354750,17091283.54,17039944.05
10000,10000,BDL,MSP,208,121234,582.8557692,0.642368771,128.4737542,300,22464500.64,1348974.419,23813475.06,1050,9639,large_airport,large_airport,6000000,587700,257250,6854589,16958886.06
10000,10000,IAH,LIT,115,45994,399.9478261,0.652629938,130.5259875,481,25109924.37,2197405,27307329.37,374,3433.32,large_airport,large_airport,9620000,717000,89625,10430058.32,16877271.05
10000,10000,CLT,PIT,288,90748,315.0972222,0.642114949,128.4229897,726,29378118.04,3263228.169,32641346.21,366,3359.88,large_airport,large_airport,14520000,1160475,139500,15823334.88,16818011.33
10000,10000,CLT,SDF,117,40478,345.965812,0.648971215,129.7942429,600,26942622.39,2725679.101,29668301.49,335,3075.3,large_airport,large_airport,12000000,805500,119175,12927750.3,16740551.19
10000,10000,CLT,STL,271,103398,381.5424354,0.644593023,128.9186047,516,25380965.89,2328270,27709235.89,575,5278.5,large_airport,large_airport,10320000,626325,68925,11020528.5,16688707.39
10000,10000,BHM,CLT,137,47298,345.2408759,0.656004506,131.2009013,582,26362221.99,2672562.358,29034784.35,350,3213,large_airport,large_airport,11640000,643500,97875,12384588,16650196.35
10000,10000,GSO,ORD,124,52040,419.6774194,0.652649176,130.5298351,453,24815532.23,2069550.536,26885082.77,589,5407.02,large_airport,large_airport,9060000,1002075,179775,10247257.02,16637825.75
10000,10000,ATL,ROA,131,58330,445.2671756,0.641761928,128.3523857,411,23489103.84,1846349.068,25335452.91,357,3277.26,large_airport,large_airport,8220000,485925,71550,8780752.26,16554700.65
5000,10000,BTR,IAH,143,46488,325.0909091,0.648534631,129.7069261,545,22980765.67,2474159.615,25454925.29,253,2322.54,medium_airport,large_airport,8175000,567750,169725,8914797.54,16540127.75
10000,10000,BNA,IAH,265,107395,405.2641509,0.644224278,128.8448556,479,25011560.28,2160084.004,27171644.29,657,6031.26,large_airport,large_airport,9580000,987675,74400,10648106.26,16523538.03
10000,10000,CLE,CLT,215,72727,338.2651163,0.649283058,129.8566116,598,26267725.18,2717898.881,28985624.06,430,3947.4,large_airport,large_airport,11960000,438525,134775,12537247.4,16448376.66
10000,10000,CLE,IAH,295,133758,453.4169492,0.64188537,128.3770739,403,23457961.5,1810758.627,25268720.13,1091,10015.38,large_airport,large_airport,8060000,674475,143700,8888190.38,16380529.75
10000,10000,ANC,SEA,561,125640,223.9572193,0.652622589,130.5245178,1295,37855320.92,5916023.769,43771344.69,1448,13292.64,large_airport,large_airport,25900000,933150,608250,27454692.64,16316652.05
10000,10000,DTW,IAH,780,212706,272.7,0.650806456,130.1612912,918,32584395.4,4182082.285,36766477.69,1075,9868.5,large_airport,large_airport,18360000,1476525,624450,20470843.5,16295634.19
10000,10000,DEN,EWR,922,289999,314.532538,0.653304992,130.6609984,709,29137869.03,3242352.676,32380221.71,1605,14733.9,large_airport,large_airport,14180000,1697175,221625,16113533.9,16266687.81
10000,10000,CLT,SFO,444,218938,493.1036036,0.641446951,128.2893901,358,22647065.89,1607466.058,24254531.95,2296,21077.28,large_airport,large_airport,7160000,709125,149625,8039827.28,16214704.67
10000,10000,IAH,SLC,738,233862,316.8861789,0.648840473,129.7680945,677,27839401.47,3074855,30914256.47,1195,10970.1,large_airport,large_airport,13540000,993375,223725,14768070.1,16146186.37
10000,10000,CLT,PBI,161,58724,364.7453416,0.660009881,132.0019763,506,24362435.6,2337755,26700190.6,590,5416.2,large_airport,large_airport,10120000,453825,42450,10621691.2,16078499.4
10000,10000,OMA,ORD,246,74566,303.1138211,0.646339115,129.2678231,756,29622245.03,3420426.598,33042671.63,416,3818.88,large_airport,large_airport,15120000,1715325,156450,16995593.88,16047077.75
10000,10000,EWR,IND,372,143927,386.9005376,0.654905338,130.9810677,496,25135616.17,2273831.335,27409447.5,645,5921.1,large_airport,large_airport,9920000,1301700,150825,11378446.1,16031001.4
10000,10000,LGA,MSP,844,264212,313.0473934,0.653725837,130.7451674,703,28773392,3216984.844,31990376.84,1020,9363.6,large_airport,large_airport,14060000,1386150,508950,15964463.6,16025913.24
10000,10000,CVG,MSP,204,90363,442.9558824,0.641422168,128.2844336,409,23241156.89,1836391.667,25077548.55,596,5471.28,large_airport,large_airport,8180000,594450,298200,9078121.28,15999427.27
10000,10000,ORD,SDF,143,42392,296.4475524,0.645119318,129.0238636,850,32511487.28,3838459.941,36349947.22,286,2625.48,large_airport,large_airport,17000000,3233550,198300,20434475.48,15915471.74
10000,10000,IAH,MCI,226,95312,421.7345133,0.651250544,130.2501087,421,23125936.77,1919235.352,25045172.13,643,5902.74,large_airport,large_airport,8420000,639300,104850,9170052.74,15875119.39
10000,10000,CLE,ORD,581,140411,241.6712565,0.648513435,129.7026871,1184,37112967.04,5374879.353,42487846.4,315.1693345,2893.25449,large_airport,large_airport,23680000,2588400,357525,26628818.25,15859028.14
10000,5000,DFW,MFE,200,55511,277.555,0.64853192,129.7063839,657,23652430.59,2982598.298,26635028.89,469,4305.42,large_airport,medium_airport,9855000,820650,99675,10779630.42,15855398.47
10000,10000,DTW,MSN,120,54991,458.2583333,0.638858889,127.7717778,392,22952572.92,1753028.791,24705601.71,311,2854.98,large_airport,large_airport,7840000,989400,153300,8985554.98,15720046.73
10000,10000,ORD,TYS,153,57739,377.379085,0.647660194,129.5320388,515,25174581.38,2334815,27509396.38,475,4360.5,large_airport,large_airport,10300000,1359375,126375,11790110.5,15719285.88
10000,10000,IAH,PHL,613,220775,360.1549755,0.653017939,130.6035878,520,24459516.62,2376985.298,26836501.92,1325,12163.5,large_airport,large_airport,10400000,484350,283575,11180088.5,15656413.42
10000,10000,GSP,ORD,130,49874,383.6461538,0.657068365,131.413673,472,23796517.3,2170953.878,25967471.18,577,5296.86,large_airport,large_airport,9440000,706350,190575,10342221.86,15625249.32
10000,10000,CLE,LGA,545,134060,245.9816514,0.653394489,130.6788977,1138,36580567.39,5204940.496,41785507.88,419,3846.42,large_airport,large_airport,22760000,2787600,642450,26193896.42,15591611.46
5000,10000,BTR,DFW,142,46702,328.8873239,0.647348568,129.4697137,513,21844026.15,2324628.709,24168654.86,383,3515.94,medium_airport,large_airport,7695000,979575,44775,8722865.94,15445788.92
10000,10000,JFK,LAS,1802,492410,273.2574917,0.646711321,129.3422642,871,30784399.88,3942998.924,34727398.8,2248,20636.64,large_airport,large_airport,17420000,1094850,770100,19305586.64,15421812.16
10000,10000,EWR,PIT,412,137593,333.9635922,0.644771024,128.9542048,625,26916255.91,2820873.23,29737129.14,319,2928.42,large_airport,large_airport,12500000,1596450,248175,14347553.42,15389575.72
10000,10000,DTW,MKE,218,86992,399.0458716,0.651034011,130.2068022,452,23485236.07,2059871.611,25545107.68,237,2175.66,large_airport,large_airport,9040000,1024350,122625,10189150.66,15355957.02
5000,10000,ASE,LAX,259,105299,406.5598456,0.640229154,128.0458308,402,20927433.86,1801604.839,22729038.7,737,6765.66,medium_airport,large_airport,6030000,1443225,235800,7715790.66,15013248.04
10000,10000,DAY,ORD,123,34699,282.1056911,0.647924642,129.5849284,791,28916306.8,3587558.742,32503865.55,240,2203.2,large_airport,large_airport,15820000,1324950,361875,17509028.2,14994837.35
10000,10000,MCI,MSP,399,132154,331.2130326,0.645992296,129.1984592,584,24990652.67,2640816.506,27631469.17,393,3607.74,large_airport,large_airport,11680000,853500,120975,12658082.74,14973386.43
10000,10000,ORD,SAT,422,154224,365.4597156,0.64204707,128.409414,508,23839661.71,2283119.381,26122781.09,1041,9556.38,large_airport,large_airport,10160000,907650,231225,11308431.38,14814349.71
10000,10000,IAH,IND,201,87307,434.3631841,0.659340044,131.8680088,362,20734856.16,1670767.671,22405623.83,844,7747.92,large_airport,large_airport,7240000,372675,93600,7714022.92,14691600.91
10000,10000,MEM,ORD,251,86203,343.438247,0.649544953,129.9089906,569,25386342.41,2587137.548,27973479.95,491,4507.38,large_airport,large_airport,11380000,1720950,179625,13285082.38,14688397.57
10000,10000,MSP,ORD,1361,275981,202.7781043,0.658572579,131.7145159,1719,45912461.3,7924603.847,53837065.15,334,3066.12,large_airport,large_airport,34380000,4337625,439725,39160416.12,14676649.03
10000,10000,IAD,IAH,244,107159,439.1762295,0.644485051,128.8970102,365,20662103.57,1646659.305,22308762.87,1190,10924.2,large_airport,large_airport,7300000,282750,78600,7672274.2,14636488.67
10000,10000,DCA,HSV,193,95765,496.1917098,0.658175639,131.6351278,302,19725510.25,1391383.3,21116893.55,613,5627.34,large_airport,large_airport,6040000,349425,98025,6493077.34,14623816.21
5000,10000,GRR,MSP,215,88921,413.5860465,0.658333333,131.6666667,348,18950512.65,1603700,20554212.65,408,3745.44,medium_airport,large_airport,5220000,577275,147900,5948920.44,14605292.21
10000,10000,EWR,LAX,2955,711801,240.880203,0.653539268,130.7078536,1056,33248090.63,4830962.268,38079052.9,2454,22527.72,large_airport,large_airport,21120000,1580250,765825,23488602.72,14590450.18
10000,5000,LAX,LIH,498,184298,370.0763052,0.657524876,131.5049751,402,19564083.88,1850275,21414358.88,2615,24005.7,large_airport,medium_airport,6030000,509850,269100,6832955.7,14581403.18
10000,10000,DTW,SDF,118,53507,453.4491525,0.653288925,130.657785,349,20677084.99,1595984.843,22273069.83,306,2809.08,large_airport,large_airport,6980000,542400,188250,7713459.08,14559610.75
10000,10000,DFW,HNL,264,204799,775.7537879,0.639138889,127.8277778,180,17849318.91,805315,18654633.91,3784,34737.12,large_airport,large_airport,3600000,231225,237600,4103562.12,14551071.79
10000,10000,IAH,PIT,378,145296,384.3809524,0.649328774,129.8657548,436,21764214.22,1981751.419,23745965.64,1117,10254.06,large_airport,large_airport,8720000,254175,221850,9206279.06,14539686.58
10000,10000,ATL,TUL,202,81140,401.6831683,0.66475641,132.9512821,390,20827673.96,1814785,22642458.96,674,6187.32,large_airport,large_airport,7800000,239850,84900,8130937.32,14511521.64
10000,10000,IAH,PHX,540,145592,269.6148148,0.65439433,130.878866,776,27382619.82,3554670,30937289.82,1009,9262.62,large_airport,large_airport,15520000,842025,98775,16470062.62,14467227.2
10000,10000,CMH,LGA,708,187675,265.0776836,0.645829959,129.1659917,897,30712402.63,4055166.31,34767568.94,479,4397.22,large_airport,large_airport,17940000,2053575,345975,20343947.22,14423621.72
10000,10000,CMH,EWR,314,127835,407.1178344,0.651681311,130.3362621,421,22339193.26,1920504.822,24259698.08,463,4250.34,large_airport,large_airport,8420000,1339050,124875,9888175.34,14371522.74
10000,10000,CLT,ORD,789,179377,227.347275,0.648325547,129.6651094,1166,34372524.83,5291633.115,39664157.95,599,5498.82,large_airport,large_airport,23320000,1949175,254625,25529298.82,14134859.13
10000,10000,ATL,PHX,1198,290079,242.1360601,0.654896542,130.9793083,925,29336202.65,4240455.108,33576657.76,1587,14568.66,large_airport,large_airport,18500000,639075,313875,19467518.66,14109139.1
10000,10000,ORD,SFO,2499,573984,229.6854742,0.65342657,130.6853139,1292,38781341.64,5909589.896,44690931.54,1846,16946.28,large_airport,large_airport,25840000,4467375,357525,30681846.28,14009085.26
10000,10000,ATL,ORF,288,81449,282.8090278,0.65455157,130.9103139,669,24768131.84,3065265,27833396.84,516,4736.88,large_airport,large_airport,13380000,313425,150300,13848461.88,13984934.96
10000,10000,ATL,SAN,819,270200,329.9145299,0.661428571,132.2857143,511,22301562.39,2365930,24667492.39,1892,17368.56,large_airport,large_airport,10220000,286275,193800,10717443.56,13950048.83
10000,10000,DFW,OKC,118,32403,274.6016949,0.646337748,129.2675497,755,26800301.62,3415895,30216196.62,175,1606.5,large_airport,large_airport,15100000,1104000,66975,16272581.5,13943615.12
10000,10000,DFW,EWR,1374,395129,287.5756914,0.64446045,128.89209,737,27317812.92,3324771.462,30642584.38,1372,12594.96,large_airport,large_airport,14740000,1637925,335700,16726219.96,13916364.42
10000,10000,DTW,LAX,1370,430670,314.3576642,0.64062709,128.1254181,598,24085769.88,2681665,26767434.88,1979,18167.22,large_airport,large_airport,11960000,668100,280875,12927142.22,13840292.66
10000,5000,IAH,XNA,133,48986,368.3157895,0.661592658,132.3185316,380,18519301.68,1759836.47,20279138.15,438,4020.84,large_airport,medium_airport,5700000,679650,84825,6468495.84,13810642.31
10000,10000,DFW,MSP,1134,284441,250.829806,0.651258789,130.2517577,913,29828644.11,4162194.918,33990839.03,852,7821.36,large_airport,large_airport,18260000,1590900,342675,20201396.36,13789442.67
10000,5000,DFW,LRD,176,75524,429.1136364,0.644872611,128.9745223,314,17378244.05,1417430,18795674.05,396,3635.28,large_airport,medium_airport,4710000,308250,54900,5076785.28,13718888.77
5000,10000,KOA,LAX,482,155807,323.2510373,0.6425,128.5,464,19273519.85,2086840,21360359.85,2504,22986.72,medium_airport,large_airport,6960000,374400,312750,7670136.72,13690223.13
10000,10000,ABQ,ORD,101,49423,489.3366337,0.660966643,132.1933286,293,18953302.25,1355642.584,20308944.83,1118,10263.24,large_airport,large_airport,5860000,750075,109575,6729913.24,13579031.59
10000,10000,JFK,SAN,792,279271,352.614899,0.642167531,128.4335062,485,21964470.39,2180158.768,24144629.16,2446,22454.28,large_airport,large_airport,9700000,517425,359700,10599579.28,13545049.88
10000,10000,ATL,SDF,273,77305,283.1684982,0.64871988,129.7439759,664,24394966.12,3015250,27410216.12,321,2946.78,large_airport,large_airport,13280000,577800,161025,14021771.78,13388444.34
10000,10000,DTW,IAD,227,67420,297.0044053,0.649203762,129.8407523,633,24410553.35,2876621.868,27287175.22,383,3515.94,large_airport,large_airport,12660000,1196325,206400,14066240.94,13220934.28
10000,10000,CLT,MSY,332,97215,292.8162651,0.650622138,130.1244277,602,22937734.44,2741721.692,25679456.14,651,5976.18,large_airport,large_airport,12040000,456600,101625,12604201.18,13075254.96
10000,10000,EWR,ORD,1703,386085,226.7087493,0.648082166,129.6164332,1153,33881111.9,5230671.16,39111783.06,719,6600.42,large_airport,large_airport,23060000,2788950,255450,26111000.42,13000782.64
10000,10000,HNL,SEA,1171,380026,324.5311699,0.646537736,129.3075472,530,22241094.67,2398655,24639749.67,2677,24574.86,large_airport,large_airport,10600000,683550,337350,11645474.86,12994274.81
10000,10000,BDL,CLT,356,111074,312.005618,0.648327256,129.6654513,544,22008254,2468830.193,24477084.19,644,5911.92,large_airport,large_airport,10880000,508950,170400,11565261.92,12911822.27
5000,10000,OGG,SEA,834,312985,375.2817746,0.651495845,130.299169,361,17652504.11,1646330,19298834.11,2640,24235.2,medium_airport,large_airport,5415000,650925,299025,6389185.2,12909648.91
10000,10000,CLE,JFK,147,46307,315.0136054,0.653664979,130.7329958,546,22485739.11,2498307.55,24984046.66,425,3901.5,large_airport,large_airport,10920000,938400,286800,12149101.5,12834945.16
10000,10000,IAH,JAX,163,78279,480.2392638,0.644853336,128.9706672,291,18023602.48,1313566.246,19337168.73,817,7500.06,large_airport,large_airport,5820000,685050,52950,6565500.06,12771668.67
10000,5000,ATL,FNT,108,52543,486.5092593,0.638151154,127.6302309,252,15647508.85,1125698.636,16773207.49,645,5921.1,large_airport,medium_airport,3780000,107175,144675,4037771.1,12735436.39
10000,5000,ATL,CHO,110,37319,339.2636364,0.648995329,129.7990657,405,17834621.73,1839901.757,19674523.49,457,4195.26,large_airport,medium_airport,6075000,692625,189975,6961795.26,12712728.23
10000,10000,BOS,LAX,2174,487989,224.4659614,0.647329655,129.465931,1156,33594163.02,5238191.566,38832354.59,2611,23968.98,large_airport,large_airport,23120000,2027400,956400,26127768.98,12704585.61
10000,10000,IAH,MEM,239,83991,351.4267782,0.648514456,129.7028912,440,20055670.43,1997424.524,22053094.96,468,4296.24,large_airport,large_airport,8800000,535800,100050,9440146.24,12612948.72
10000,5000,ATL,GRR,308,101659,330.0616883,0.63964891,127.9297821,413,17438809.3,1849225,19288034.3,640,5875.2,large_airport,medium_airport,6195000,383400,128625,6712900.2,12575134.1
10000,10000,DFW,SFO,1161,272524,234.7321275,0.646423082,129.2846163,1000,30347253.03,4524961.571,34872214.61,1464,13439.52,large_airport,large_airport,20000000,2036850,256575,22306864.52,12565350.09
10000,10000,CMH,PHL,272,96741,355.6654412,0.642256521,128.4513043,433,19781903.68,1946679.516,21728583.2,406,3727.08,large_airport,large_airport,8660000,333900,170925,9168552.08,12560031.12
10000,10000,ATL,IAD,643,148934,231.6236392,0.648560469,129.7120938,929,27911235.73,4217588.731,32128824.46,534,4902.12,large_airport,large_airport,18580000,778950,216675,19580527.12,12548297.34
10000,10000,EWR,STL,345,108678,315.0086957,0.652004232,130.4008463,559,22962266.88,2551292.558,25513559.44,872,8004.96,large_airport,large_airport,11180000,1641900,156375,12986279.96,12527279.48
10000,10000,DTW,JFK,123,51860,421.6260163,0.648901376,129.7802753,334,18276059.31,1517131.418,19793190.73,509,4672.62,large_airport,large_airport,6680000,433650,203400,7321722.62,12471468.11
10000,10000,CLE,PHL,210,75802,360.9619048,0.652262242,130.4524484,411,19353317.72,1876558.471,21229876.19,363,3332.34,large_airport,large_airport,8220000,353700,182175,8759207.34,12470668.85
10000,10000,MIA,SFO,956,347196,363.1757322,0.644890973,128.9781945,421,19720376.85,1900493.697,21620870.55,2585,23730.3,large_airport,large_airport,8420000,634950,126900,9205580.3,12415290.25
10000,10000,DFW,TYS,184,76147,413.8423913,0.652352071,130.4704142,338,18250035.61,1543465,19793500.61,771,7077.78,large_airport,large_airport,6760000,565650,70275,7403002.78,12390497.83
10000,10000,CLT,IAD,236,54085,229.1737288,0.649260175,129.852035,936,27854119.86,4253952.668,32108072.53,322,2955.96,large_airport,large_airport,18720000,867000,141450,19731405.96,12376666.57
10000,10000,IAH,STL,232,82352,354.9655172,0.652154844,130.4309687,435,20139845.88,1985811.499,22125657.38,667,6123.06,large_airport,large_airport,8700000,993675,87150,9786948.06,12338709.32
10000,10000,ATL,MEM,447,106564,238.3982103,0.646622487,129.3244975,840,25897812.15,3802140.226,29699952.37,332,3047.76,large_airport,large_airport,16800000,488175,116700,17407922.76,12292029.61
10000,10000,LGA,MCI,522,169832,325.348659,0.649830827,129.9661655,505,21353580.41,2297151.974,23650732.39,1107,10162.26,large_airport,large_airport,10100000,999750,263850,11373762.26,12276970.13
10000,10000,MSP,PIT,237,104409,440.5443038,0.661840391,132.3680782,307,17902398.87,1422295,19324693.87,726,6664.68,large_airport,large_airport,6140000,666525,254550,7067739.68,12256954.19
10000,10000,ABQ,IAH,115,43109,374.8608696,0.655186857,131.0373715,384,18862380.68,1761142.273,20623522.95,744,6829.92,large_airport,large_airport,7680000,606075,77475,8370379.92,12253143.03
10000,5000,DEN,MAF,130,63703,490.0230769,0.638977028,127.7954056,249,15593051.77,1113736.96,16706788.73,563,5168.34,large_airport,medium_airport,3735000,683025,69075,4492268.34,12214520.39
5000,10000,LIH,SFO,106,76130,718.2075472,0.653187548,130.6375095,153,14355201.33,699563.8636,15054765.19,2447,22463.46,medium_airport,large_airport,2295000,441150,85200,2843813.46,12210951.73
10000,10000,DCA,JFK,224,59040,263.5714286,0.647884533,129.5769067,724,24726605.77,3283478.815,28010084.59,213,1955.34,large_airport,large_airport,14480000,962250,358875,15803080.34,12207004.25
10000,10000,DTW,SLC,425,158359,372.6094118,0.658620018,131.7240035,375,18405601.3,1728877.546,20134478.85,1481,13595.58,large_airport,large_airport,7500000,281850,182625,7978070.58,12156408.27
10000,10000,IAH,ICT,134,55115,411.3059701,0.645311573,129.0623145,337,17889341.87,1522290,19411631.87,542,4975.56,large_airport,large_airport,6740000,442125,68325,7255425.56,12156206.31
10000,10000,ATL,MSP,1482,304534,205.488529,0.64958793,129.9175859,1203,32115978.07,5470179.954,37586158.02,907,8326.26,large_airport,large_airport,24060000,955575,417000,25440901.26,12145256.76
10000,10000,EWR,SAN,819,296989,362.6239316,0.646766446,129.3532892,413,19372425.1,1869801.795,21242226.89,2425,22261.5,large_airport,large_airport,8260000,573900,242850,9099011.5,12143215.39
10000,10000,DTW,ORD,858,171511,199.8962704,0.651941087,130.3882174,1612,42015358.79,7356503.224,49371862.02,235,2157.3,large_airport,large_airport,32240000,4503600,513975,37259732.3,12112129.72
10000,10000,EWR,IAH,1714,417575,243.626021,0.64635257,129.270514,856,26958573.77,3872944.598,30831518.37,1400,12852,large_airport,large_airport,17120000,1344300,264975,18742127,12089391.37
10000,10000,IAH,LAX,1625,332608,204.6818462,0.645958179,129.1916357,1201,31758262.19,5430570.407,37188832.59,1379,12659.22,large_airport,large_airport,24020000,909450,279900,25222009.22,11966823.37
10000,10000,IND,MSP,384,142297,370.5651042,0.642184977,128.4369954,406,19323273.05,1825089.705,21148362.75,503,4617.54,large_airport,large_airport,8120000,935100,139275,9198992.54,11949370.21
10000,10000,MHT,PHL,123,42500,345.5284553,0.65430227,130.8604541,418,18900292.41,1914488.443,20814780.86,289,2653.02,large_airport,large_airport,8360000,352125,155025,8869803.02,11944977.84
10000,10000,EWR,RIC,123,47490,386.097561,0.655395778,131.0791557,379,19180940.73,1738765,20919705.73,277,2542.86,large_airport,large_airport,7580000,1263825,135375,8981742.86,11937962.87
5000,10000,KOA,SEA,462,208297,450.8593074,0.646852242,129.3704485,259,15106918.53,1172743.115,16279661.65,2688,24675.84,medium_airport,large_airport,3885000,234000,198300,4341975.84,11937685.81
5000,10000,ELP,ORD,101,43600,431.6831683,0.639902369,127.9804738,284,15690152.66,1272125.909,16962278.56,1236,11346.48,medium_airport,large_airport,4260000,668325,88500,5028171.48,11934107.08
10000,10000,IAH,TUS,116,45044,388.3103448,0.645570822,129.1141644,360,18049091.65,1626838.471,19675930.12,936,8592.48,large_airport,large_airport,7200000,517725,45300,7771617.48,11904312.64
5000,10000,HPN,ORD,123,41727,339.2439024,0.651676723,130.3353447,386,17067171.79,1760830.506,18828002.29,738,6774.84,medium_airport,large_airport,5790000,1090200,153300,7040274.84,11787727.45
10000,10000,ATL,PDX,433,208913,482.47806,0.644111969,128.8223938,259,16097880.47,1167775,17265655.47,2172,19938.96,large_airport,large_airport,5180000,129900,156000,5485838.96,11779816.51
10000,10000,ORD,SNA,742,235886,317.9056604,0.652815703,130.5631406,488,20255299.58,2230018.442,22485318.03,1726,15844.68,large_airport,large_airport,9760000,751200,184425,10711469.68,11773848.35
10000,5000,IAH,PSP,111,48837,439.972973,0.656328566,131.2657132,263,15189135.28,1208300.89,16397436.17,1269,11649.42,large_airport,medium_airport,3945000,576900,105525,4639074.42,11758361.75
10000,5000,ATL,MDT,134,60094,448.4626866,0.647609562,129.5219124,251,14579521.94,1137850,15717371.94,620,5691.6,large_airport,medium_airport,3765000,117000,92625,3980316.6,11737055.34
10000,10000,MSP,PHL,580,176443,304.212069,0.650317548,130.0635096,540,21366120.26,2458200.332,23824320.59,980,8996.4,large_airport,large_airport,10800000,759450,526650,12095096.4,11729224.19
10000,10000,BHM,ORD,138,50816,368.2318841,0.648161895,129.6323791,396,18902970.97,1796704.774,20699675.74,583.1284635,5353.119295,large_airport,large_airport,7920000,986775,69600,8981728.119,11717947.63
10000,10000,CMH,MSP,237,107989,455.649789,0.661435968,132.2871937,275,16576073.77,1273264.239,17849338.01,626,5746.68,large_airport,large_airport,5500000,424500,207225,6137471.68,11711866.33
10000,10000,ATL,DSM,129,61581,477.372093,0.662901961,132.5803922,255,16138995.72,1183280,17322275.72,743,6820.74,large_airport,large_airport,5100000,447525,69075,5623420.74,11698854.98
10000,10000,CLT,SEA,229,114499,499.9956332,0.646215391,129.2430782,247,15961380.76,1117306.411,17078687.17,2279,20921.22,large_airport,large_airport,4940000,306750,117150,5384821.22,11693865.95
10000,10000,BOI,SFO,118,41692,353.3220339,0.654986219,130.9972438,423,19578221.93,1939414.194,21517636.12,522,4791.96,large_airport,large_airport,8460000,1211250,169500,9845541.96,11672094.16
10000,10000,ATL,SJC,419,205097,489.4916468,0.650020243,130.0040486,247,15718066.27,1123885,16841951.27,2116,19424.88,large_airport,large_airport,4940000,130275,143700,5233399.88,11608551.39
10000,5000,DFW,PNS,140,46655,333.25,0.656799451,131.3598901,364,15934348.75,1673525,17607873.75,604,5544.72,large_airport,medium_airport,5460000,532125,29850,6027519.72,11580354.03
10000,10000,MSP,STL,515,146744,284.9398058,0.639144906,127.8289812,617,22473339.66,2760466.85,25233806.51,448,4112.64,large_airport,large_airport,12340000,1107000,229425,13680537.64,11553268.87
10000,10000,IAH,SAT,128,32222,251.734375,0.646507824,129.3015647,703,22882402.95,3181465,26063867.95,191,1753.38,large_airport,large_airport,14060000,434850,92775,14589378.38,11474489.57
10000,10000,DFW,DTW,1236,287023,232.2192557,0.655798996,131.1597991,901,27442505.67,4136124.266,31578629.93,986,9051.48,large_airport,large_airport,18020000,1819875,349500,20198426.48,11380203.45
10000,10000,DFW,SDF,204,69628,341.3137255,0.663434488,132.6868976,416,18839749.49,1931921.229,20771670.72,733,6728.94,large_airport,large_airport,8320000,1026750,43650,9397128.94,11374541.78
10000,10000,RNO,SLC,196,65807,335.75,0.649945922,129.9891843,426,18592288.04,1938138.738,20530426.78,422,3873.96,large_airport,large_airport,8520000,604425,72675,9200973.96,11329452.82
10000,10000,ATL,SNA,421,197678,469.543943,0.651992188,130.3984375,256,15674315.9,1168370,16842685.9,1919,17616.42,large_airport,large_airport,5120000,237675,140775,5516066.42,11326619.48
10000,10000,DTW,SEA,467,155684,333.3704497,0.649363426,129.8726852,432,18703749.08,1963675,20667424.08,1927,17689.86,large_airport,large_airport,8640000,441000,287550,9386239.86,11281184.22
10000,10000,DTW,SFO,791,283441,358.3324905,0.656957071,131.3914141,396,18644397.81,1821085,20465482.81,2079,19085.22,large_airport,large_airport,7920000,1014525,237600,9191210.22,11274272.59
10000,10000,IAD,ORD,243,86060,354.1563786,0.652785801,130.5571602,395,18263872.17,1804952.74,20068824.91,588,5397.84,large_airport,large_airport,7900000,844125,47025,8796547.84,11272277.07
10000,10000,IAH,SEA,603,189715,314.6185738,0.652357377,130.4714754,465,19087668.52,2123423.262,21211091.78,1874,17203.32,large_airport,large_airport,9300000,450450,206325,9973978.32,11237113.46
10000,10000,DAY,DFW,126,49534,393.1269841,0.656509745,131.301949,315,16259776.85,1447603.987,17707380.84,861,7903.98,large_airport,large_airport,6300000,188850,50025,6546778.98,11160601.86
10000,10000,CLT,MCI,214,79388,370.9719626,0.661589708,132.3179417,336,16492978.83,1556058.994,18049037.82,808,7417.44,large_airport,large_airport,6720000,217275,33300,6977992.44,11071045.38
10000,10000,DCA,LAX,955,352544,369.1560209,0.651402134,130.2804268,356,17121394.21,1623294.118,18744688.33,2311,21214.98,large_airport,large_airport,7120000,264525,299850,7705589.98,11039098.35
10000,10000,CLT,SAN,246,112289,456.4593496,0.644068441,128.8136882,263,15463929.85,1185730,16649659.85,2077,19066.86,large_airport,large_airport,5260000,233325,114000,5626391.86,11023267.99
10000,10000,PHL,SFO,1036,323659,312.4121622,0.645575868,129.1151737,500,20168575.28,2259515.539,22428090.82,2521,23142.78,large_airport,large_airport,10000000,1007625,377400,11408167.78,11019923.04
10000,10000,ORD,RDU,593,155658,262.4924115,0.650689381,130.1378763,668,22819016.91,3042623.547,25861640.46,646,5930.28,large_airport,large_airport,13360000,1356075,185325,14907330.28,10954310.18
10000,10000,CLT,MKE,201,65031,323.5373134,0.655766459,131.1532918,426,18076451.05,1955495.581,20031946.63,651,5976.18,large_airport,large_airport,8520000,518925,64725,9109626.18,10922320.45
10000,10000,DTW,GSP,194,94799,488.6546392,0.642781108,128.5562217,238,14951063.4,1070873.326,16021936.72,508,4663.44,large_airport,large_airport,4760000,262875,158625,5186163.44,10835773.28
10000,10000,CLE,MSP,274,111921,408.4708029,0.661176683,132.2353366,306,16528367.87,1416240.455,17944608.33,622,5709.96,large_airport,large_airport,6120000,758100,237825,7121634.96,10822973.37
10000,10000,AUS,SFO,1138,330267,290.2170475,0.648101647,129.6203294,567,21329422.61,2572315.438,23901738.05,1504,13806.72,large_airport,large_airport,11340000,1585200,197550,13136556.72,10765181.33
10000,10000,CLT,LAS,651,209196,321.3456221,0.655708314,131.1416627,437,18415966.25,2005811.731,20421777.98,1916,17588.88,large_airport,large_airport,8740000,772350,146175,9676113.88,10745664.1
10000,10000,ATL,SRQ,200,52691,263.455,0.652338435,130.4676871,588,20210950.33,2685025,22895975.33,444,4075.92,large_airport,large_airport,11760000,330150,56925,12151150.92,10744824.41
10000,10000,MIA,PHX,392,168768,430.5306122,0.653783925,130.7567851,266,14974416.46,1217345.669,16191762.13,1972,18102.96,large_airport,large_airport,5320000,175650,79425,5593177.96,10598584.17
10000,10000,HNL,SFO,1128,318026,281.9379433,0.649780521,129.9561042,546,20005197.98,2483461.152,22488659.13,2398,22013.64,large_airport,large_airport,10920000,713250,247275,11902538.64,10586120.49
10000,5000,DFW,ELP,273,54669,200.2527473,0.650988084,130.1976167,744,19397888.24,3390345.94,22788234.18,551,5058.18,large_airport,medium_airport,11160000,985500,66150,12216708.18,10571526
10000,10000,AUS,IAD,466,177050,379.9356223,0.644988625,128.997725,329,16124563.37,1485408.803,17609972.17,1297,11906.46,large_airport,large_airport,6580000,326925,135300,7054131.46,10555840.71
10000,10000,IAH,MIA,663,156133,235.494721,0.647327249,129.4654498,767,23384625.79,3475500,26860125.79,964,8849.52,large_airport,large_airport,15340000,939825,99525,16388199.52,10471926.27
10000,10000,ATL,OKC,250,73212,292.848,0.650706861,130.1413721,481,18331699.1,2190930,20522629.1,761,6985.98,large_airport,large_airport,9620000,392325,89475,10108785.98,10413843.12
10000,10000,BNA,EWR,675,191241,283.32,0.638473891,127.6947781,600,21707090.73,2681590.341,24388681.07,748,6866.64,large_airport,large_airport,12000000,1782375,188325,13977566.64,10411114.43
10000,10000,CLT,ROC,127,50413,396.9527559,0.646345017,129.2690033,300,15394106.14,1357324.535,16751430.67,573,5260.14,large_airport,large_airport,6000000,289950,60300,6355510.14,10395920.53
10000,10000,CLT,IAH,532,117980,221.7669173,0.648474266,129.6948533,867,24936678.1,3935590.323,28872268.42,912,8372.16,large_airport,large_airport,17340000,997950,132450,18478772.16,10393496.26
10000,10000,DTW,STL,297,80598,271.3737374,0.664373746,132.8747493,610,21995817.56,2836875.897,24832693.46,440,4039.2,large_airport,large_airport,12200000,2012625,235050,14451714.2,10380979.26
10000,10000,BOS,SLC,652,276931,424.7407975,0.643735102,128.7470204,288,15749024.29,1297769.965,17046794.25,2105,19323.9,large_airport,large_airport,5760000,661125,239250,6679698.9,10367095.35
10000,10000,LGA,RDU,891,186790,209.640853,0.650954266,130.1908531,1137,31032506.54,5180945,36213451.54,431,3956.58,large_airport,large_airport,22740000,2572050,582750,25898756.58,10314694.96
10000,5000,DFW,GRR,176,74335,422.3579545,0.652186647,130.4373294,237,13056624.74,1081977.647,14138602.39,931,8546.58,large_airport,medium_airport,3555000,196425,75750,3835721.58,10302880.81
10000,10000,BOS,CVG,438,179822,410.5525114,0.652175446,130.4350891,297,15904484.67,1355872.752,17260357.42,752,6903.36,large_airport,large_airport,5940000,881700,152775,6981378.36,10278979.06
10000,10000,ATL,SBN,102,37687,369.4803922,0.656870498,131.3740996,334,16212411.38,1535763.224,17748174.6,566,5195.88,large_airport,large_airport,6680000,568275,223125,7476595.88,10271578.72
10000,10000,CLT,DEN,636,162791,255.9606918,0.649748031,129.9496063,635,21121364.37,2888130,24009494.37,1337,12273.66,large_airport,large_airport,12700000,849375,198150,13759798.66,10249695.71
10000,10000,ATL,SMF,369,164282,445.2086721,0.646754032,129.3508065,248,14281848.99,1122765,15404613.99,2092,19204.56,large_airport,large_airport,4960000,108750,140775,5228729.56,10175884.43
10000,10000,DTW,MEM,162,77371,477.5987654,0.652964602,130.5929204,226,14095849.96,1032990,15128839.96,610,5599.8,large_airport,large_airport,4520000,395250,109725,5030574.8,10098265.16
10000,10000,CLT,SRQ,101,36806,364.4158416,0.66057508,132.115016,313,15069323.88,1447320,16516643.88,547,5021.46,large_airport,large_airport,6260000,222525,13050,6500596.46,10016047.42
10000,10000,ATL,BDL,582,153540,263.814433,0.650185512,130.0371025,566,19417006.08,2576035,21993041.08,859,7885.62,large_airport,large_airport,11320000,437100,235725,12000710.62,9992330.462
5000,10000,EUG,SFO,105,36949,351.8952381,0.652896887,130.5793774,323,14841934.33,1476199.861,16318134.19,451,4140.18,medium_airport,large_airport,4845000,1412775,101325,6363240.18,9954894.013
10000,10000,BOI,SLC,297,79233,266.7777778,0.644440433,128.8880866,554,19049000.44,2499140,21548140.44,290,2662.2,large_airport,large_airport,11080000,393450,141975,11618087.2,9930053.244
10000,10000,MEM,MSP,138,65312,473.2753623,0.643235294,128.6470588,238,14490745.04,1071630,15562375.04,700,6426,large_airport,large_airport,4760000,711000,159750,5637176,9925199.043
10000,10000,EWR,LAS,1371,383715,279.8796499,0.638822939,127.7645878,564,20167911.37,2522072.963,22689984.33,2227,20443.86,large_airport,large_airport,11280000,1096200,388500,12785143.86,9904840.471
10000,10000,DFW,MSN,156,69152,443.2820513,0.639658884,127.9317769,250,14177465.12,1119403.048,15296868.17,821,7536.78,large_airport,large_airport,5000000,345000,45975,5398511.78,9898356.389
10000,10000,CLT,MSP,530,133746,252.3509434,0.653836381,130.7672762,642,21185515.62,2938340.697,24123856.32,930,8537.4,large_airport,large_airport,12840000,1030050,383100,14261687.4,9862168.92
10000,10000,LAX,MCO,1838,426355,231.9668118,0.647697889,129.5395778,758,22777053.21,3436685,26213738.21,2218,20361.24,large_airport,large_airport,15160000,821925,349350,16351636.24,9862101.973
10000,10000,CVG,IAH,303,98598,325.4059406,0.630231707,126.0463415,410,16816653.6,1808765,18625418.6,871,7995.78,large_airport,large_airport,8200000,389775,167025,8764795.78,9860622.824
10000,10000,FAI,SEA,229,69897,305.2270742,0.64766034,129.532068,444,17554292.2,2012928.337,19567220.54,1533,14072.94,large_airport,large_airport,8880000,526200,298875,9719147.94,9848072.596
5000,10000,OGG,SFO,830,212371,255.8686747,0.640789822,128.1579645,509,16690928.74,2283134.137,18974062.88,2338,21462.84,medium_airport,large_airport,7635000,1200450,302400,9159312.84,9814750.036
10000,10000,ATL,JAN,164,45092,274.9512195,0.648544554,129.7089109,505,18010129.73,2292605,20302734.73,341,3130.38,large_airport,large_airport,10100000,275025,113925,10492080.38,9810654.352
10000,10000,EWR,SLC,467,222162,475.7216274,0.659177778,131.8355556,225,14111330.63,1038205,15149535.63,1969,18075.42,large_airport,large_airport,4500000,707250,154650,5379975.42,9769560.214
10000,10000,CLT,SAT,259,78948,304.8185328,0.654838084,130.9676168,423,16886733.92,1938975.566,18825709.49,1095,10052.1,large_airport,large_airport,8460000,544500,85350,9099902.1,9725807.386
10000,10000,FLL,SFO,652,255248,391.4846626,0.649613445,129.9226889,301,15309684.75,1368735.528,16678420.28,2584,23721.12,large_airport,large_airport,6020000,788400,143400,6975521.12,9702899.161
10000,10000,IND,MIA,258,101294,392.6124031,0.663432401,132.6864802,272,14169665.34,1263175.292,15432840.63,1020,9363.6,large_airport,large_airport,5440000,271425,52200,5772988.6,9659852.032
10000,10000,MKE,PHL,154,65987,428.487013,0.641561116,128.3122231,250,13745030.3,1122731.952,14867762.25,690,6334.2,large_airport,large_airport,5000000,189225,64725,5260284.2,9607478.054
10000,10000,ATL,HNL,214,204543,955.8084112,0.649444444,129.8888889,90,11173400.33,409150,11582550.33,4502,41328.36,large_airport,large_airport,1800000,81075,148275,2070678.36,9511871.967
10000,10000,LGA,STL,688,151401,220.059593,0.644142485,128.828497,910,25798451.43,4103187.631,29901639.06,888,8151.84,large_airport,large_airport,18200000,1726800,474525,20409476.84,9492162.225
10000,10000,IAH,ORD,1606,303393,188.9122042,0.653811076,130.7622152,1241,30655899.68,5679656.818,36335556.5,925,8491.5,large_airport,large_airport,24820000,1768350,305775,26902616.5,9432939.999
10000,10000,LGA,SDF,250,79453,317.812,0.657980533,131.5961067,389,16269077.7,1791680.992,18060758.69,659,6049.62,large_airport,large_airport,7780000,760125,182775,8728949.62,9331809.074
10000,10000,CVG,DFW,570,158338,277.7859649,0.655731235,131.1462469,484,17632403.98,2221617.423,19854021.41,812,7454.16,large_airport,large_airport,9680000,735450,102900,10525804.16,9328217.246
10000,10000,ATL,ORD,2069,370239,178.9458676,0.647486037,129.4972073,1904,44121373.17,8629693.895,52751067.07,606,5563.08,large_airport,large_airport,38080000,4828500,546525,43460588.08,9290478.985
10000,5000,DFW,OGG,164,114300,696.9512195,0.645772358,129.1544715,123,11071767.07,556010,11627777.07,3711,34066.98,large_airport,medium_airport,1845000,313875,166575,2359516.98,9268260.093
10000,10000,CVG,EWR,488,125951,258.0963115,0.656522991,131.3045982,615,20841877.98,2826331.477,23668209.46,569,5223.42,large_airport,large_airport,12300000,1948350,245850,14499423.42,9168786.037
10000,10000,BOS,JFK,303,56713,187.1716172,0.651884131,130.3768262,1456,35530537.07,6644003.061,42174540.13,187,1716.66,large_airport,large_airport,29120000,3382050,564900,33068666.66,9105873.469
10000,10000,AUS,CLT,360,105507,293.075,0.672329114,134.4658228,395,15566385.55,1858990,17425375.55,1032,9473.76,large_airport,large_airport,7900000,331725,86700,8327898.76,9097476.79
10000,10000,MCO,SEA,737,308239,418.2347354,0.638901582,127.7803165,249,13307099.55,1113605.458,14420705.01,2554,23445.72,large_airport,large_airport,4980000,192825,128625,5324895.72,9095809.285
10000,10000,CLT,SYR,116,44455,383.2327586,0.637798053,127.5596105,286,13981116.13,1276871.701,15257987.83,603,5535.54,large_airport,large_airport,5720000,333900,108825,6168260.54,9089727.291
10000,10000,DFW,SLC,884,183560,207.6470588,0.644785239,128.9570477,940,25170898.58,4242686.87,29413585.45,989,9079.02,large_airport,large_airport,18800000,1339725,179025,20327829.02,9085756.426
10000,10000,ATL,LAS,1912,366089,191.4691423,0.654647672,130.9295343,1080,27074482.88,4949136.397,32023619.28,1747,16037.46,large_airport,large_airport,21600000,961500,379500,22957037.46,9066581.819
10000,10000,LAX,PHL,1549,374044,241.4744997,0.643375749,128.6751497,668,20755940.62,3008425,23764365.62,2402,22050.36,large_airport,large_airport,13360000,887550,444525,14714125.36,9050240.26
10000,10000,MSP,SNA,366,162642,444.3770492,0.649177778,129.8355556,225,12981586.74,1022455,14004041.74,1522,13971.96,large_airport,large_airport,4500000,301575,141675,4957221.96,9046819.778
5000,10000,ALB,CLT,139,50111,360.5107914,0.652267517,130.4535035,257,12086683.21,1173429.264,13260112.48,646,5930.28,medium_airport,large_airport,3855000,223275,133725,4217930.28,9042182.196
10000,10000,ORD,SEA,1154,237329,205.6577123,0.647027295,129.4054589,1084,28848742.02,4909643.112,33758385.13,1721,15798.78,large_airport,large_airport,21680000,2599575,433875,24729248.78,9029136.353
5000,10000,LIH,SEA,539,202764,376.1855288,0.643456912,128.6913823,252,12199782.6,1135057.992,13334840.59,2701,24795.18,medium_airport,large_airport,3780000,257025,255675,4317495.18,9017345.41
10000,10000,ORD,PDX,486,156044,321.0781893,0.64134006,128.268012,381,15691127.25,1710453.94,17401581.19,1739,15964.02,large_airport,large_airport,7620000,721350,127125,8484439.02,8917142.173
10000,5000,DFW,ROW,144,58101,403.4791667,0.646572052,129.3144105,229,11948228.56,1036455,12984683.56,435,3993.3,large_airport,medium_airport,3435000,621150,36300,4096443.3,8888240.263
10000,10000,BHM,DTW,148,64720,437.2972973,0.655866742,131.1733484,218,12504861.66,1000852.648,13505714.31,625,5737.5,large_airport,large_airport,4360000,227925,85875,4679537.5,8826176.81
10000,10000,DCA,SFO,553,282197,510.3019892,0.656256983,131.2513966,179,11989034.93,822290,12811324.93,2442,22417.56,large_airport,large_airport,3580000,289575,94350,3986342.56,8824982.373
10000,10000,DFW,ONT,435,126779,291.445977,0.65907289,131.8145781,402,15443565.06,1854631.114,17298196.17,1188,10905.84,large_airport,large_airport,8040000,406575,56250,8513730.84,8784465.33
10000,10000,ATL,TUS,153,77921,509.2875817,0.673952096,134.7904192,167,11464063.46,787850,12251913.46,1541,14146.38,large_airport,large_airport,3340000,81000,68325,3503471.38,8748442.084
5000,10000,JAC,ORD,103,50080,486.2135922,0.647999346,129.5998692,187,11783471.75,848231.1436,12631702.9,1162,10667.16,medium_airport,large_airport,2805000,1024725,68325,3908717.16,8722985.737
10000,10000,LGA,ORF,221,54600,247.0588235,0.648165119,129.6330238,650,20817538.52,2949151.29,23766689.81,296,2717.28,large_airport,large_airport,13000000,1620225,425475,15048417.28,8718272.53
10000,10000,DTW,RDU,350,117021,334.3457143,0.64559341,129.1186821,340,14677894.52,1536512.317,16214406.83,501,4599.18,large_airport,large_airport,6800000,590550,112725,7507874.18,8706532.652
10000,10000,ATL,PIT,591,122270,206.8866328,0.654149453,130.8298906,823,22276104.42,3768555,26044659.42,526,4828.68,large_airport,large_airport,16460000,543750,342675,17351253.68,8693405.736
10000,10000,LAX,SAT,672,148784,221.4047619,0.649976056,129.9952113,745,21442261.31,3389625.134,24831886.44,1211,11116.98,large_airport,large_airport,14900000,941175,291075,16143366.98,8688519.46
10000,10000,IND,LGA,454,118337,260.654185,0.64571986,129.1439719,551,18547716.13,2490541.498,21038257.63,660,6058.8,large_airport,large_airport,11020000,1064025,264600,12354683.8,8683573.826
10000,10000,IAD,STL,109,44093,404.5229358,0.657060908,131.4121817,242,12864536.45,1113061.179,13977597.63,696,6389.28,large_airport,large_airport,4840000,446100,48225,5340714.28,8636883.35
10000,10000,LAX,MSP,1499,346860,231.3942628,0.652456488,130.4912976,661,19958853.77,3018916.171,22977769.94,1535,14091.3,large_airport,large_airport,13220000,738300,376200,14348591.3,8629178.639
10000,10000,JFK,MSP,286,93610,327.3076923,0.654502752,130.9005505,341,14610062.17,1562298.07,16172360.24,1029,9446.22,large_airport,large_airport,6820000,458850,271350,7559646.22,8612714.023
10000,10000,EWR,MEM,141,58943,418.035461,0.645715914,129.1431829,255,13766539.64,1152602.907,14919142.55,946,8684.28,large_airport,large_airport,5100000,1128750,81000,6318434.28,8600708.272
10000,10000,BOI,DFW,111,53880,485.4054054,0.660670391,132.1340782,179,11480808.65,827820,12308628.65,1272,11676.96,large_airport,large_airport,3580000,107700,37950,3737326.96,8571301.689
10000,10000,DCA,RDU,496,109451,220.6673387,0.644424025,128.884805,817,23236024.86,3685460.998,26921485.86,227,2083.86,large_airport,large_airport,16340000,1839525,174450,18356058.86,8565427.002
10000,10000,MSP,RDU,333,122437,367.6786787,0.654649123,130.9298246,285,13719929.89,1306025,15025954.89,980,8996.4,large_airport,large_airport,5700000,626700,189750,6525446.4,8500508.495
10000,10000,DFW,MIA,1034,210134,203.2243714,0.655967017,131.1934033,876,23355646.5,4022389.745,27378036.24,1121,10290.78,large_airport,large_airport,17520000,1294725,77025,18902040.78,8475995.462
10000,10000,HNL,ORD,513,315830,615.6530214,0.64358156,128.7163121,141,11173486.69,635215,11808701.69,4243,38950.74,large_airport,large_airport,2820000,314775,162900,3336625.74,8472075.946
10000,5000,DFW,PSP,189,62080,328.4656085,0.664163569,132.8327138,269,11736733.12,1250620,12987353.12,1126,10336.68,large_airport,medium_airport,4035000,452550,19350,4517236.68,8470116.442
10000,10000,CLE,DFW,358,127150,355.1675978,0.652659298,130.5318597,296,13722763.36,1352310.066,15075073.43,1021,9372.78,large_airport,large_airport,5920000,601050,90975,6621397.78,8453675.648
10000,10000,CVG,PHL,338,84674,250.5147929,0.647652705,129.530541,573,18593458.44,2597735,21191193.44,507,4654.26,large_airport,large_airport,11460000,1094475,200400,12759529.26,8431664.184
10000,10000,MCO,SLC,904,304546,336.8871681,0.643258915,128.6517829,319,13825822.01,1436397.156,15262219.16,1931,17726.58,large_airport,large_airport,6380000,345750,92775,6836251.58,8425967.585
10000,10000,IAH,PDX,227,106979,471.2731278,0.658175314,131.6350629,185,11476672.54,852337.0321,12329009.58,1825,16753.5,large_airport,large_airport,3700000,131625,59175,3907553.5,8421456.075
10000,10000,EWR,MCI,226,91155,403.340708,0.666005819,133.2011638,234,12571755.7,1090917.532,13662673.24,1092,10024.56,large_airport,large_airport,4680000,472350,81450,5243824.56,8418848.676
10000,10000,LGA,MEM,352,113690,322.9829545,0.665324171,133.0648342,349,14999207.97,1625386.949,16624594.92,963,8840.34,large_airport,large_airport,6980000,1057725,176400,8222965.34,8401629.584
10000,10000,MIA,PIT,234,87719,374.8675214,0.65916996,131.8339921,253,12503331.31,1167390,13670721.31,1013,9299.34,large_airport,large_airport,5060000,123150,79725,5272174.34,8398546.968
10000,10000,OKC,ORD,152,43734,287.7236842,0.642210944,128.4421887,481,17775768.54,2162324.247,19938092.79,693,6361.74,large_airport,large_airport,9620000,1757850,166350,11550561.74,8387531.048
10000,5000,ORD,PSP,413,114632,277.559322,0.654106164,130.8212329,367,13326009.54,1680398.737,15006408.28,1652,15165.36,large_airport,medium_airport,5505000,927300,171900,6619365.36,8387042.921
10000,10000,EWR,JAX,388,119605,308.2603093,0.661205584,132.2411168,394,16061286.89,1823605,17884891.89,820,7527.6,large_airport,large_airport,7880000,1534800,106650,9528977.6,8355914.294
10000,10000,DTW,ORF,105,42470,404.4761905,0.647772988,129.5545976,250,13100437.52,1133602.729,14234040.25,529,4856.22,large_airport,large_airport,5000000,707325,168375,5880556.22,8353484.034
10000,10000,EWR,HNL,346,301431,871.1878613,0.640277778,128.0555556,90,10040440.1,403375,10443815.1,4962,45551.16,large_airport,large_airport,1800000,195450,85650,2126651.16,8317163.941
10000,10000,BUF,PHL,111,32306,291.045045,0.650044823,130.0089646,390,14757001.33,1774622.366,16531623.7,279,2561.22,large_airport,large_airport,7800000,323550,96525,8222636.22,8308987.477
10000,10000,PHL,PVD,127,36346,286.1889764,0.65848329,131.6966581,389,14661461.26,1793050,16454511.26,237,2175.66,large_airport,large_airport,7780000,202950,171450,8156575.66,8297935.6
10000,10000,CLT,DSM,101,37631,372.5841584,0.655094514,131.0189028,258,12594416.45,1183100.692,13777517.14,815,7481.7,large_airport,large_airport,5160000,268200,52500,5488181.7,8289335.443
10000,10000,BHM,IAH,217,61078,281.4654378,0.646256399,129.2512798,425,15461401.42,1922612.787,17384014.21,562,5159.16,large_airport,large_airport,8500000,468750,126825,9100734.16,8283280.049
5000,10000,OGG,PDX,612,204786,334.6176471,0.656476826,131.2953653,266,11686376.49,1222359.851,12908736.34,2562,23519.16,medium_airport,large_airport,3990000,442950,200250,4656719.16,8252017.18
10000,10000,IAD,SEA,604,185949,307.8625828,0.662008891,132.4017781,353,14388828.34,1635823.969,16024652.31,2306,21169.08,large_airport,large_airport,7060000,552825,156150,7790144.08,8234508.233
10000,10000,DFW,SJC,316,103272,326.8101266,0.648364486,129.6728972,321,13603471.52,1456875,15060346.52,1438,13200.84,large_airport,large_airport,6420000,352875,65550,6851625.84,8208720.679
10000,5000,DFW,GRI,166,63599,383.126506,0.642533732,128.5067465,223,10979257.99,1002995.156,11982253.15,561,5149.98,large_airport,medium_airport,3345000,352875,80625,3783649.98,8198603.17
10000,10000,CHS,ORD,285,89821,315.1614035,0.652895045,130.5790091,346,14239098.46,1581311.8,15820410.26,760,6976.8,large_airport,large_airport,6920000,541800,177525,7646301.8,8174108.465
10000,10000,LAX,MSY,1325,287916,217.2950943,0.647214872,129.4429744,740,20814219.27,3352573.038,24166792.31,1670,15330.6,large_airport,large_airport,14800000,921525,259500,15996355.6,8170436.709
10000,10000,ORD,ORF,176,53123,301.8352273,0.648705536,129.7411073,415,16251581.19,1884489.583,18136070.77,717,6582.06,large_airport,large_airport,8300000,1598025,125025,10029632.06,8106438.714
10000,5000,ATL,CAK,120,40197,334.975,0.650147986,130.0295972,252,10976279.41,1146861.047,12123140.46,528,4847.04,large_airport,medium_airport,3780000,222675,90075,4097597.04,8025543.418
10000,10000,EWR,SNA,511,202002,395.3072407,0.651234043,130.2468085,235,12099564.02,1071280,13170844.02,2434,22344.12,large_airport,large_airport,4700000,231225,193800,5147369.12,8023474.903
10000,10000,GSO,PHL,165,52504,318.2060606,0.646895398,129.3790797,333,13709346.02,1507913.174,15217259.19,365,3350.7,large_airport,large_airport,6660000,414150,132150,7209650.7,8007608.494
10000,10000,ATL,CVG,436,97524,223.6788991,0.65288961,130.5779221,616,17991835.93,2815260,20807095.93,373,3424.14,large_airport,large_airport,12320000,426225,55050,12804699.14,8002396.787
10000,10000,BNA,MSP,578,167021,288.9636678,0.648245556,129.6491111,417,15622439.08,1892228.777,17514667.85,695,6380.1,large_airport,large_airport,8340000,904875,270675,9521930.1,7992737.753
5000,10000,GRR,LGA,162,62389,385.117284,0.657979358,131.5958716,218,11048206.13,1004076.5,12052282.63,618,5673.24,medium_airport,large_airport,3270000,670575,121200,4067448.24,7984834.39
10000,5000,DTW,HPN,102,33793,331.3039216,0.64658719,129.317438,288,12338891.81,1303519.775,13642411.58,505,4635.9,large_airport,medium_airport,4320000,1222575,126450,5673660.9,7968750.684
10000,10000,GEG,SLC,177,55508,313.6045198,0.650542169,130.1084337,332,13546460.84,1511860,15058320.84,546,5012.28,large_airport,large_airport,6640000,340650,104850,7090512.28,7967808.556
10000,10000,DCA,MSP,673,148248,220.2793462,0.648359264,129.6718529,707,20194769.9,3208730,23403499.9,931,8546.58,large_airport,large_airport,14140000,944550,344175,15437271.58,7966228.322
5000,10000,PSP,SFO,850,160248,188.5270588,0.652829842,130.5659683,732,18018339.57,3345100.109,21363439.68,421,3864.78,medium_airport,large_airport,10980000,2307525,143625,13435014.78,7928424.901
10000,10000,DFW,GSO,117,53213,454.8119658,0.651184211,130.2368421,190,11254322.09,866075,12120397.09,999,9170.82,large_airport,large_airport,3800000,353625,41100,4203895.82,7916501.274
10000,10000,CAE,ORD,104,41835,402.2596154,0.633143069,126.6286138,241,12275956.18,1068112.358,13344068.54,666,6113.88,large_airport,large_airport,4820000,481350,140325,5447788.88,7896279.655
10000,10000,IAD,MSP,136,42891,315.375,0.649379832,129.8759663,349,14294911.88,1586434.929,15881346.8,908,8335.44,large_airport,large_airport,6980000,792000,211500,7991835.44,7889511.365
10000,10000,CLT,MIA,542,117052,215.9630996,0.652010041,130.4020083,705,19854225.44,3217669.554,23071895,650,5967,large_airport,large_airport,14100000,988275,90600,15184842,7887052.999
10000,5000,DEN,OGG,252,189989,753.9246032,0.648085106,129.6170213,94,9185817.365,426440,9612257.365,3302,30312.36,large_airport,medium_airport,1410000,175725,111300,1727337.36,7884920.005
10000,10000,CLT,CVG,309,64283,208.0355987,0.653550989,130.7101979,775,21074090.06,3545514.117,24619604.18,335,3075.3,large_airport,large_airport,15500000,1031100,200925,16735100.3,7884503.877
10000,10000,BNA,JFK,169,49498,292.887574,0.64454416,128.9088319,403,15215585.4,1818259.074,17033844.48,765,7022.7,large_airport,large_airport,8060000,906525,185700,9159247.7,7874596.775
10000,10000,IND,PHL,313,83662,267.2907348,0.654656103,130.9312206,423,14803605.02,1938436.721,16742041.74,588,5397.84,large_airport,large_airport,8460000,257700,150450,8873547.84,7868493.9
10000,10000,SLC,STL,261,100113,383.5747126,0.646209267,129.2418535,244,12096033.26,1103725.429,13199758.69,1156,10612.08,large_airport,large_airport,4880000,356325,92850,5339787.08,7859971.609
10000,10000,IAD,RDU,126,36872,292.6349206,0.661163793,132.2327586,348,13466181.14,1610595,15076776.14,224,2056.32,large_airport,large_airport,6960000,218025,44025,7224106.32,7852669.823
10000,10000,LGA,RSW,369,127473,345.4552846,0.644721311,128.9442623,305,13586065.43,1376480,14962545.43,1080,9914.4,large_airport,large_airport,6100000,810225,227250,7147389.4,7815156.031
5000,10000,ALB,ATL,184,61536,334.4347826,0.64904,129.808,250,10853077.57,1135820,11988897.57,853,7830.54,medium_airport,large_airport,3750000,248925,196200,4202955.54,7785942.025
10000,10000,LGA,MSY,543,168769,310.8084715,0.652988937,130.5977873,341,13841496.44,1558684.592,15400181.03,1183,10859.94,large_airport,large_airport,6820000,519225,267600,7617684.94,7782496.094
10000,10000,JFK,MSY,458,122622,267.7336245,0.663249663,132.6499327,439,15591017.95,2038166.216,17629184.17,1182,10850.76,large_airport,large_airport,8780000,677925,392175,9860950.76,7768233.405
10000,10000,ABQ,DFW,195,42947,220.2410256,0.653977111,130.7954223,643,18522591.04,2943550.978,21466142.02,569,5223.42,large_airport,large_airport,12860000,777900,75450,13718573.42,7747568.601
10000,10000,BDL,DTW,190,63842,336.0105263,0.62647619,125.2952381,315,13261663.45,1381380,14643043.45,549,5039.82,large_airport,large_airport,6300000,400050,194025,6899114.82,7743928.633
10000,10000,IAH,TYS,132,45252,342.8181818,0.656937762,131.3875523,282,12701855.79,1296795.141,13998650.93,771,7077.78,large_airport,large_airport,5640000,561300,70575,6278952.78,7719698.148
10000,10000,DFW,IND,397,109883,276.7833753,0.649502427,129.9004854,412,14813169.46,1873165,16686334.46,761,6985.98,large_airport,large_airport,8240000,656475,71100,8974560.98,7711773.483
10000,10000,MCO,SFO,810,267562,330.3234568,0.649230769,129.8461538,299,12824477.89,1358840,14183317.89,2446,22454.28,large_airport,large_airport,5980000,396375,89325,6488154.28,7695163.606
10000,5000,DFW,LCH,118,41028,347.6949153,0.647269206,129.4538411,227,10217370.4,1028510.768,11245881.17,295,2708.1,large_airport,medium_airport,3405000,137850,31050,3576608.1,7669273.072
10000,10000,ATL,ICT,130,47488,365.2923077,0.64374502,128.749004,251,11804786.22,1131060,12935846.22,782,7178.76,large_airport,large_airport,5020000,207600,44700,5279478.76,7656367.455
10000,10000,IAH,RDU,281,83865,298.4519573,0.656637168,131.3274336,339,13287081.14,1558200,14845281.14,1042,9565.56,large_airport,large_airport,6780000,337200,75450,7202215.56,7643065.579
10000,10000,IND,LAX,458,183232,400.069869,0.650792833,130.1585666,222,11560099.6,1011332.063,12571431.66,1814,16652.52,large_airport,large_airport,4440000,382500,126750,4965902.52,7605529.139
10000,10000,JFK,SEA,1412,292935,207.4610482,0.65021681,130.0433621,786,21205440.71,3577492.891,24782933.6,2422,22233.96,large_airport,large_airport,15720000,793050,642750,17178033.96,7604899.642
10000,10000,DTW,MIA,816,237687,291.2830882,0.65161157,130.322314,363,13779729.06,1655745,15435474.06,1145,10511.1,large_airport,large_airport,7260000,468150,163950,7902611.1,7532862.955
10000,10000,HNL,IAH,230,175010,760.9130435,0.661888889,132.3777778,90,9065518,416990,9482508,3904,35838.72,large_airport,large_airport,1800000,30900,94950,1961688.72,7520819.28
10000,10000,CMH,MIA,171,62440,365.1461988,0.628100369,125.6200738,265,12155468.49,1165126.184,13320594.68,990,9088.2,large_airport,large_airport,5300000,507675,41925,5858688.2,7461906.479
5000,10000,ACV,SFO,146,51771,354.5958904,0.646380205,129.276041,248,11368506.71,1122116.036,12490622.75,250,2295,medium_airport,large_airport,3720000,1234575,76350,5033220,7457402.747
10000,10000,DEN,IAH,1318,235852,178.9468892,0.654233034,130.8466068,1064,24913127.23,4872727.638,29785854.87,862,7913.16,large_airport,large_airport,21280000,883125,159750,22330788.16,7455066.706
10000,10000,CVG,ORD,481,87897,182.7380457,0.646956128,129.3912256,1366,32298659.79,6186194.496,38484854.29,264,2423.52,large_airport,large_airport,27320000,3443550,264075,31030048.52,7454805.769
10000,10000,EWR,PDX,357,138065,386.7366947,0.629553685,125.9107369,241,11735326.84,1062057.066,12797383.9,2434,22344.12,large_airport,large_airport,4820000,384975,137850,5365169.12,7432214.784
10000,10000,IAH,SAN,544,128750,236.6727941,0.660936255,132.187251,502,15705133.27,2322530,18027663.27,1303,11961.54,large_airport,large_airport,10040000,433725,116250,10601936.54,7425726.732
10000,10000,EWR,MKE,127,52018,409.5905512,0.643325598,128.6651196,224,11804803.86,1008734.537,12813538.4,725,6655.5,large_airport,large_airport,4480000,826350,77400,5390405.5,7423132.9
10000,5000,ATL,PNS,149,26927,180.7181208,0.659456843,131.8913687,625,14896975.19,2885123.69,17782098.88,271,2487.78,large_airport,medium_airport,9375000,897225,88575,10363287.78,7418811.098
10000,10000,ORD,PHL,1367,253109,185.1565472,0.649953531,129.9907062,1093,26307012.94,4972794.465,31279807.41,678,6224.04,large_airport,large_airport,21860000,1755600,276825,23898649.04,7381158.369
10000,10000,FLL,IAH,591,142589,241.2673435,0.649290284,129.8580568,501,15696584.7,2277061.026,17973645.73,966,8867.88,large_airport,large_airport,10020000,462750,100950,10592567.88,7381077.851
10000,10000,ORD,SRQ,318,108468,341.0943396,0.657673993,131.5347985,273,12248356.64,1256815,13505171.64,1050,9639,large_airport,large_airport,5460000,662325,53550,6185514,7319657.642
10000,10000,IAD,SAT,256,114744,448.21875,0.661465849,132.2931699,173,10258256.31,801035.1437,11059291.45,1362,12503.16,large_airport,large_airport,3460000,224625,49575,3746703.16,7312588.292
10000,5000,DEN,LIH,129,92602,717.8449612,0.663876404,132.7752809,89,8482773.907,413595,8896368.907,3414,31340.52,large_airport,medium_airport,1335000,105375,115125,1586840.52,7309528.387
10000,10000,BDL,DFW,268,130397,486.5559701,0.665629139,133.1258278,151,9780748.112,703570,10484318.11,1471,13503.78,large_airport,large_airport,3020000,115500,32925,3181928.78,7302389.332
10000,10000,CMH,JFK,134,41319,308.3507463,0.654914035,130.9828069,324,13085921.39,1485345.031,14571266.42,483,4433.94,large_airport,large_airport,6480000,619275,179775,7283483.94,7287782.481
10000,10000,MSP,SDF,140,59329,423.7785714,0.667372087,133.4744174,188,10633956.41,878261.6667,11512218.08,604,5544.72,large_airport,large_airport,3760000,439800,61350,4266694.72,7245523.359
10000,10000,ATL,RDU,986,164822,167.1622718,0.652859151,130.5718302,1239,27043261.19,5662247.415,32705508.6,356,3268.08,large_airport,large_airport,24780000,556650,124500,25464418.08,7241090.521
10000,5000,DFW,FAT,123,49897,405.6666667,0.653932584,130.7865169,178,9443920,814800,10258720,1313,12053.34,large_airport,medium_airport,2670000,314475,22725,3019253.34,7239466.66
10000,10000,PHL,RDU,600,132877,221.4616667,0.642311248,128.4622496,649,18463702.07,2918020,21381722.07,337,3093.66,large_airport,large_airport,12980000,881700,280575,14145368.66,7236353.413
10000,10000,PHL,PHX,1017,219851,216.1760079,0.647953125,129.590625,640,17929205.74,2902830,20832035.74,2075,19048.5,large_airport,large_airport,12800000,516300,302475,13637823.5,7194212.24
10000,10000,RDU,SFO,599,218075,364.0651085,0.648780817,129.7561634,246,11620964.16,1117200.567,12738164.73,2400,22032,large_airport,large_airport,4920000,540375,99225,5581632,7156532.726
10000,10000,DFW,JFK,417,105776,253.6594724,0.650043274,130.0086547,485,15994294.48,2206896.914,18201191.39,1391,12769.38,large_airport,large_airport,9700000,1083600,262275,11058644.38,7142547.013
10000,10000,DTW,SAT,301,130526,433.641196,0.652216069,130.4432139,184,10408061.43,840054.2973,11248115.73,1214,11144.52,large_airport,large_airport,3680000,237300,199725,4128169.52,7119946.211
5000,10000,EUG,SEA,140,25861,184.7214286,0.659476148,131.8952297,559,13619406.26,2580530.169,16199936.43,234,2148.12,medium_airport,large_airport,8385000,625500,73575,9086223.12,7113713.313
10000,10000,BOS,PHX,924,273159,295.6266234,0.649670487,129.9340974,349,13405780.49,1587145,14992925.49,2300,21114,large_airport,large_airport,6980000,709500,180900,7891514,7101411.49
10000,10000,ORD,SAN,1131,238665,211.0212202,0.659100854,131.8201709,698,19416163.6,3220366.774,22636530.37,1723,15817.14,large_airport,large_airport,13960000,1256250,310350,15542417.14,7094113.234
10000,10000,BUF,ORD,159,38737,243.6289308,0.64719779,129.4395579,516,16272174.09,2337678.417,18609852.51,473.2275796,4344.22918,large_airport,large_airport,10320000,1036050,168225,11528619.23,7081233.279
10000,5000,EWR,EYW,254,93665,368.7598425,0.63108269,126.216538,222,10332677.13,980702.5,11313379.63,1196,10979.28,large_airport,medium_airport,3330000,786825,116850,4244654.28,7068725.347
10000,10000,DFW,SEA,1140,229408,201.2350877,0.651043718,130.2087435,786,20595218.39,3582042.535,24177260.93,1660,15238.8,large_airport,large_airport,15720000,1153050,237525,17125813.8,7051447.127
10000,10000,ATL,IAH,1184,202812,171.2939189,0.654617902,130.9235805,1262,28302133.43,5782894.549,34085027.98,689,6325.02,large_airport,large_airport,25240000,1576050,219300,27041675.02,7043352.958
10000,10000,BOI,MSP,114,54757,480.3245614,0.657387097,131.4774194,155,9788534.237,713265,10501799.24,1142,10483.56,large_airport,large_airport,3100000,259950,97950,3468383.56,7033415.677
10000,10000,DAY,PHL,121,34936,288.7272727,0.653725605,130.7451209,340,12834891.94,1555866.939,14390758.88,477,4378.86,large_airport,large_airport,6800000,446475,114750,7365603.86,7025155.02
10000,10000,JFK,MIA,1214,235641,194.1029654,0.650680003,130.1360006,882,22279129.15,4017298.337,26296427.48,1089,9997.02,large_airport,large_airport,17640000,1231350,394200,19275547.02,7020880.464
10000,10000,ORD,PVD,116,40108,345.7586207,0.644144981,128.8289963,263,11715002.58,1185870.911,12900873.49,849,7793.82,large_airport,large_airport,5260000,517125,95700,5880618.82,7020254.674
10000,10000,CHS,IAH,114,44812,393.0877193,0.651930693,130.3861386,202,10353144.35,921830,11274974.35,925,8491.5,large_airport,large_airport,4040000,213450,23550,4285491.5,6989482.851
5000,10000,SBA,SFO,159,36420,229.0566038,0.645444649,129.0889299,482,14252099.84,2177730.247,16429830.08,262,2405.16,medium_airport,large_airport,7230000,2070375,143175,9445955.16,6983874.924
10000,5000,DFW,MAF,138,24546,177.8695652,0.660918954,132.1837909,606,14247952.89,2803618.204,17051571.09,309,2836.62,large_airport,medium_airport,9090000,927675,51750,10072261.62,6979309.471
10000,10000,ATL,OMA,293,74554,254.4505119,0.661746411,132.3492823,418,14076711.22,1936270,16012981.22,821,7536.78,large_airport,large_airport,8360000,580275,95100,9042911.78,6970069.442
10000,10000,DFW,PDX,311,84358,271.2475884,0.64515748,129.0314961,381,13334802.69,1720635,15055437.69,1616,14834.88,large_airport,large_airport,7620000,354900,99150,8088884.88,6966552.815
10000,10000,ABQ,SLC,167,57773,345.9461078,0.65702,131.404,250,11364675.59,1149785,12514460.59,493,4525.74,large_airport,large_airport,5000000,476775,70800,5552100.74,6962359.847
10000,10000,DCA,DFW,1061,217162,204.6767201,0.649579645,129.9159291,733,19491031.66,3332993.161,22824024.82,1192,10942.56,large_airport,large_airport,14660000,989400,205125,15865467.56,6958557.263
10000,10000,DFW,LGA,2277,396396,174.0869565,0.655798337,131.1596674,1475,33678951.3,6771117.832,40450069.13,1389,12751.02,large_airport,large_airport,29500000,3331200,653400,33497351.02,6952718.113
10000,10000,PHX,TPA,554,158390,285.9025271,0.65106879,130.2137579,343,12769355.76,1563216.164,14332571.92,1788,16413.84,large_airport,large_airport,6860000,441600,67050,7385063.84,6947508.084
10000,10000,MCI,PHL,308,128249,416.3928571,0.666505373,133.3010746,181,10046516.37,844462.3077,10890978.68,1038,9528.84,large_airport,large_airport,3620000,179700,152775,3962003.84,6928974.841
10000,10000,AUS,ORD,887,197353,222.4949267,0.645489524,129.0979048,625,17952268.04,2824016.667,20776284.7,977,8968.86,large_airport,large_airport,12500000,1155450,186825,13851243.86,6925040.844
10000,10000,ATL,CHS,221,41941,189.7782805,0.644757282,128.9514563,824,20165080.98,3718960,23884040.98,259,2377.62,large_airport,large_airport,16480000,330450,151125,16963952.62,6920088.357
10000,10000,MEM,MIA,124,51215,413.0241935,0.660683271,132.1366543,179,9769038.676,827836.1389,10596874.81,859,7885.62,large_airport,large_airport,3580000,64050,25200,3677135.62,6919739.195
10000,10000,DTW,OMA,117,46058,393.6581197,0.632832618,126.5665236,233,11608977.95,1032150,12641127.95,651,5976.18,large_airport,large_airport,4660000,1002525,68550,5737051.18,6904076.769
10000,10000,CLT,SLC,278,125206,450.381295,0.649355927,129.8711853,166,9709597.737,754551.5868,10464149.32,1727,15853.86,large_airport,large_airport,3320000,174150,52650,3562653.86,6901495.464
10000,10000,JAX,PHL,365,112665,308.6712329,0.650524161,130.1048321,296,11887247.2,1347886.061,13235133.26,742,6811.56,large_airport,large_airport,5920000,302400,117600,6346811.56,6888321.704
10000,10000,HNL,PHX,317,137612,434.1072555,0.637036082,127.4072165,194,10729829.03,865095,11594924.03,2917,26778.06,large_airport,large_airport,3880000,613275,201825,4721878.06,6873045.975
10000,10000,CLT,RSW,236,55347,234.5211864,0.639192658,127.8385317,507,15200287.97,2268494.745,17468782.71,600,5508,large_airport,large_airport,10140000,429000,45675,10620183,6848599.714
10000,10000,CLT,PVD,238,70119,294.6176471,0.641541621,128.3083242,330,12474625.87,1481961.145,13956587.01,683,6269.94,large_airport,large_airport,6600000,392100,111900,7110269.94,6846317.075
10000,10000,AUS,SEA,596,203562,341.5469799,0.656188525,131.2377049,244,10937017.39,1120770,12057787.39,1770,16248.6,large_airport,large_airport,4880000,247650,73350,5217248.6,6840538.789
10000,10000,DTW,PVD,112,38443,343.2410714,0.651892523,130.3785045,244,10919306.85,1113432.429,12032739.28,615,5645.7,large_airport,large_airport,4880000,170700,141675,5198020.7,6834718.578
10000,10000,MIA,STL,244,95469,391.2663934,0.6625,132.5,192,9953817.049,890400,10844217.05,1068,9804.24,large_airport,large_airport,3840000,137625,30825,4018254.24,6825962.809
10000,10000,AUS,JFK,917,203884,222.3380589,0.660191252,132.0382504,585,17173920.05,2703483.177,19877403.23,1521,13962.78,large_airport,large_airport,11700000,1025325,344025,13083312.78,6794090.45
10000,10000,LAS,PHL,786,258756,329.2061069,0.646697417,129.3394834,271,11539003.25,1226785,12765788.25,2176,19975.68,large_airport,large_airport,5420000,272400,261975,5974350.68,6791437.572
10000,10000,ATL,IND,605,105793,174.8644628,0.653206647,130.6413294,1013,23141504.72,4631888.333,27773393.05,432,3965.76,large_airport,large_airport,20260000,603825,125400,20993190.76,6780202.293
10000,10000,JFK,RDU,488,93499,191.5963115,0.651827641,130.3655282,917,22904417.34,4184081.629,27088498.97,427,3919.86,large_airport,large_airport,18340000,1681275,304800,20329994.86,6758504.111
10000,10000,BOS,DFW,1091,238742,218.8285976,0.651186802,130.2373603,642,18296781.02,2926433.486,21223214.51,1562,14339.16,large_airport,large_airport,12840000,1426125,198300,14478764.16,6744450.349
10000,10000,IAH,OMA,149,45255,303.7248322,0.639541265,127.9082529,311,12082011.84,1392281.333,13474293.17,781,7169.58,large_airport,large_airport,6220000,396450,109725,6733344.58,6740948.592
10000,10000,BNA,IAD,164,54482,332.2073171,0.664629174,132.9258349,253,11172210.55,1177058.268,12349268.82,542,4975.56,large_airport,large_airport,5060000,516225,29325,5610525.56,6738743.255
10000,10000,AUS,SLC,535,171235,320.0654206,0.648381818,129.6763636,275,11413852.96,1248135,12661987.96,1086,9969.48,large_airport,large_airport,5500000,299400,118275,5927644.48,6734343.483
10000,10000,MSP,SEA,754,160522,212.8938992,0.645044776,129.0089552,670,18401697.07,3025260,21426957.07,1399,12842.82,large_airport,large_airport,13400000,900675,383250,14696767.82,6730189.252
10000,10000,EWR,SEA,661,184731,279.4720121,0.644431496,128.8862993,380,13687643.09,1714187.781,15401830.87,2402,22050.36,large_airport,large_airport,7600000,818100,250875,8691025.36,6710805.512
10000,10000,FLL,SEA,407,175812,431.970516,0.667454545,133.4909091,165,9514582.585,770910,10285492.58,2717,24942.06,large_airport,large_airport,3300000,181275,78900,3585117.06,6700375.525
10000,10000,MEM,PHX,182,73096,401.6263736,0.668461538,133.6923077,182,9772372.923,851620,10623992.92,1264,11603.52,large_airport,large_airport,3640000,273450,38325,3963378.52,6660614.403
10000,10000,LAS,MIA,590,189044,320.4135593,0.658826715,131.765343,277,11694774.5,1277465,12972239.5,2174,19957.32,large_airport,large_airport,5540000,712800,56775,6329532.32,6642707.182
10000,10000,LGA,MSN,154,64861,421.1753247,0.649784946,129.9569892,186,10180649.95,846020,11026669.95,812,7454.16,large_airport,large_airport,3720000,599100,62400,4388954.16,6637715.788
10000,10000,MSP,PDX,406,110817,272.9482759,0.649949061,129.9898122,360,12772978.25,1637871.634,14410849.88,1426,13090.68,large_airport,large_airport,7200000,308925,256500,7778515.68,6632334.202
10000,10000,DTW,GSO,102,35291,345.9901961,0.653162177,130.6324355,242,10937805.15,1106456.728,12044261.88,460,4222.8,large_airport,large_airport,4840000,463200,106125,5413547.8,6630714.083
10000,10000,OMA,PHL,108,47258,437.5740741,0.649281227,129.8562454,164,9318763.119,745374.8485,10064137.97,1088,9987.84,large_airport,large_airport,3280000,39000,115350,3444337.84,6619800.127
10000,10000,ATL,JAX,515,83928,162.9669903,0.648014073,129.6028147,1279,27013734.24,5801670,32815404.24,270,2478.6,large_airport,large_airport,25580000,491400,125700,26199578.6,6615825.645
10000,10000,FLL,LAX,1262,302527,239.7202853,0.63949149,127.8982981,523,16035084.03,2341178.346,18376262.37,2343,21508.74,large_airport,large_airport,10460000,1069350,226500,11777358.74,6598903.633
10000,10000,DEN,DSM,228,59713,261.8991228,0.645471567,129.0943135,412,13929591.23,1861540,15791131.23,589,5407.02,large_airport,large_airport,8240000,870300,105750,9221457.02,6569674.211
10000,10000,DTW,PHX,1431,306120,213.9203354,0.638049072,127.6098145,649,17716618.97,2898656.935,20615275.91,1671,15339.78,large_airport,large_airport,12980000,619125,435975,14050439.78,6564836.125
10000,10000,BUF,CLT,155,46672,301.1096774,0.645373377,129.0746753,308,11970615.23,1391425,13362040.23,546,5012.28,large_airport,large_airport,6160000,576225,86850,6828087.28,6533952.946
10000,5000,LGA,XNA,204,68920,337.8431373,0.651033741,130.2067483,213,9369754.198,970691.3084,10340445.51,1147,10529.46,large_airport,medium_airport,3195000,531375,84525,3821429.46,6519016.047
10000,10000,DCA,PBI,505,153097,303.1623762,0.661063743,132.2127485,287,11503514.2,1328077.059,12831591.26,857,7867.26,large_airport,large_airport,5740000,491850,77925,6317642.26,6513948.998
10000,10000,IAH,MKE,117,49703,424.8119658,0.665576704,133.1153407,167,9443681.26,778059.1667,10221740.43,984,9033.12,large_airport,large_airport,3340000,314775,50400,3714208.12,6507532.307
10000,10000,DCA,PHX,727,237035,326.045392,0.646787896,129.3575793,259,10923698.64,1172626.456,12096325.1,1979,18167.22,large_airport,large_airport,5180000,297975,107325,5603467.22,6492857.879
10000,10000,CLE,SFO,275,144164,524.2327273,0.655984252,131.1968504,127,8734765.702,583170,9317935.702,2161,19837.98,large_airport,large_airport,2540000,217500,48075,2825412.98,6492522.722
5000,10000,LIH,PHX,123,67298,547.1382114,0.667748193,133.5496385,106,7745431.697,495469.1589,8240900.856,2979,27347.22,medium_airport,large_airport,1590000,22500,118200,1758047.22,6482853.636
10000,10000,ATL,MCI,721,127370,176.6574202,0.65419118,130.838236,915,21148893.89,4190094.507,25338988.4,692,6352.56,large_airport,large_airport,18300000,389550,171825,18867727.56,6471260.836
5000,10000,ELP,PHX,216,37774,174.8796296,0.637096604,127.4193209,617,13748637.93,2751620.234,16500258.16,347,3185.46,medium_airport,large_airport,9255000,694800,79950,10032935.46,6467322.699
10000,10000,CVG,MIA,243,75317,309.9465021,0.657100372,131.4200743,269,10957228.74,1237320,12194548.74,948,8702.64,large_airport,large_airport,5380000,294600,50100,5733402.64,6461146.101
10000,10000,ATL,EWR,2196,375584,171.0309654,0.646239316,129.2478632,1521,33622293.36,6880510,40502803.36,746,6848.28,large_airport,large_airport,30420000,3151350,489525,34067723.28,6435080.082
10000,10000,PHL,STL,470,106875,227.393617,0.646651884,129.3303767,504,14822086.69,2281387.846,17103474.53,814,7472.52,large_airport,large_airport,10080000,398400,187500,10673372.52,6430102.014
10000,10000,DFW,ICT,140,32349,231.0642857,0.64408509,128.8170181,501,14912271.14,2258806.412,17171077.56,328,3011.04,large_airport,large_airport,10020000,667950,55725,10746686.04,6424391.516
10000,10000,LAX,TPA,551,234214,425.0707804,0.657332505,131.4665011,162,9052976.048,745415.061,9798391.109,2158,19810.44,large_airport,large_airport,3240000,126600,37875,3424285.44,6374105.669
5000,10000,KOA,SFO,477,121421,254.5513627,0.651194386,130.2388773,308,10210964.97,1403975.097,11614940.07,2367,21729.06,medium_airport,large_airport,4620000,452400,150600,5244729.06,6370211.01
10000,10000,IAH,JAN,129,31003,240.3333333,0.650070037,130.0140074,430,13436080.91,1956710.812,15392791.72,351,3222.18,large_airport,large_airport,8600000,351450,69675,9024347.18,6368444.542
10000,10000,PHL,SLC,536,217545,405.8675373,0.651977343,130.3954687,179,9473268.505,816927.6111,10290196.12,1927,17689.86,large_airport,large_airport,3580000,190050,138375,3926114.86,6364081.256
10000,10000,ATL,PHL,1754,282801,161.232041,0.647269108,129.4538217,1493,31162051.11,6764609.452,37926660.56,666,6113.88,large_airport,large_airport,29860000,1255200,445050,31566363.88,6360296.683
10000,10000,MEM,PHL,165,66843,405.1090909,0.6535,130.7,174,9212909.924,795963,10008872.92,875,8032.5,large_airport,large_airport,3480000,89250,95025,3672307.5,6336565.424
10000,10000,DFW,TUS,306,65242,213.2091503,0.6473604,129.47208,592,16341942.25,2682661.498,19024603.75,813,7463.34,large_airport,large_airport,11840000,790875,72000,12710338.34,6314265.406
10000,10000,CMH,IAH,238,62135,261.0714286,0.662973507,132.5947014,353,12219690.9,1638207.535,13857898.44,986,9051.48,large_airport,large_airport,7060000,326250,152325,7547626.48,6310271.956
10000,10000,DFW,SNA,1142,220719,193.2740806,0.650452703,130.0905405,740,18605915.91,3369345,21975260.91,1205,11061.9,large_airport,large_airport,14800000,785325,70125,15666511.9,6308749.013
10000,10000,AUS,EWR,773,213961,276.7930142,0.645157327,129.0314653,363,12964547.98,1639344.767,14603892.75,1504,13806.72,large_airport,large_airport,7260000,859725,178050,8311581.72,6292311.032
10000,10000,IAH,SMF,177,74183,419.1129944,0.624021509,124.8043018,175,9153743.309,764426.3483,9918169.657,1609,14770.62,large_airport,large_airport,3500000,90600,27825,3633195.62,6284974.037
10000,10000,EWR,GSO,114,34907,306.2017544,0.651641391,130.3282782,314,12530718.7,1432307.778,13963026.47,445,4085.1,large_airport,large_airport,6280000,1300725,104250,7689060.1,6273966.374
10000,10000,MSY,SFO,425,165806,390.1317647,0.647474683,129.4949366,197,9952457.364,892867.5879,10845324.95,1911,17542.98,large_airport,large_airport,3940000,545250,70275,4573067.98,6272256.972
10000,10000,BWI,SFO,514,203546,396.0038911,0.640718085,128.143617,188,9540129.739,843185,10383314.74,2457,22555.26,large_airport,large_airport,3760000,262500,66075,4111130.26,6272184.479
10000,5000,DEN,SBA,173,44651,258.0982659,0.653642522,130.7285044,303,10223462.49,1386375.789,11609838.28,916,8408.88,large_airport,medium_airport,4545000,661650,125775,5340833.88,6269004.399
10000,10000,DTW,MSP,744,147330,198.0241935,0.646264769,129.2529537,739,18914861.61,3343127.648,22257989.26,528,4847.04,large_airport,large_airport,14780000,863700,359550,16008097.04,6249892.219
10000,10000,BOS,IND,377,110861,294.061008,0.660307863,132.0615726,286,11106569.52,1321936.341,12428505.86,818,7509.24,large_airport,large_airport,5720000,368925,88050,6184484.24,6244021.617
5000,10000,OGG,PHX,241,123685,513.2157676,0.634987045,126.997409,119,7756071.655,528944.2083,8285015.863,2845,26117.1,medium_airport,large_airport,1785000,124125,115875,2051117.1,6233898.763
10000,10000,IAH,SDF,138,43994,318.7971014,0.642310606,128.4621212,264,10811684.9,1186990,11998674.9,788,7233.84,large_airport,large_airport,5280000,427125,50475,5764833.84,6233841.059
10000,10000,ABQ,ATL,140,57649,411.7785714,0.654757576,130.9515152,165,8897299.593,756245,9653544.593,1269,11649.42,large_airport,large_airport,3300000,62400,58650,3432699.42,6220845.173
10000,10000,IAD,SAN,583,211919,363.4974271,0.645536396,129.1072792,213,9996124.891,962494.7664,10958619.66,2253,20682.54,large_airport,large_airport,4260000,406275,73350,4760307.54,6198312.117
10000,10000,DFW,IAH,761,123805,162.6872536,0.650970588,130.1941177,1477,31284223.92,6730384.912,38014608.83,224,2056.32,large_airport,large_airport,29540000,2199675,80775,31822506.32,6192102.509
10000,5000,MIA,PNS,143,38531,269.4475524,0.653078522,130.6157044,265,9326431.69,1211460.658,10537892.35,530,4865.4,large_airport,medium_airport,3975000,344250,23850,4347965.4,6189926.948
5000,10000,BZN,ORD,125,40965,327.72,0.643032407,128.6064815,216,9103733.88,972265,10075998.88,1185.976852,10887.2675,medium_airport,large_airport,3240000,560700,98625,3910212.268,6165786.613
10000,5000,DCA,PNS,150,55742,371.6133333,0.637543353,127.5086705,173,8197418.52,772065,8969483.52,816,7490.88,large_airport,medium_airport,2595000,174900,37050,2814440.88,6155042.64
10000,10000,ATL,MSN,158,47894,303.1265823,0.663339844,132.6679688,256,10295088.11,1188705,11483793.11,707,6490.26,large_airport,large_airport,5120000,166200,81375,5374065.26,6109727.854
10000,10000,DEN,HNL,423,288398,681.7919622,0.637303371,127.4606742,89,7734248.019,397040,8131288.019,3365,30890.7,large_airport,large_airport,1780000,128475,88425,2027790.7,6103497.319
10000,10000,SFO,STL,274,103971,379.4562044,0.644384968,128.8769936,202,9878441.315,911160.3448,10789601.66,1735,15927.3,large_airport,large_airport,4040000,532275,99450,4687652.3,6101949.36
10000,10000,SLC,SNA,578,137715,238.2612457,0.647312207,129.4624413,426,13140345.96,1930285,15070630.96,588,5397.84,large_airport,large_airport,8520000,419025,45750,8990172.84,6080458.12
10000,10000,DEN,SMF,627,121665,194.0430622,0.650764259,130.1528519,705,17804956.84,3211521.62,21016478.46,909,8344.62,large_airport,large_airport,14100000,683100,160350,14951794.62,6064683.84
10000,10000,DTW,MCI,420,101294,241.1761905,0.660507832,132.1015664,399,12712041.27,1844798.375,14556839.64,629,5774.22,large_airport,large_airport,7980000,375900,157575,8519249.22,6037590.42
10000,10000,ATL,PVD,204,65596,321.5490196,0.641361789,128.2723577,246,10146479.31,1104425,11250904.31,903,8289.54,large_airport,large_airport,4920000,197775,99075,5225139.54,6025764.774
10000,10000,DFW,IAD,567,133899,236.1534392,0.636304529,127.2609058,473,14215116.57,2106804.295,16321920.86,1172,10758.96,large_airport,large_airport,9460000,730650,104325,10305733.96,6016186.901
10000,10000,EWR,MIA,1604,317748,198.0972569,0.647650566,129.5301131,782,20065775.99,3545239.196,23611015.19,1085,9960.3,large_airport,large_airport,15640000,1684650,262950,17597560.3,6013454.888
10000,10000,ANC,DEN,110,67327,612.0636364,0.659421053,131.8842105,95,7668545.3,438515,8107060.3,2405,22077.9,large_airport,large_airport,1900000,131250,56025,2109352.9,5997707.4
10000,10000,CLT,PWM,117,38048,325.1965812,0.64623972,129.2479439,236,9919313.52,1067588.017,10986901.54,813,7463.34,large_airport,large_airport,4720000,181275,112950,5021688.34,5965213.197
10000,10000,PHL,SDF,120,43597,363.3083333,0.670027174,134.0054348,184,8958093.575,862995,9821088.575,576,5287.68,large_airport,large_airport,3680000,115500,69300,3870087.68,5951000.895
10000,10000,BOS,DEN,1430,298419,208.6846154,0.649593957,129.9187914,640,17351713.93,2910180.928,20261894.86,1754,16101.72,large_airport,large_airport,12800000,1214400,289950,14320451.72,5941443.143
10000,10000,EWR,PHX,1493,317547,212.6905559,0.652335011,130.4670023,629,17454183.43,2872231.056,20326414.48,2133,19580.94,large_airport,large_airport,12580000,1589175,197925,14386680.94,5939733.543
10000,10000,DFW,JAX,386,95105,246.3860104,0.649950649,129.9901297,406,13003266.28,1847159.743,14850426.02,918,8427.24,large_airport,large_airport,8120000,746700,49350,8924477.24,5925948.779
10000,10000,DEN,ICT,124,30765,248.1048387,0.662292746,132.4585492,386,12685352.3,1789515,14474867.3,420,3855.6,large_airport,large_airport,7720000,738300,91200,8553355.6,5921511.698
10000,10000,LAX,RDU,565,209934,371.5646018,0.640371641,128.0743283,193,9184462.15,865142.0876,10049604.24,2239,20554.02,large_airport,large_airport,3860000,144225,107250,4132029.02,5917575.218
10000,5000,DCA,HPN,138,29667,214.9782609,0.649557308,129.9114616,392,10947830.91,1782385.253,12730216.16,234,2148.12,large_airport,medium_airport,5880000,819600,112650,6814398.12,5915818.041
10000,10000,CLE,MIA,224,72257,322.5758929,0.637237761,127.4475522,241,9907873.415,1075020.103,10982893.52,1080,9914.4,large_airport,large_airport,4820000,189825,52650,5072389.4,5910504.118
10000,10000,COS,DFW,159,40487,254.6352201,0.661381359,132.2762719,350,11788769.16,1620384.33,13409153.49,592,5434.56,large_airport,large_airport,7000000,476100,31425,7512959.56,5896193.933
10000,10000,PHL,SAV,188,63049,335.3670213,0.639079099,127.8158199,225,9644672.426,1006549.581,10651222.01,629,5774.22,large_airport,large_airport,4500000,168825,83175,4757774.22,5893447.788
5000,10000,FAT,PHX,271,54035,199.3911439,0.647268109,129.4536217,425,10970059.93,1925622.623,12895682.55,493,4525.74,medium_airport,large_airport,6375000,595425,35700,7010650.74,5885031.812
10000,10000,JAX,MIA,184,41737,226.8315217,0.647811111,129.5622222,450,13224958.21,2040605,15265563.21,335,3075.3,large_airport,large_airport,9000000,351375,29325,9383775.3,5881787.912
10000,10000,ORD,SAV,190,61236,322.2947368,0.640352852,128.0705704,261,10773158.87,1169924.66,11943083.53,773,7096.14,large_airport,large_airport,5220000,790950,45975,6064021.14,5879062.393
10000,10000,DFW,RIC,300,119586,398.62,0.644281609,128.8563218,174,8937459.02,784735,9722194.02,1158,10630.44,large_airport,large_airport,3480000,312600,41700,3844930.44,5877263.58
10000,10000,CID,DFW,124,38978,314.3387097,0.643289963,128.6579927,247,9989220.29,1112248.347,11101468.64,685,6288.3,large_airport,large_airport,4940000,250125,37950,5234363.3,5867105.337
10000,10000,ATL,PBI,646,109234,169.0928793,0.649453125,129.890625,1024,22490705.68,4655280,27145985.68,545,5003.1,large_airport,large_airport,20480000,579075,218025,21282103.1,5863882.584
10000,10000,JFK,PHX,1213,246866,203.5169002,0.655424197,131.0848394,660,17607466.92,3028059.789,20635526.7,2153,19764.54,large_airport,large_airport,13200000,1173750,410925,14804439.54,5831087.165
10000,10000,MSP,RIC,116,53468,460.9310345,0.639962919,127.9925838,145,8554384.341,649562.363,9203946.704,970,8904.6,large_airport,large_airport,2900000,424800,62625,3396329.6,5807617.104
10000,10000,BNA,SFO,451,141053,312.7560976,0.628577141,125.7154282,281,11048432.95,1236411.237,12284844.19,1969,18075.42,large_airport,large_airport,5620000,712125,140175,6490375.42,5794468.771
10000,10000,DFW,SMF,363,87686,241.5592287,0.652493606,130.4987212,391,12325559.64,1785875,14111434.64,1431,13136.58,large_airport,large_airport,7820000,434850,61350,8329336.58,5782098.062
10000,10000,GSP,PHL,162,52659,325.0555556,0.654427313,130.8854626,227,9657725.611,1039885,10697610.61,515,4727.7,large_airport,large_airport,4540000,284400,88575,4917702.7,5779907.911
10000,10000,MSP,SAT,311,120618,387.8392283,0.651097389,130.2194777,178,8989751.473,811267.3464,9801018.819,1097,10070.46,large_airport,large_airport,3560000,352950,107400,4030420.46,5770598.359
10000,10000,DSM,IAH,114,39251,344.3070175,0.646069239,129.2138478,215,9565185.429,972334.2045,10537519.63,802,7362.36,large_airport,large_airport,4300000,405000,60450,4772812.36,5764707.274
5000,10000,CHO,LGA,132,34575,261.9318182,0.640318792,128.0637584,298,9996103.977,1335705,11331808.98,305,2799.9,medium_airport,large_airport,4470000,963525,138000,5574324.9,5757484.077
10000,10000,CAE,PHL,110,34922,317.4727273,0.640648536,128.1297071,239,9721967.327,1071805,10793772.33,523,4801.14,large_airport,large_airport,4780000,170475,88650,5043926.14,5749846.187
10000,10000,BOS,SEA,813,195613,240.6063961,0.648406761,129.6813521,432,13479334.32,1960782.044,15440116.36,2496,22913.28,large_airport,large_airport,8640000,697125,383325,9743363.28,5696753.079
10000,10000,EWR,SDF,201,67290,334.7761194,0.646541383,129.3082766,245,10605884.15,1108818.472,11714702.62,642,5893.56,large_airport,large_airport,4900000,1039800,74625,6020318.56,5694384.062
10000,10000,MSP,SFO,1317,290802,220.8063781,0.650809672,130.1619344,564,16209690.11,2569396.585,18779086.69,1589,14587.02,large_airport,large_airport,11280000,1414275,391125,13099987.02,5679099.673
10000,10000,MCI,MIA,130,53298,409.9846154,0.649512987,129.9025974,154,8201742.231,700175,8901917.231,1251,11484.18,large_airport,large_airport,3080000,139050,26400,3256934.18,5644983.051
10000,10000,DFW,DSM,167,50697,303.5748503,0.642979967,128.5959934,269,10501359.04,1210731.278,11712090.32,624,5728.32,large_airport,large_airport,5380000,633375,53175,6072278.32,5639811.998
10000,10000,ORD,SUX,147,51221,348.4421769,0.655958971,131.1917942,206,9416827.401,945892.8365,10362720.24,436,4002.48,large_airport,large_airport,4120000,567450,40650,4732102.48,5630617.758
10000,10000,LGA,MIA,2893,471131,162.8520567,0.649026737,129.8053475,1499,31687462.64,6810237.555,38497700.19,1096,10061.28,large_airport,large_airport,29980000,2163075,719700,32872836.28,5624863.914
10000,10000,CVG,DCA,393,89595,227.9770992,0.652407643,130.4815287,458,13624034.59,2091618.905,15715653.49,411,3772.98,large_airport,large_airport,9160000,811875,119325,10094972.98,5620680.512
10000,10000,FLL,SLC,491,178386,363.311609,0.664490165,132.8980329,181,8739295.068,841909.0385,9581204.106,2084,19131.12,large_airport,large_airport,3620000,228150,94500,3961781.12,5619422.986
10000,10000,CLT,DCA,574,103969,181.130662,0.662139728,132.4279457,760,18229938.72,3522583.355,21752522.07,331,3038.58,large_airport,large_airport,15200000,763275,177225,16143538.58,5608983.492
10000,10000,DTW,SAN,607,215345,354.7693575,0.66510929,133.0218579,183,8636150.47,852005,9488155.47,1956,17956.08,large_airport,large_airport,3660000,82050,126225,3886231.08,5601924.39
5000,10000,KOA,PHX,114,57481,504.2192982,0.672305446,134.4610891,100,6779787.599,470613.8119,7250401.411,2860,26254.8,medium_airport,large_airport,1500000,27150,103050,1656454.8,5593946.611
10000,5000,DEN,KOA,170,98520,579.5294118,0.656516854,131.3033708,89,6772380.706,409010,7181390.706,3329,30560.22,large_airport,medium_airport,1335000,114300,120975,1600835.22,5580555.486
10000,10000,HNL,PDX,646,223976,346.7120743,0.642658537,128.5317073,205,9135516.446,922215,10057731.45,2603,23895.54,large_airport,large_airport,4100000,292275,95400,4511570.54,5546160.906
10000,10000,DFW,GSP,152,59256,389.8421053,0.646316916,129.2633832,169,8516300.297,764592.9118,9280893.209,862,7913.16,large_airport,large_airport,3380000,329100,21750,3738763.16,5542130.049
10000,10000,BNA,CLT,579,102399,176.8549223,0.643089373,128.6178746,912,20744994.24,4105482.557,24850476.8,328,3011.04,large_airport,large_airport,18240000,915900,172350,19331261.04,5519215.76
10000,10000,DEN,LGA,1766,318987,180.6268403,0.656043445,131.208689,926,21946024.9,4252473.609,26198498.51,1620,14871.6,large_airport,large_airport,18520000,1597275,554025,20686171.6,5512326.91
10000,10000,IAH,MSY,505,90339,178.8891089,0.651070213,130.2140425,794,18495335.98,3618648.241,22113984.22,305,2799.9,large_airport,large_airport,15880000,651225,80100,16614124.9,5499859.322
10000,10000,MIA,SDF,155,54287,350.2387097,0.662277778,132.4555556,180,8350391.316,834470,9184861.316,910,8353.8,large_airport,large_airport,3600000,60225,21825,3690403.8,5494457.516
10000,10000,EWR,ROC,139,39106,281.3381295,0.643792345,128.7584689,322,11664342.71,1451107.945,13115450.66,246,2258.28,large_airport,large_airport,6440000,1083300,96900,7622458.28,5492992.376
10000,5000,EWR,GRR,103,40966,397.7281553,0.640419768,128.0839537,155,7896102.167,694855.4487,8590957.616,605,5553.9,large_airport,medium_airport,2325000,766125,28050,3124728.9,5466228.716
10000,10000,DFW,MEM,390,77113,197.725641,0.664123733,132.8247465,608,15967817.76,2826510.607,18794328.37,431,3956.58,large_airport,large_airport,12160000,1090875,96900,13351731.58,5442596.785
10000,5000,ATL,MLB,132,26094,197.6818182,0.648156499,129.6312997,377,9660908.136,1710485,11371393.14,442,4057.56,large_airport,medium_airport,5655000,238800,41475,5939332.56,5432060.576
10000,10000,BNA,LAX,1082,227737,210.4778189,0.647755315,129.5510631,517,14097362.22,2344226.486,16441588.71,1797,16496.46,large_airport,large_airport,10340000,431475,222075,11010046.46,5431542.249
5000,10000,BZN,SEA,192,49365,257.109375,0.646634981,129.3269962,263,8745061.172,1190455,9935516.172,543,4984.74,medium_airport,large_airport,3945000,532275,30975,4513234.74,5422281.432
10000,10000,CHS,DFW,146,58454,400.369863,0.619618679,123.9237358,170,8434605.952,737346.2281,9171952.18,987,9060.66,large_airport,large_airport,3400000,324375,21075,3754510.66,5417441.52
5000,10000,PSP,SLC,161,38556,239.4782609,0.64297619,128.5952381,294,9053954.609,1323245,10377199.61,541,4966.38,medium_airport,large_airport,4410000,446250,105525,4966741.38,5410458.229
10000,10000,DEN,FLL,1136,230603,202.9955986,0.651222696,130.2445392,552,14594365.64,2516324.496,17110690.14,1703,15633.54,large_airport,large_airport,11040000,469875,181125,11706633.54,5404056.596
10000,10000,DCA,IND,417,92272,221.2757794,0.642221768,128.4443535,468,13301320.23,2103918.511,15405238.74,500,4590,large_airport,large_airport,9360000,549375,103050,10017015,5388223.745
10000,10000,IAH,RSW,206,57035,276.868932,0.659823176,131.9646353,267,9755354.339,1233209.517,10988563.86,861,7903.98,large_airport,large_airport,5340000,171375,81225,5600503.98,5388059.876
10000,10000,EWR,SAT,365,138375,379.109589,0.657340971,131.4681943,170,8472945.026,782235.7558,9255180.782,1569,14403.42,large_airport,large_airport,3400000,397125,58275,3869803.42,5385377.362
10000,10000,DCA,RSW,509,127025,249.5579568,0.652815934,130.5631868,364,11860241.9,1663375,13523616.9,892,8188.56,large_airport,large_airport,7280000,711075,144825,8144088.56,5379528.336
10000,10000,CHS,MIA,164,46375,282.7743902,0.672504349,134.5008699,244,9280149.956,1148637.429,10428787.39,489,4489.02,large_airport,large_airport,4880000,140850,26775,5052114.02,5376673.365
5000,10000,EGE,EWR,170,104938,617.2823529,0.631761364,126.3522727,88,6863562.482,389165,7252727.482,1725,15835.5,medium_airport,large_airport,1320000,516225,30000,1882060.5,5370666.982
10000,10000,IAD,JAX,120,33758,281.3166667,0.662310606,132.4621212,264,9837643.833,1223950,11061593.83,630,5783.4,large_airport,large_airport,5280000,402900,15900,5704583.4,5357010.433
10000,5000,ATL,ELP,137,44229,322.8394161,0.647541436,129.5082873,181,7567678.752,820435,8388113.752,1282,11768.76,large_airport,medium_airport,2715000,217500,96900,3041168.76,5346944.992
10000,10000,MSN,SFO,139,85265,613.4172662,0.651093023,130.2186047,86,6869537.281,391958,7261495.281,1772,16266.96,large_airport,large_airport,1720000,122250,57375,1915891.96,5345603.321
10000,10000,DFW,RNO,144,54161,376.1180556,0.654371257,130.8742515,167,8220436.222,764960,8985396.222,1345,12347.1,large_airport,large_airport,3340000,279300,27150,3658797.1,5326599.122
10000,10000,MCI,SFO,277,88574,319.7617329,0.641448567,128.2897135,238,9763269.579,1068653.313,10831922.89,1499,13760.82,large_airport,large_airport,4760000,618375,136425,5528560.82,5303362.072
10000,10000,HNL,JFK,262,164324,627.1908397,0.61625,123.25,92,7111716.931,396865,7508581.931,4983,45743.94,large_airport,large_airport,1840000,249825,74325,2209893.94,5298687.991
10000,10000,DFW,STL,406,77814,191.6600985,0.652497018,130.4994036,680,17007839.41,3105885.805,20113725.22,550,5049,large_airport,large_airport,13600000,1127175,92625,14824849,5288876.218
10000,10000,IND,SFO,199,100331,504.1758794,0.654862385,130.9724771,109,7197614.854,499660,7697274.854,1943,17836.74,large_airport,large_airport,2180000,170025,45375,2413236.74,5284038.114
10000,10000,BOS,IAH,610,165969,272.0803279,0.656389132,131.2778263,286,10215380.61,1314091.042,11529471.65,1597,14660.46,large_airport,large_airport,5720000,408300,107250,6250210.46,5279261.195
10000,10000,JFK,PDX,417,127840,306.5707434,0.642860082,128.5720165,243,9578189.736,1093505,10671694.74,2454,22527.72,large_airport,large_airport,4860000,268575,245775,5396877.72,5274817.016
10000,10000,PHL,SAN,469,203752,434.4392324,0.654429599,130.8859198,139,7903815.018,636760,8540575.018,2370,21756.6,large_airport,large_airport,2780000,363675,111375,3276806.6,5263768.418
10000,10000,SJC,SLC,565,113058,200.1026549,0.657684235,131.5368471,567,14923934.6,2610348.73,17534283.33,584,5361.12,large_airport,large_airport,11340000,869175,86925,12301461.12,5232822.212
10000,5000,DEN,FAR,114,26625,233.5526316,0.652570121,130.5140241,326,9937097.376,1489165.015,11426262.39,627,5755.86,large_airport,medium_airport,4890000,1258200,53475,6207430.86,5218831.532
10000,10000,BNA,MIA,302,83601,276.8245033,0.651857904,130.3715808,268,9672132.888,1222885.428,10895018.32,806,7399.08,large_airport,large_airport,5360000,294675,24225,5686299.08,5208719.235
10000,10000,GSO,LGA,337,71912,213.388724,0.656245548,131.2491096,519,14535674.54,2384140.077,16919814.62,461,4231.98,large_airport,large_airport,10380000,1065225,261975,11711431.98,5208382.637
10000,10000,DEN,RIC,220,77395,351.7954545,0.65868291,131.7365819,176,8156602.206,811497.3446,8968099.551,1482,13604.76,large_airport,large_airport,3520000,145725,101625,3780954.76,5187144.791
10000,10000,BOS,MIA,1124,223214,198.588968,0.649465048,129.8930096,587,15141852.09,2668651.881,17810503.97,1258,11548.44,large_airport,large_airport,11740000,652200,230550,12634298.44,5176205.527
10000,10000,ORD,SJC,279,97593,349.7956989,0.637868608,127.5737215,191,8523325.164,852830.3283,9376155.492,1829,16790.22,large_airport,large_airport,3820000,305100,60075,4201965.22,5174190.272
10000,10000,SEA,SLC,1299,222263,171.1031563,0.649134964,129.8269927,973,21614035.4,4421258.238,26035293.64,689,6325.02,large_airport,large_airport,19460000,1117275,288750,20872350.02,5162943.623
10000,10000,BOS,SAN,935,269501,288.2363636,0.659441205,131.888241,249,9465731.758,1149406.02,10615137.78,2588,23757.84,large_airport,large_airport,4980000,268575,200700,5473032.84,5142104.938
5000,10000,BUR,PDX,525,108646,206.9447619,0.642884068,128.5768136,340,9046821.345,1530064.082,10576885.43,817,7500.06,medium_airport,large_airport,5100000,236700,93975,5438175.06,5138710.367
10000,10000,ATL,DAB,134,29556,220.5671642,0.653928571,130.7857143,406,11711895.85,1858465,13570360.85,366,3359.88,large_airport,large_airport,8120000,283425,30675,8437459.88,5132900.971
10000,10000,ORD,SMF,252,92622,367.547619,0.65933908,131.8678161,174,8433380.119,803075,9236455.119,1781,16349.58,large_airport,large_airport,3480000,575775,45225,4117349.58,5119105.539
10000,10000,AUS,DTW,482,129748,269.186722,0.656105034,131.2210069,282,9961072.662,1295151.338,11256224,1149,10547.82,large_airport,large_airport,5640000,190950,318675,6160172.82,5096051.18
10000,5000,EWR,JAC,161,97448,605.2670807,0.624774793,124.9549586,86,6504276.578,376114.4253,6880391.003,1874,17203.32,large_airport,medium_airport,1290000,408375,72075,1787653.32,5092737.683
10000,10000,BOS,CMH,308,84255,273.5551948,0.648680989,129.7361978,282,10008183.06,1280496.272,11288679.33,640,5875.2,large_airport,large_airport,5640000,433125,119625,6198625.2,5090054.134
10000,10000,SLC,TUS,155,46830,302.1290323,0.6390625,127.8125,240,9267808.065,1073625,10341433.06,601,5517.18,large_airport,large_airport,4800000,347175,99750,5252442.18,5088990.885
10000,10000,MCI,SLC,294,83522,284.0884354,0.655445344,131.0890688,247,9198499.449,1133265,10331764.45,920,8445.6,large_airport,large_airport,4940000,219825,79050,5247320.6,5084443.849
10000,5000,LAX,XNA,123,63544,516.6178862,0.663258427,132.6516854,89,6099190.764,413210,6512400.764,1371,12585.78,large_airport,medium_airport,1335000,11925,72000,1431510.78,5080889.984
10000,5000,PHX,SBA,132,27188,205.969697,0.644113253,128.8226506,347,9207146.123,1564551.092,10771697.21,455,4176.9,large_airport,medium_airport,5205000,456150,33975,5699301.9,5072395.315
10000,10000,DFW,PIT,422,114504,271.3364929,0.639404762,127.8809524,294,10201438.12,1315895,11517333.12,1067,9795.06,large_airport,large_airport,5880000,488325,68400,6446520.06,5070813.063
10000,10000,BWI,PHX,664,158774,239.1174699,0.649741797,129.9483594,355,11030887.63,1614608.365,12645496,1999,18350.82,large_airport,large_airport,7100000,302550,157875,7578775.82,5066720.179
10000,10000,DEN,MIA,843,184874,219.3048636,0.656861233,131.3722467,454,13079999.98,2087505,15167504.98,1709,15688.62,large_airport,large_airport,9080000,914325,94575,10104588.62,5062916.359
10000,10000,CVG,LGA,547,114356,209.0603291,0.643578038,128.7156077,592,15930321.76,2666987.391,18597309.15,585,5370.3,large_airport,large_airport,11840000,1386075,308025,13539470.3,5057838.847
10000,10000,MCO,PHX,970,220166,226.9752577,0.651807294,130.3614588,393,11628408.5,1793121.865,13421530.37,1849,16973.82,large_airport,large_airport,7860000,409650,85275,8371898.82,5049631.547
10000,10000,CMH,LAX,508,159752,314.4724409,0.648963027,129.7926054,216,8816298.646,981232.0968,9797530.743,1995,18314.1,large_airport,large_airport,4320000,256875,155100,4750289.1,5047241.643
10000,10000,MSP,SLC,743,156860,211.1170929,0.650773271,130.1546541,465,12777210.57,2118266.996,14895477.57,991,9097.38,large_airport,large_airport,9300000,391725,150450,9851272.38,5044205.189
10000,10000,DCA,MEM,338,88111,260.683432,0.64979917,129.9598339,295,9994120.779,1341835.285,11335956.06,762,6995.16,large_airport,large_airport,5900000,281100,111450,6299545.16,5036410.904
10000,10000,SAT,SLC,353,104606,296.3342776,0.659369565,131.873913,230,8988114.975,1061585,10049699.97,1087,9978.66,large_airport,large_airport,4600000,302025,107100,5019103.66,5030596.315
10000,10000,IND,JFK,104,33383,320.9903846,0.650826415,130.1652831,206,8607051.68,938491.6908,9545543.371,665,6104.7,large_airport,large_airport,4120000,315750,80550,4522404.7,5023138.671
10000,10000,MIA,SEA,250,132718,530.872,0.679086022,135.8172043,93,6705444.232,442085,7147529.232,2724,25006.32,large_airport,large_airport,1860000,205950,52350,2143306.32,5004222.912
10000,10000,ANC,PDX,272,90933,334.3125,0.6475,129.5,186,8052585.188,843045,8895630.188,1542,14155.56,large_airport,large_airport,3720000,88950,73875,3896980.56,4998649.627
10000,10000,ATL,CLE,810,139352,172.0395062,0.654604317,130.9208633,834,18784649.6,3821580,22606229.6,554,5085.72,large_airport,large_airport,16680000,699675,225525,17610285.72,4995943.88
5000,10000,MRY,PHX,120,28650,238.75,0.647050462,129.4100923,261,8064028.139,1182161.193,9246189.332,598,5489.64,medium_airport,large_airport,3915000,308625,25050,4254164.64,4992024.692
10000,5000,DEN,PSP,402,73859,183.7288557,0.647700888,129.5401776,435,10353116.84,1972249.205,12325366.05,776,7123.68,large_airport,medium_airport,6525000,735825,84450,7352398.68,4972967.369
10000,10000,EWR,GSP,106,32449,306.1226415,0.654077913,130.8155825,242,9691038.024,1108007.984,10799046.01,594,5452.92,large_airport,large_airport,4840000,893325,94950,5833727.92,4965318.088
10000,10000,PDX,SLC,673,125530,186.5230312,0.644145768,128.8291536,638,15330887.5,2876755,18207642.5,630,5783.4,large_airport,large_airport,12760000,300675,195000,13261458.4,4946184.104
10000,10000,BDL,IAH,121,71878,594.0330579,0.653597561,130.7195122,82,6367440.347,375165,6742605.347,1507,13834.26,large_airport,large_airport,1640000,102525,43950,1800309.26,4942296.087
5000,10000,HOB,IAH,230,76327,331.8565217,0.634308881,126.8617761,163,6862284.967,723746.4329,7586031.4,501,4599.18,medium_airport,large_airport,2445000,166275,37725,2653599.18,4932432.22
10000,10000,ATL,ROC,191,57087,298.8848168,0.6349,126.98,250,9488098.508,1111075,10599173.51,749,6875.82,large_airport,large_airport,5000000,600525,68325,5675725.82,4923447.688
10000,10000,BNA,SEA,361,128714,356.5484765,0.651647399,130.3294798,173,8039098.499,789145,8828243.499,1978,18158.04,large_airport,large_airport,3460000,285750,156525,3920433.04,4907810.459
10000,10000,DCA,MSY,841,164158,195.1938169,0.659594971,131.9189941,528,13595879.61,2437863.011,16033742.62,969,8895.42,large_airport,large_airport,10560000,429450,143925,11142270.42,4891472.197
10000,10000,CMH,DEN,394,100611,255.357868,0.655375545,131.0751089,307,10275615.53,1408402.045,11684017.58,1154,10593.72,large_airport,large_airport,6140000,571575,110550,6832718.72,4851298.858
5000,10000,BUR,SLC,372,75514,202.9946237,0.639867338,127.9734675,344,8936406.503,1540800.549,10477207.05,574,5269.32,medium_airport,large_airport,5160000,391350,87075,5643694.32,4833512.732
10000,10000,OMA,SLC,114,41504,364.0701754,0.640778443,128.1556886,167,7791829.895,749070,8540899.895,840,7711.2,large_airport,large_airport,3340000,311925,58950,3718586.2,4822313.695
10000,10000,BOI,DEN,326,65071,199.6042945,0.65504817,131.0096339,519,13571894.4,2379790,15951684.4,649,5957.82,large_airport,large_airport,10380000,633750,119625,11139332.82,4812351.579
5000,10000,GRR,IAH,111,47530,428.1981982,0.621071779,124.2143557,119,6329415.235,517352.7917,6846768.027,1042,9565.56,medium_airport,large_airport,1785000,192600,58500,2045665.56,4801102.467
10000,10000,DCA,SEA,446,151327,339.2982063,0.65457771,130.915542,178,7906654.728,815603.8268,8722258.555,2329,21380.22,large_airport,large_airport,3560000,152250,191100,3924730.22,4797528.335
10000,10000,EWR,MSY,926,201280,217.3650108,0.651848739,130.3697479,476,13488803.11,2171960,15660763.11,1167,10713.06,large_airport,large_airport,9520000,1157325,178425,10866463.06,4794300.05
10000,10000,BWI,SAN,566,151663,267.9558304,0.654737791,130.9475583,265,9298362.854,1214538.603,10512901.46,2295,21068.1,large_airport,large_airport,5300000,280575,117075,5718718.1,4794183.357
10000,10000,BHM,PHL,143,48084,336.2517483,0.648317622,129.6635244,177,7717126.858,803265.5337,8520392.391,772,7086.96,large_airport,large_airport,3540000,111375,73575,3732036.96,4788355.431
10000,10000,EWR,OMA,138,49128,356,0.646154727,129.2309453,168,7729044.379,759877.9586,8488922.337,1134,10410.12,large_airport,large_airport,3360000,256950,77700,3705060.12,4783862.217
10000,10000,DCA,PWM,209,46857,224.1961722,0.649448622,129.8897243,399,11619190.82,1813910,13433100.82,482,4424.76,large_airport,large_airport,7980000,597150,76950,8658524.76,4774576.063
10000,10000,BHM,MIA,118,38935,329.9576271,0.66565724,133.1314479,176,7731281.65,820089.7191,8551371.369,661,6067.98,large_airport,large_airport,3520000,247800,8925,3782792.98,4768578.389
5000,10000,BZN,DEN,284,52576,185.1267606,0.652462007,130.4924013,421,10170364.56,1922805.533,12093170.09,524,4810.32,medium_airport,large_airport,6315000,885225,127425,7332460.32,4760709.772
10000,10000,DCA,SDF,184,51619,280.5380435,0.648509615,129.7019231,247,8987421.963,1121273.125,10108695.09,474,4351.32,large_airport,large_airport,4940000,338325,69375,5352051.32,4756643.768
10000,10000,BUF,EWR,129,31024,240.496124,0.648372893,129.6745786,414,12911100.68,1878984.644,14790085.33,282,2588.76,large_airport,large_airport,8280000,1640475,120075,10043138.76,4746946.567
10000,10000,IND,PHX,665,155514,233.8556391,0.660145103,132.0290206,335,10343369.88,1548040.266,11891410.15,1488,13659.84,large_airport,large_airport,6700000,308475,145200,7167334.84,4724075.307
10000,5000,LAX,RDM,107,28010,261.7757009,0.637744926,127.5489853,227,7579354.081,1013376.688,8592730.769,726,6664.68,large_airport,medium_airport,3405000,402525,65850,3880039.68,4712691.089
10000,10000,PHL,RIC,110,22324,202.9454545,0.645289874,129.0579749,502,13148248.14,2267548.618,15415796.76,198,1817.64,large_airport,large_airport,10040000,483450,177900,10703167.64,4712629.122
10000,10000,PHL,SEA,401,146872,366.2643392,0.640948506,128.1897013,159,7465259.279,713375.6875,8178634.966,2378,21830.04,large_airport,large_airport,3180000,127425,141225,3470480.04,4708154.926
10000,10000,CMH,PHX,513,136813,266.6920078,0.645997489,129.1994978,263,9062052.525,1189281.377,10251333.9,1670,15330.6,large_airport,large_airport,5260000,190350,77550,5543230.6,4708103.302
10000,10000,BWI,SLC,413,157399,381.1113801,0.638906424,127.7812847,146,7110039.659,652962.3649,7763002.024,1865,17120.7,large_airport,large_airport,2920000,71850,53550,3062520.7,4700481.324
5000,10000,BUR,DEN,317,66493,209.7570978,0.638982658,127.7965316,330,8846055.759,1476049.94,10322105.7,850,7803,medium_airport,large_airport,4950000,564150,100275,5622228,4699877.699
10000,10000,DEN,IAD,1280,241945,189.0195313,0.644934022,128.9868044,617,15043092.61,2785470.04,17828562.65,1452,13329.36,large_airport,large_airport,12340000,556125,220575,13130029.36,4698533.289
10000,10000,AUS,BOS,601,183211,304.843594,0.638117714,127.6235428,229,8909295.259,1022902.696,9932197.955,1698,15587.64,large_airport,large_airport,4580000,488175,153750,5237512.64,4694685.315
10000,10000,ATL,DAY,227,53769,236.8678414,0.64080597,128.161194,335,10169683.9,1502690,11672373.9,432,3965.76,large_airport,large_airport,6700000,179100,95325,6978390.76,4693983.143
10000,10000,DSM,PHL,107,36502,341.1401869,0.645109038,129.0218077,173,7614512.58,781227.0455,8395739.626,972,8922.96,large_airport,large_airport,3460000,184050,64500,3717472.96,4678266.666
10000,10000,DEN,PHL,1132,216825,191.5415194,0.658098884,131.6197767,561,14143175.78,2584354.316,16727530.1,1558,14302.44,large_airport,large_airport,11220000,549675,285150,12069127.44,4658402.659
10000,10000,EWR,RDU,844,153424,181.7819905,0.647836063,129.5672127,939,22116253.69,4258226.444,26374480.13,416,3818.88,large_airport,large_airport,18780000,2676375,281175,21741368.88,4633111.255
10000,10000,ORD,TUS,265,75220,283.8490566,0.644126984,128.8253968,252,9214875.774,1136240,10351115.77,1437,13191.66,large_airport,large_airport,5040000,597750,82200,5733141.66,4617974.114
10000,10000,ATL,RIC,655,103247,157.6290076,0.654577934,130.9155868,1029,21234540.76,4714924.859,25949465.62,481,4415.58,large_airport,large_airport,20580000,508875,260175,21353465.58,4596000.04
10000,10000,AUS,LAX,1443,241731,167.5197505,0.644528252,128.9056504,946,20428153.31,4268066.086,24696219.4,1242,11401.56,large_airport,large_airport,18920000,866400,312825,20110626.56,4585592.836
5000,10000,BTV,DCA,148,33921,229.1959459,0.64842,129.684,250,7430761.764,1134735,8565496.764,437,4011.66,medium_airport,large_airport,3750000,186075,59325,3999411.66,4566085.104
10000,10000,ATL,BUF,322,73059,226.8913043,0.66039625,132.07925,364,10908218.52,1682689.645,12590908.17,712,6536.16,large_airport,large_airport,7280000,624225,155325,8066086.16,4524822.008
10000,10000,DEN,SJC,947,176580,186.4625132,0.647884504,129.5769007,620,14979965.43,2811818.746,17791784.18,948,8702.64,large_airport,large_airport,12400000,677475,183225,13269402.64,4522381.536
10000,10000,IAD,SAV,108,29139,269.8055556,0.650642138,130.1284276,255,8952890.038,1161396.216,10114286.25,515,4727.7,large_airport,large_airport,5100000,476400,25425,5606552.7,4507733.554
10000,10000,MIA,TLH,170,39890,234.6470588,0.63118214,126.2364281,339,10041521.23,1497795.219,11539316.45,402,3690.36,large_airport,large_airport,6780000,243825,15525,7043040.36,4496276.086
10000,10000,DCA,PIT,161,39160,243.2298137,0.645726023,129.1452046,313,9831944.749,1414785.717,11246730.47,204,1872.72,large_airport,large_airport,6260000,407925,96600,6766397.72,4480332.746
10000,10000,ATL,AUS,927,153125,165.1833873,0.648952416,129.7904832,833,17858879.96,3784041.537,21642921.5,813,7463.34,large_airport,large_airport,16660000,417150,104400,17189013.34,4453908.159
10000,10000,LGA,MKE,478,97807,204.6171548,0.661510721,132.3021442,513,13887570.91,2375485,16263055.91,738,6774.84,large_airport,large_airport,10260000,1319925,223125,11809824.84,4453231.074
10000,10000,HOU,STL,248,58413,235.5362903,0.65303177,130.6063541,324,9967061.705,1481076.055,11448137.76,687,6306.66,large_airport,large_airport,6480000,461100,55200,7002606.66,4445531.101
10000,10000,DTW,PDX,228,120505,528.5307018,0.635674157,127.1348315,89,5980324.89,396025,6376349.89,1953,17928.54,large_airport,large_airport,1780000,33600,104775,1936303.54,4440046.35
10000,10000,DEN,MEM,302,69459,229.9966887,0.653105062,130.6210123,355,10665052.11,1622966.078,12288018.19,872,8004.96,large_airport,large_airport,7100000,637650,111075,7856729.96,4431288.232
10000,10000,ATL,SAT,620,107756,173.8,0.647203311,129.4406623,733,16490144.94,3320800.19,19810945.13,874,8023.32,large_airport,large_airport,14660000,557625,156825,15382473.32,4428471.815
10000,10000,HNL,MSP,462,275376,596.0519481,0.660405405,132.0810811,74,5825811.74,342090,6167901.74,3972,36462.96,large_airport,large_airport,1480000,111300,112575,1740337.96,4427563.78
10000,10000,MIA,ORF,207,54933,265.3768116,0.647235772,129.4471545,246,8450659.188,1114540,9565199.188,802,7362.36,large_airport,large_airport,4920000,115800,97500,5140662.36,4424536.828
10000,10000,AUS,SJC,692,154274,222.9393064,0.643024451,128.6048901,367,10522288.2,1651929.814,12174218.01,1476,13549.68,large_airport,large_airport,7340000,309825,97125,7760499.68,4413718.329
10000,10000,CHS,PHL,321,82372,256.6105919,0.651935866,130.3871733,262,8766187.183,1195650.379,9961837.562,550,5049,large_airport,large_airport,5240000,230325,76275,5551649,4410188.562
10000,5000,DEN,GRR,269,63840,237.3234201,0.648043155,129.608631,239,7351440.096,1084176.198,8435616.294,1015,9317.7,large_airport,medium_airport,3585000,366900,75825,4037042.7,4398573.594
5000,10000,RDM,SEA,170,25557,150.3352941,0.646349214,129.2698429,637,12379343.25,2882071.147,15261414.39,228,2093.04,medium_airport,large_airport,9555000,1262025,53625,10872743.04,4388671.353
10000,10000,BWI,STL,213,52534,246.6384977,0.661054334,132.2108669,271,8836846.477,1254020.072,10090866.55,738,6774.84,large_airport,large_airport,5420000,231000,50250,5708024.84,4382841.71
10000,10000,PDX,SEA,785,111036,141.4471338,0.650032743,130.0065487,2376,43692391.54,10811344.59,54503736.13,129,1184.22,large_airport,large_airport,47520000,2402775,197475,50121434.22,4382301.908
10000,10000,MIA,ORD,2035,338914,166.5425061,0.647300653,129.4601306,1082,23328585,4902655.147,28231240.14,1197,10988.46,large_airport,large_airport,21640000,1977600,221475,23850063.46,4381176.685
10000,10000,IND,RDU,168,65121,387.625,0.655115385,131.0230769,130,6602416.625,596155,7198571.625,489,4489.02,large_airport,large_airport,2600000,204975,10575,2820039.02,4378532.605
10000,5000,ATL,BQK,123,28298,230.0650407,0.647821111,129.5642223,247,7362624.922,1120082.702,8482707.624,238,2184.84,large_airport,medium_airport,3705000,346500,52575,4106259.84,4376447.784
10000,5000,SFO,XNA,128,66046,515.984375,0.653452903,130.6905805,83,5597046.692,379656.1364,5976702.829,1550,14229,large_airport,medium_airport,1245000,290550,61275,1611054,4365648.829
10000,10000,BHM,DEN,225,70859,314.9288889,0.6429,128.58,200,8098711.307,900060,8998771.307,1083,9941.94,large_airport,large_airport,4000000,524700,109575,4644216.94,4354554.367
10000,10000,PHX,RNO,512,96935,189.3261719,0.651091945,130.218389,525,12943218.27,2392762.897,15335981.17,601,5517.18,large_airport,large_airport,10500000,415350,78300,10999167.18,4336813.99
10000,10000,BOS,LAS,1207,265459,219.9328915,0.655250452,131.0500904,442,12739423.59,2027344.898,14766768.48,2381,21857.58,large_airport,large_airport,8840000,1257375,333150,10452382.58,4314385.904
10000,5000,ANC,JNU,196,43721,223.0663265,0.652861515,130.5723029,247,7194192.138,1128797.559,8322989.697,571,5241.78,large_airport,medium_airport,3705000,235200,78450,4023891.78,4299097.917
10000,10000,LAX,OKC,249,72588,291.5180723,0.637904762,127.5809524,210,7810352.193,937720,8748072.193,1187,10896.66,large_airport,large_airport,4200000,210900,32700,4454496.66,4293575.533
10000,10000,MIA,MSP,1191,277559,233.0470193,0.640207101,128.0414201,338,10085808.9,1514730,11600538.9,1501,13779.18,large_airport,large_airport,6760000,454350,80775,7308904.18,4291634.722
10000,10000,CVG,SFO,383,126265,329.6736292,0.654606061,130.9212121,165,7121609.739,756070,7877679.739,2036,18690.48,large_airport,large_airport,3300000,149400,130350,3598440.48,4279239.259
10000,10000,DCA,SYR,105,28182,268.4,0.649829159,129.9658318,235,8197464.873,1068968.966,9266433.839,298,2735.64,large_airport,large_airport,4700000,239175,62025,5003935.64,4262498.199
10000,10000,ATL,MKE,567,99160,174.8853616,0.651647564,130.3295128,729,16615895.78,3325357.52,19941253.3,669,6141.42,large_airport,large_airport,14580000,824175,271050,15681366.42,4259886.878
10000,10000,CVG,MCI,118,46372,392.9830508,0.662755906,132.5511811,127,6615476.678,589190,7204666.678,539,4948.02,large_airport,large_airport,2540000,366225,42675,2953848.02,4250818.658
10000,10000,BHM,LGA,295,95140,322.5084746,0.643709677,128.7419355,186,7722787.932,838110,8560897.932,866,7949.88,large_airport,large_airport,3720000,539700,56250,4323899.88,4236998.052
5000,10000,OGG,ORD,350,233374,666.7828571,0.626862519,125.3725038,62,5182966.652,272058.3333,5455024.985,4184,38409.12,medium_airport,large_airport,930000,200025,53100,1221534.12,4233490.865
10000,10000,CLT,SMF,127,63149,497.2362205,0.665823529,133.1647059,85,5628216.78,396165,6024381.78,2244,20599.92,large_airport,large_airport,1700000,67350,28950,1816899.92,4207481.86
10000,10000,OMA,SFO,151,62575,414.4039735,0.64665541,129.331082,122,6538628.34,552243.72,7090872.06,1433,13154.94,large_airport,large_airport,2440000,363300,76575,2893029.94,4197842.12
10000,10000,CHS,IAD,137,33812,246.8029197,0.658918448,131.7836896,269,8749117.228,1240743.438,9989860.666,441,4048.38,large_airport,large_airport,5380000,385575,29925,5799548.38,4190312.286
10000,5000,DEN,FSD,207,37704,182.1449275,0.663991958,132.7983915,375,9070707.526,1742978.889,10813686.41,483,4433.94,large_airport,medium_airport,5625000,896550,106800,6632783.94,4180902.475
10000,10000,DFW,VPS,165,37458,227.0181818,0.654902086,130.9804172,332,9871998.807,1521992.448,11393991.25,641,5884.38,large_airport,large_airport,6640000,527775,48900,7222559.38,4171431.874
5000,10000,LIH,PDX,244,108622,445.1721311,0.660944444,132.1888889,90,5296212.844,416395,5712607.844,2631,24152.58,medium_airport,large_airport,1350000,90150,80550,1544852.58,4167755.264
10000,10000,IAD,LGA,126,31867,252.9126984,0.645184992,129.0369984,308,10051609.4,1391018.842,11442628.24,229,2102.22,large_airport,large_airport,6160000,990600,131175,7283877.22,4158751.022
10000,10000,PIT,SFO,312,145611,466.7019231,0.655115997,131.0231994,101,6176026.691,463167.0098,6639193.701,2254,20691.72,large_airport,large_airport,2020000,376125,68775,2485591.72,4153601.981
10000,10000,DFW,HOU,225,44168,196.3022222,0.64322229,128.6444579,579,14621598.73,2606979.94,17228578.67,247,2267.46,large_airport,large_airport,11580000,1461525,52125,13095917.46,4132661.207
10000,10000,DCA,TYS,190,49357,259.7736842,0.648197731,129.6395462,249,8385558.694,1129808.645,9515367.339,437,4011.66,large_airport,large_airport,4980000,345225,71550,5400786.66,4114580.679
10000,10000,IAD,MSY,225,66780,296.8,0.660731744,132.1463489,190,7451996.905,878773.2199,8330770.125,955,8766.9,large_airport,large_airport,3800000,366900,42150,4217816.9,4112953.225
10000,10000,MKE,MSP,362,73817,203.9143646,0.641057082,128.2114165,473,12366182.73,2122540,14488722.73,297,2726.46,large_airport,large_airport,9460000,711600,205425,10379751.46,4108971.269
10000,10000,ONT,SFO,144,32362,224.7361111,0.642901634,128.5803268,427,12338866.39,1921632.984,14260499.38,363,3332.34,large_airport,large_airport,8540000,1546950,77775,10168057.34,4092442.036
10000,10000,ATL,DEN,2119,323040,152.4492685,0.650018777,130.0037555,1389,27528559.64,6320132.572,33848692.21,1199,11006.82,large_airport,large_airport,27780000,1611375,370725,29773106.82,4075585.395
10000,10000,BOS,RDU,1116,197711,177.1603943,0.653825843,130.7651685,890,20618103.84,4073335,24691438.84,612,5618.16,large_airport,large_airport,17800000,2519850,290400,20615868.16,4075570.685
10000,5000,PHX,SBP,155,30614,197.5096774,0.640605885,128.121177,332,8401317.218,1488768.077,9890085.295,509,4672.62,large_airport,medium_airport,4980000,804300,27525,5816497.62,4073587.675
10000,10000,CLT,PDX,161,85162,528.9565217,0.663376623,132.6753247,77,5403819.826,357560,5761379.826,2282,20948.76,large_airport,large_airport,1540000,119250,12900,1693098.76,4068281.066
5000,10000,OGG,SLC,307,187175,609.6905537,0.691166667,138.2333333,60,5056773.453,290290,5347063.453,2935,26943.3,medium_airport,large_airport,900000,319650,54525,1301118.3,4045945.153
5000,10000,MSO,SEA,103,18795,182.4757282,0.644011861,128.8023721,337,7920614.339,1519223.979,9439838.318,389,3571.02,medium_airport,large_airport,5055000,336000,32475,5427046.02,4012792.298
10000,10000,DFW,SAV,143,49047,342.986014,0.63907554,127.8151081,153,6707335.551,684449.9038,7391785.455,925,8491.5,large_airport,large_airport,3060000,298725,15075,3382291.5,4009493.955
10000,10000,DFW,ORF,214,66896,312.5981308,0.653803681,130.7607362,163,6662716.561,745990,7408706.561,1212,11126.16,large_airport,large_airport,3260000,100950,29850,3401926.16,4006780.401
10000,10000,MIA,TYS,110,33084,300.7636364,0.655086142,131.0172285,178,7014128.815,816237.3333,7830366.148,724,6646.32,large_airport,large_airport,3560000,228450,45000,3840096.32,3990269.828
10000,10000,LGA,PWM,102,24113,236.4019608,0.648808674,129.7617349,322,9877648.998,1462414.752,11340063.75,269,2469.42,large_airport,large_airport,6440000,703650,206550,7352669.42,3987394.33
10000,10000,HNL,SLC,476,233075,489.6533613,0.654514357,130.9028714,89,5704635.759,407762.4444,6112398.203,2994,27484.92,large_airport,large_airport,1780000,186300,131250,2125034.92,3987363.283
10000,10000,BOI,LAX,327,76307,233.3547401,0.656336717,131.2673434,307,9403980.039,1410467.605,10814447.64,674,6187.32,large_airport,large_airport,6140000,547725,147525,6841437.32,3973010.324
10000,10000,MSP,SJC,168,92028,547.7857143,0.643066667,128.6133333,75,5283941,337610,5621551,1575,14458.5,large_airport,large_airport,1500000,85425,55725,1655608.5,3965942.5
10000,10000,MCO,SAN,628,195848,311.8598726,0.674533085,134.906617,155,6521153.863,731868.3974,7253022.26,2149,19727.82,large_airport,large_airport,3100000,121350,51750,3292827.82,3960194.44
10000,10000,BNA,PHL,771,137476,178.30869,0.654311683,130.8623366,570,13300318.33,2610703.614,15911021.94,675,6196.5,large_airport,large_airport,11400000,381900,165675,11953771.5,3957250.443
10000,10000,DFW,RDU,654,133644,204.3486239,0.649642316,129.9284632,455,12080569.71,2069110.777,14149680.49,1061,9739.98,large_airport,large_airport,9100000,1011225,82050,10203014.98,3946665.507
10000,10000,BNA,LGA,1261,208970,165.7176844,0.65171913,130.3438259,1047,22615490.02,4776449.501,27391939.53,764,7013.52,large_airport,large_airport,20940000,2013600,488925,23449538.52,3942401.005
10000,10000,ATL,LGA,3487,507070,145.4172641,0.651101838,130.2203676,2293,43420912.03,10450835.6,53871747.63,762,6995.16,large_airport,large_airport,45860000,3317025,749775,49933795.16,3937952.472
10000,10000,IAD,LAS,733,185095,252.5170532,0.6579866,131.5973201,237,7875644.491,1091599.77,8967244.26,2065,18956.7,large_airport,large_airport,4740000,175725,98700,5033381.7,3933862.56
10000,10000,CLT,MCO,969,153406,158.3137255,0.650140625,130.028125,960,19761827.41,4368945,24130772.41,468,4296.24,large_airport,large_airport,19200000,866175,131325,20201796.24,3928976.172
5000,10000,PSC,SEA,196,24286,123.9081633,0.662141754,132.4283509,823,13504568.91,3814598.647,17319167.56,172,1578.96,medium_airport,large_airport,12345000,987000,60675,13394253.96,3924913.599
10000,10000,BOS,MCI,321,94737,295.1308411,0.645383932,129.0767864,208,7923664.43,939679.0047,8863343.435,1256,11530.08,large_airport,large_airport,4160000,600225,176775,4948530.08,3914813.355
10000,10000,IAD,PHX,302,140372,464.807947,0.645388889,129.0777778,90,5399673.921,406595,5806268.921,1956,17956.08,large_airport,large_airport,1800000,43500,30975,1892431.08,3913837.841
10000,10000,LGA,PBI,1303,235991,181.113584,0.650109439,130.0218878,731,17214121.71,3326610,20540731.71,1035,9501.3,large_airport,large_airport,14620000,1509300,494175,16632976.3,3907755.408
5000,10000,ILM,LGA,121,29864,246.8099174,0.622518014,124.5036028,224,6883234.155,976108.2456,7859342.401,500,4590,medium_airport,large_airport,3360000,514875,76725,3956190,3903152.401
10000,5000,DEN,ELP,177,29282,165.4350282,0.638810688,127.7621376,453,9574758.781,2025668.692,11600427.47,563,5168.34,large_airport,medium_airport,6795000,774300,124725,7699193.34,3901234.133
10000,10000,DFW,SPI,201,64478,320.7860697,0.649001511,129.8003021,156,6495548.087,708709.6497,7204257.737,630,5783.4,large_airport,large_airport,3120000,159300,19200,3304283.4,3899974.337
10000,5000,DEN,JAC,138,30941,224.2101449,0.641884058,128.3768116,276,7944213.855,1240120,9184333.855,406,3727.08,large_airport,medium_airport,4140000,1079250,61725,5284702.08,3899631.775
10000,10000,HNL,IAD,202,179399,888.1138614,0.690810811,138.1621622,37,4540038.059,178920,4718958.059,4817,44220.06,large_airport,large_airport,740000,18525,17325,820070.06,3898887.999
10000,10000,CLT,TPA,624,99574,159.5737179,0.654176932,130.8353863,893,18643954.91,4089260,22733214.91,507,4654.26,large_airport,large_airport,17860000,882000,92850,18839504.26,3893710.65
10000,10000,PIT,SLC,202,91062,450.8019802,0.661944444,132.3888889,90,5371305.594,417025,5788330.594,1660,15238.8,large_airport,large_airport,1800000,50325,31425,1896988.8,3891341.794
10000,10000,LAS,MCO,929,200959,216.3175457,0.650901317,130.1802634,349,9827936.005,1590151.918,11418087.92,2039,18718.02,large_airport,large_airport,6980000,424050,146625,7569393.02,3848694.903
10000,10000,DEN,RNO,383,80692,210.6840731,0.652253929,130.4507858,390,10718722.13,1780653.226,12499375.35,804,7380.72,large_airport,large_airport,7800000,778275,74100,8659755.72,3839619.632
10000,5000,EWR,PSP,110,46982,427.1090909,0.653277778,130.6555556,90,5022375.8,411565,5433940.8,2358,21646.44,large_airport,medium_airport,1350000,174675,53025,1599346.44,3834594.36
5000,10000,FAT,SEA,165,35118,212.8363636,0.643879668,128.7759336,241,6605376.545,1086225,7691601.545,748,6866.64,medium_airport,large_airport,3615000,191400,44400,3857666.64,3833934.905
5000,10000,MFR,SEA,120,19289,160.7416667,0.654612683,130.9225367,419,8817732.126,1919979,10737711.13,352,3231.36,medium_airport,large_airport,6285000,515475,115650,6919356.36,3818354.766
10000,10000,DEN,SAT,783,144887,185.0408685,0.64480908,128.9618159,555,13244079.56,2505083.274,15749162.83,794,7288.92,large_airport,large_airport,11100000,707175,130500,11944963.92,3804198.913
10000,10000,MIA,SAN,248,117804,475.016129,0.625393258,125.0786517,89,5287879.548,389620,5677499.548,2267,20811.06,large_airport,large_airport,1780000,33450,45075,1879336.06,3798163.488
10000,10000,BDL,DEN,287,102673,357.7456446,0.64453125,128.90625,128,5902803.136,577500,6480303.136,1671,15339.78,large_airport,large_airport,2560000,86475,41175,2702989.78,3777313.356
10000,10000,BNA,SAN,301,114204,379.4152824,0.651791156,130.3582311,115,5687889.084,524691.8803,6212580.965,1751,16074.18,large_airport,large_airport,2300000,92850,31800,2440724.18,3771856.785
10000,10000,DTW,SNA,264,144322,546.6742424,0.633424658,126.6849315,73,5055643.394,323680,5379323.394,1960,17992.8,large_airport,large_airport,1460000,107625,32625,1618242.8,3761080.594
10000,5000,DCA,EYW,144,56218,390.4027778,0.641804124,128.3608247,97,4860904.986,435785,5296689.986,1023,9391.14,large_airport,medium_airport,1455000,66000,15750,1546141.14,3750548.846
10000,5000,ATL,EGE,125,51671,413.368,0.658483146,131.6966292,89,4845086.328,410235,5255321.328,1312,12044.16,large_airport,medium_airport,1335000,127425,36375,1510844.16,3744477.168
10000,10000,MSP,SMF,175,88144,503.68,0.646987179,129.3974359,78,5083642.24,353255,5436897.24,1517,13926.06,large_airport,large_airport,1560000,99600,28275,1701801.06,3735096.18
10000,10000,CHS,EWR,374,88151,235.697861,0.635487578,127.0975156,339,10155291.66,1508012.023,11663303.68,628,5765.04,large_airport,large_airport,6780000,996525,161175,7943465.04,3719838.645
10000,10000,BUF,DFW,108,51163,473.7314815,0.67125,134.25,84,5342269.917,394695,5736964.917,1212,11126.16,large_airport,large_airport,1680000,291375,43650,2026151.16,3710813.757
10000,5000,DFW,EGE,174,42583,244.7298851,0.652144859,130.4289718,223,7118130.403,1017998.125,8136128.528,721,6618.78,large_airport,medium_airport,3345000,1061775,17175,4430568.78,3705559.748
10000,10000,EWR,SAV,251,63454,252.8047809,0.65343468,130.686936,270,8920336.201,1234991.545,10155327.75,708,6499.44,large_airport,large_airport,5400000,1003275,80100,6489874.44,3665453.306
10000,10000,LGA,OMA,164,59821,364.7621951,0.629696302,125.9392604,140,6431303.35,617102.3759,7048405.726,1148,10538.64,large_airport,large_airport,2800000,490800,87000,3388338.64,3660067.086
10000,10000,RDU,SLC,237,115674,488.0759494,0.649679487,129.9358974,78,4946649.747,354725,5301374.747,1823,16735.14,large_airport,large_airport,1560000,37800,36675,1651210.14,3650164.607
10000,10000,BNA,DCA,761,124058,163.0197109,0.658340281,131.6680562,734,15754934.53,3382552.364,19137486.89,562,5159.16,large_airport,large_airport,14680000,655425,157650,15498234.16,3639252.733
10000,10000,BHM,DCA,241,60783,252.2116183,0.648202585,129.640517,237,7749152.164,1075368.088,8824520.253,653,5994.54,large_airport,large_airport,4740000,375300,65325,5186619.54,3637900.713
5000,10000,JAC,LAX,140,50849,363.2071429,0.656121067,131.2242133,107,5099788.161,491434.6789,5591222.84,784,7197.12,medium_airport,large_airport,1605000,248775,97425,1958397.12,3632825.72
10000,10000,JFK,ORD,451,84019,186.2949002,0.65586129,131.1722579,649,15859433.03,2979577.838,18839010.87,740,6793.2,large_airport,large_airport,12980000,1991700,238125,15216618.2,3622392.67
10000,10000,EWR,SRQ,381,98625,258.8582677,0.653690079,130.7380159,224,7580746.054,1024986.044,8605732.099,1034,9492.12,large_airport,large_airport,4480000,432975,63075,4985542.12,3620189.979
10000,10000,FLL,PHX,478,161303,337.4539749,0.653486542,130.6973085,138,6086397.024,631268,6717665.024,1972,18102.96,large_airport,large_airport,2760000,307200,35475,3120777.96,3596887.064
10000,10000,DEN,SFO,2124,352127,165.7848399,0.652078186,130.4156371,1098,23739787.21,5011872.935,28751660.14,967,8877.06,large_airport,large_airport,21960000,2984175,216075,25169127.06,3582533.081
10000,10000,ORD,PBI,673,158023,234.8038633,0.639111832,127.8223665,303,9093995.197,1355556.197,10449551.39,1143,10492.74,large_airport,large_airport,6060000,729450,83400,6883342.74,3566208.654
10000,10000,SFO,TPA,418,183071,437.9688995,0.623403136,124.6806271,96,5242198.758,418926.9072,5661125.665,2393,21967.74,large_airport,large_airport,1920000,120825,46875,2109667.74,3551457.925
10000,10000,RDU,SEA,357,103783,290.7086835,0.646571308,129.3142615,178,6691514.611,805627.8492,7497142.461,2354,21609.72,large_airport,large_airport,3560000,242100,134250,3957959.72,3539182.741
10000,10000,ONT,SLC,283,69420,245.3003534,0.63942,127.884,250,7842497.597,1118985,8961482.597,558,5122.44,large_airport,large_airport,5000000,352725,73650,5431497.44,3529985.157
10000,10000,DEN,JFK,527,120488,228.629981,0.654072663,130.8145325,287,8583631.613,1314031.979,9897663.592,1626,14926.68,large_airport,large_airport,5740000,349725,274575,6379226.68,3518436.912
10000,10000,DEN,OMA,450,79432,176.5155556,0.643631123,128.7262246,646,14678528.96,2910499.939,17589028.9,472,4332.96,large_airport,large_airport,12920000,1029525,134700,14088557.96,3500470.939
10000,10000,LAX,OMA,282,75914,269.1985816,0.657625,131.525,200,7081268.688,920675,8001943.688,1330,12209.4,large_airport,large_airport,4000000,437625,77550,4527384.4,3474559.288
10000,10000,AUS,DFW,349,55005,157.6074499,0.642576727,128.5153454,934,18918147.45,4201166.642,23119314.09,190,1744.2,large_airport,large_airport,18680000,940650,47700,19670094.2,3449219.894
10000,10000,DFW,RSW,384,78268,203.8229167,0.652193732,130.4387464,351,9331828.417,1602440,10934268.42,1017,9336.06,large_airport,large_airport,7020000,447825,36825,7513986.06,3420282.357
10000,10000,IAH,SNA,428,85779,200.4182243,0.651264205,130.2528409,352,9188975.166,1604715,10793690.17,1346,12356.28,large_airport,large_airport,7040000,236700,88275,7377331.28,3416358.886
10000,10000,DEN,PIT,534,115129,215.5973783,0.651120562,130.2241125,302,8478945.126,1376468.869,9855413.995,1290,11842.2,large_airport,large_airport,6040000,291975,97500,6441317.2,3414096.795
5000,10000,HPN,RSW,131,54295,414.4656489,0.645538304,129.1076607,85,4548408.682,384095.2907,4932503.973,1102,10116.36,medium_airport,large_airport,1275000,197325,48225,1530666.36,3401837.613
10000,10000,LAS,RDU,538,155997,289.9572491,0.658281768,131.6563535,162,6184303.682,746491.5244,6930795.206,2026,18598.68,large_airport,large_airport,3240000,218250,70425,3547273.68,3383521.526
10000,10000,LGA,TPA,795,152310,191.5849057,0.648529736,129.7059471,474,11778758.58,2151821.663,13930580.24,1010,9271.8,large_airport,large_airport,9480000,754200,317550,10561021.8,3369558.444
10000,10000,DCA,LGA,809,121423,150.0902349,0.652613095,130.5226191,1677,32852716.02,7661025.128,40513741.15,214,1964.52,large_airport,large_airport,33540000,3047700,574875,37164539.52,3349201.627
10000,10000,DAL,PDX,280,64198,229.2785714,0.646295422,129.2590843,256,7586902.577,1158161.395,8745063.973,1626,14926.68,large_airport,large_airport,5120000,176475,87825,5399226.68,3345837.293
10000,10000,DAL,SEA,378,89077,235.6534392,0.638043096,127.6086192,264,7938852.235,1179103.642,9117955.877,1670,15330.6,large_airport,large_airport,5280000,353325,124275,5772930.6,3345025.277
5000,10000,LWS,SLC,179,39148,218.7039106,0.644835414,128.9670829,198,5584709.863,893741.8844,6478451.747,461,4231.98,medium_airport,large_airport,2970000,61950,104400,3140581.98,3337869.767
10000,5000,IAH,MTJ,114,41368,362.877193,0.648723404,129.7446809,94,4425650.246,426860,4852510.246,927,8509.86,large_airport,medium_airport,1410000,81075,19575,1519159.86,3333350.386
10000,10000,IND,SEA,244,73898,302.8606557,0.63021875,126.04375,160,6107790.844,705845,6813635.844,1866,17129.88,large_airport,large_airport,3200000,124650,145575,3487354.88,3326280.964
5000,10000,GRR,MIA,127,56064,441.4488189,0.634473684,126.8947368,76,4257332.409,337540,4594872.409,1214,11144.52,medium_airport,large_airport,1140000,64950,55275,1271369.52,3323502.889
10000,10000,CAE,DFW,115,32912,286.1913043,0.656839369,131.3678737,163,6128203.93,749453.7195,6877657.649,922,8463.96,large_airport,large_airport,3260000,258225,27675,3554363.96,3323293.689
10000,10000,DTW,SJC,158,86483,547.3607595,0.639365079,127.8730159,63,4409538.278,281960,4691498.278,2062,18929.16,large_airport,large_airport,1260000,49200,46575,1374704.16,3316794.118
10000,10000,ABQ,SFO,151,48021,318.0198675,0.672488059,134.4976118,141,6030980.69,663745.7143,6694726.404,896,8225.28,large_airport,large_airport,2820000,511500,38250,3377975.28,3316751.124
10000,10000,CHS,LGA,246,56907,231.3292683,0.664898281,132.9796561,264,8121190.848,1228732.022,9349922.871,641,5884.38,large_airport,large_airport,5280000,616350,150600,6052834.38,3297088.491
10000,10000,ATL,SYR,254,59793,235.4055118,0.647868526,129.5737052,251,7656093.461,1138305,8794398.461,794,7288.92,large_airport,large_airport,5020000,386550,84150,5497988.92,3296409.541
10000,10000,CVG,LAX,531,153692,289.4387947,0.64101227,128.202454,163,6048402.493,731395,6779797.493,1900,17442,large_airport,large_airport,3260000,144075,63225,3484742,3295055.493
10000,10000,OKC,SLC,127,39314,309.5590551,0.641744498,128.3488996,161,6396781.819,723246.0494,7120027.868,866,7949.88,large_airport,large_airport,3220000,556950,50100,3834999.88,3285027.988
10000,10000,AUS,BWI,452,113324,250.7168142,0.660665476,132.1330952,200,6625597.737,924931.6667,7550529.403,1342,12319.56,large_airport,large_airport,4000000,152775,102525,4267619.56,3282909.843
5000,10000,OGG,SAN,460,105033,228.3326087,0.664305556,132.8611111,180,5460574.337,837025,6297599.337,2541,23326.38,medium_airport,large_airport,2700000,207450,88350,3019126.38,3278472.957
10000,10000,CAE,DCA,157,35479,225.9808917,0.647232748,129.4465497,274,8015170.403,1241392.411,9256562.814,408,3745.44,large_airport,large_airport,5480000,439650,65025,5988420.44,3268142.374
5000,10000,KTN,SEA,401,75982,189.4812968,0.645505296,129.1010591,265,6482492.566,1197412.323,7679904.889,680,6242.4,medium_airport,large_airport,3975000,289275,145350,4415867.4,3264037.489
10000,10000,IAD,TPA,431,95986,222.7053364,0.653973691,130.7947383,270,7864745.272,1236010.277,9100755.549,811,7444.98,large_airport,large_airport,5400000,382650,49350,5839444.98,3261310.569
10000,10000,GSP,LGA,166,50536,304.4337349,0.6646,132.92,150,6069799.807,697830,6767629.807,610,5599.8,large_airport,large_airport,3000000,430950,74925,3511474.8,3256155.007
10000,10000,GEG,PHX,457,100116,219.0722101,0.665107751,133.0215502,260,7576744.497,1210496.107,8787240.604,1020,9363.6,large_airport,large_airport,5200000,273975,64650,5547988.6,3239252.004
10000,10000,DEN,TUS,549,92153,167.856102,0.655668284,131.1336568,669,14725750.01,3070494.575,17796244.59,639,5866.02,large_airport,large_airport,13380000,1053600,125025,14564491.02,3231753.569
10000,5000,LAX,MFR,204,38553,188.9852941,0.643921189,128.7842379,295,7179806.485,1329697.256,8509503.741,630,5783.4,large_airport,medium_airport,4425000,726000,121275,5278058.4,3231445.341
10000,10000,DEN,JAX,323,79763,246.9442724,0.654733967,130.9467933,208,6726004.607,953292.6555,7679297.262,1447,13283.46,large_airport,large_airport,4160000,178500,102000,4453783.46,3225513.802
5000,10000,ELP,LAX,412,66824,162.1941748,0.648623675,129.7247349,355,7469411.696,1611829.831,9081241.528,715,6563.7,medium_airport,large_airport,5325000,469950,54225,5855738.7,3225502.828
10000,10000,DCA,SLC,473,197808,418.1987315,0.641555556,128.3111111,90,4829358.951,404180,5233538.951,1851,16992.18,large_airport,large_airport,1800000,113025,78525,2008542.18,3224996.771
10000,10000,BDL,IAD,152,30552,201,0.656399339,131.2798679,336,8866117.157,1543851.246,10409968.4,326,2992.68,large_airport,large_airport,6720000,417000,49725,7189717.68,3220250.724
10000,10000,SLC,SMF,538,95853,178.1654275,0.659481753,131.8963506,495,11632188,2285104.274,13917292.27,532,4883.76,large_airport,large_airport,9900000,736200,70950,10712033.76,3205258.512
10000,10000,SFO,TUS,232,56442,243.2844828,0.642228464,128.4456929,267,8343441.336,1200325,9543766.336,751,6894.18,large_airport,large_airport,5340000,935475,60300,6342669.18,3201097.156
10000,10000,SAT,SFO,169,69980,414.0828402,0.641388889,128.2777778,90,4780586.391,404075,5184661.391,1482,13604.76,large_airport,large_airport,1800000,142350,36975,1992929.76,3191731.631
10000,10000,MSY,SEA,405,127276,314.2617284,0.638618127,127.7236255,137,5498994.68,612434.7842,6111429.464,2086,19149.48,large_airport,large_airport,2740000,86250,77175,2922574.48,3188854.984
10000,10000,DEN,GEG,253,50610,200.0395257,0.642385714,128.4771429,350,8995177.352,1573845,10569022.35,836,7674.48,large_airport,large_airport,7000000,303375,70800,7381849.48,3187172.872
10000,10000,ATL,MSY,958,137196,143.2108559,0.648497222,129.6994444,1305,24239550.82,5924022.121,30163572.94,425,3901.5,large_airport,large_airport,26100000,733500,150900,26988301.5,3175271.438
10000,10000,MSN,PHX,226,88504,391.6106195,0.64684319,129.3686381,95,4812902.588,430150.7216,5243053.309,1396,12815.28,large_airport,large_airport,1900000,132900,31800,2077515.28,3165538.029
10000,10000,AUS,FLL,442,103197,233.4773756,0.646697733,129.3395466,251,7579662.331,1136247.917,8715910.247,1105,10143.9,large_airport,large_airport,5020000,466050,81300,5577493.9,3138416.347
10000,5000,AUS,ELP,183,42197,230.5846995,0.634685714,126.9371429,174,5092938.751,773047.2,5865985.951,528,4847.04,large_airport,medium_airport,2610000,97650,15750,2728247.04,3137738.911
10000,10000,JAX,ORD,629,112902,179.4944356,0.662281755,132.456351,534,12695945.04,2475609.201,15171554.24,864,7931.52,large_airport,large_airport,10680000,1180875,166425,12035231.52,3136322.717
5000,5000,LIH,OGG,157,19263,122.6942675,0.642038835,128.407767,309,4868263.146,1388730,6256993.146,201,1845.18,medium_airport,medium_airport,3090000,33975,1050,3126870.18,3130122.966
10000,10000,COS,LAX,141,40546,287.5602837,0.642199601,128.4399202,165,6094146.28,741740.5389,6835886.819,833,7646.94,large_airport,large_airport,3300000,324525,74550,3706721.94,3129164.879
10000,10000,BNA,PHX,677,140012,206.8124077,0.658969062,131.7938124,292,7958925.933,1346932.763,9305858.695,1449,13301.82,large_airport,large_airport,5840000,280800,54375,6188476.82,3117381.875
10000,10000,IAD,SMF,189,93039,492.2698413,0.658615385,131.7230769,65,4214814.381,299670,4514484.381,2358,21646.44,large_airport,large_airport,1300000,55875,26550,1404071.44,3110412.941
5000,10000,KOA,PDX,415,151048,363.9710843,0.646777778,129.3555556,90,4237351.364,407470,4644821.364,2607,23932.26,medium_airport,large_airport,1350000,97650,77100,1548682.26,3096139.104
10000,10000,SFO,SNA,1134,182228,160.6948854,0.648288971,129.6577942,965,20106107.32,4379191.999,24485299.32,372,3414.96,large_airport,large_airport,19300000,1945125,143775,21392314.96,3092984.361
10000,10000,DCA,DTW,871,140514,161.3249139,0.647390275,129.478055,785,16397108.32,3557409.562,19954517.88,405,3717.9,large_airport,large_airport,15700000,903675,261000,16868392.9,3086124.982
10000,10000,BNA,DFW,629,105146,167.163752,0.647218909,129.4437818,672,14540943.14,3044517.749,17585460.89,631,5792.58,large_airport,large_airport,13440000,983325,88050,14517167.58,3068293.309
10000,10000,HNL,OAK,465,129163,277.7698925,0.653151495,130.630299,162,5878196.584,740673.7952,6618870.379,2409,22114.62,large_airport,large_airport,3240000,182175,107625,3551914.62,3066955.759
10000,10000,CMH,DFW,494,102435,207.3582996,0.655509859,131.1019719,313,8508930.654,1436222.102,9945152.756,926,8500.68,large_airport,large_airport,6260000,548775,61500,6878775.68,3066377.076
10000,5000,DEN,FAT,142,27226,191.7323944,0.630587351,126.1174701,303,7326783.768,1337475.77,8664259.539,844,7747.92,large_airport,medium_airport,4545000,947175,108225,5608147.92,3056111.619
10000,10000,DCA,PDX,287,111487,388.456446,0.664494382,132.8988764,89,4594662.843,413980,5008642.843,2350,21573,large_airport,large_airport,1780000,113775,38625,1953973,3054669.843
10000,10000,DFW,PBI,257,56611,220.2762646,0.648068936,129.6137872,254,7251913.587,1152266.569,8404180.156,1102,10116.36,large_airport,large_airport,5080000,235425,26175,5351716.36,3052463.796
10000,10000,IAH,LBB,150,31940,212.9333333,0.644718543,128.9437086,302,8291836.933,1362935,9654771.933,458,4204.44,large_airport,large_airport,6040000,530625,42150,6616979.44,3037792.493
10000,10000,RNO,SEA,298,60301,202.352349,0.639509614,127.9019228,333,8618457.756,1490696.91,10109154.67,564,5177.52,large_airport,large_airport,6660000,364125,55575,7084877.52,3024277.147
10000,10000,MIA,MSY,526,99175,188.5456274,0.658388646,131.6777291,355,8813677.317,1636095.784,10449773.1,675,6196.5,large_airport,large_airport,7100000,286275,33825,7426296.5,3023476.601
5000,10000,ALB,FLL,399,87984,220.5112782,0.670633042,134.1266085,178,5264604.519,835608.7709,6100213.29,1204,11052.72,medium_airport,large_airport,2670000,331500,72450,3085002.72,3015210.57
5000,10000,GRR,PHX,272,82302,302.5808824,0.642079646,128.4159292,113,4390751.184,507885,4898636.184,1574,14449.32,medium_airport,large_airport,1695000,34800,139350,1883599.32,3015036.864
10000,10000,FLL,MSP,1212,255068,210.4521452,0.659745008,131.9490015,279,7747537.171,1288482,9036019.171,1487,13650.66,large_airport,large_airport,5580000,256200,173325,6023175.66,3012843.511
10000,10000,DEN,SEA,1617,241943,149.6246135,0.648898087,129.7796175,1384,26874823.55,6286524.671,33161348.22,1024,9400.32,large_airport,large_airport,27680000,1985025,475200,30149625.32,3011722.898
10000,10000,BNA,SLC,239,90697,379.4853556,0.672334653,134.4669305,88,4490484.324,414158.1461,4904642.47,1404,12888.72,large_airport,large_airport,1760000,90300,39300,1902488.72,3002153.75
10000,10000,DFW,TUL,253,41314,163.2964427,0.655661176,131.1322352,747,15995830.37,3428452.29,19424282.66,237,2175.66,large_airport,large_airport,14940000,1373025,117750,16432950.66,2991331.996
10000,10000,RDU,STL,172,63388,368.5348837,0.648710809,129.7421617,96,4590193.198,435933.6634,5026126.862,667,6123.06,large_airport,large_airport,1920000,104700,6000,2036823.06,2989303.802
10000,10000,PHL,SAT,242,91563,378.3595041,0.662055556,132.4111111,90,4508910.211,417095,4926005.211,1496,13733.28,large_airport,large_airport,1800000,59625,65925,1939283.28,2986721.931
10000,10000,DSM,LGA,147,47724,324.6530612,0.64469697,128.9393939,132,5525595.102,595700,6121295.102,1031,9464.58,large_airport,large_airport,2640000,378900,114000,3142364.58,2978930.522
10000,10000,AUS,PHL,482,124982,259.2987552,0.628952465,125.790493,213,6947488.785,937768.125,7885256.91,1430,13127.4,large_airport,large_airport,4260000,466800,174225,4914152.4,2971104.51
10000,10000,MIA,RIC,196,50295,256.6071429,0.65745509,131.491018,167,5634836.25,768565,6403401.25,825,7573.5,large_airport,large_airport,3340000,57450,28650,3433673.5,2969727.75
5000,10000,EYW,ORD,134,54699,408.2014925,0.652430556,130.4861111,72,3835053.022,328825,4163878.022,1251,11484.18,medium_airport,large_airport,1080000,69825,37200,1198509.18,2965368.842
10000,10000,MCI,PHX,824,140845,170.9283981,0.655503953,131.1007905,506,11338877.14,2321795,13660672.14,1044,9583.92,large_airport,large_airport,10120000,472500,116475,10718558.92,2942113.222
10000,10000,BNA,DEN,950,152110,160.1157895,0.655014771,131.0029543,754,15815633.65,3457167.963,19272801.61,1014,9308.52,large_airport,large_airport,15080000,1064625,182325,16336258.52,2936543.092
5000,10000,BZN,MSP,204,42403,207.8578431,0.641816038,128.3632075,212,5656435.485,952455,6608890.485,874,8023.32,medium_airport,large_airport,3180000,332175,163500,3683698.32,2925192.165
10000,10000,DFW,OMA,323,64510,199.7213622,0.642564088,128.5128176,337,8649696.432,1515808.683,10165505.12,583,5351.94,large_airport,large_airport,6740000,424575,77250,7247176.94,2918328.176
10000,10000,BDL,CVG,108,47623,440.9537037,0.656071429,131.2142857,70,4050159.769,321475,4371634.769,661,6067.98,large_airport,large_airport,1400000,43200,18600,1467867.98,2903766.789
10000,10000,MSY,PHX,400,135272,338.18,0.66143227,132.286454,103,4607873.2,476892.6667,5084765.867,1300,11934,large_airport,large_airport,2060000,102375,9000,2183309,2901456.867
10000,10000,DCA,SAV,139,37093,266.8561151,0.65737584,131.475168,163,5718847.267,750065.8333,6468913.101,519,4764.42,large_airport,large_airport,3260000,270675,33900,3569339.42,2899573.681
5000,10000,EGE,ORD,219,57525,262.6712329,0.634511823,126.9023645,174,5800046.495,772835.4,6572881.895,1007,9244.26,medium_airport,large_airport,2610000,1006350,47775,3673369.26,2899512.635
10000,10000,IAH,SJC,184,61488,334.173913,0.636399212,127.2798423,111,4721229.929,494482.1875,5215712.117,1608,14761.44,large_airport,large_airport,2220000,45450,42225,2322436.44,2893275.677
10000,10000,DEN,IND,743,127909,172.1520861,0.651697248,130.3394495,545,12228823.44,2486225,14715048.44,977,8968.86,large_airport,large_airport,10900000,763125,154800,11826893.86,2888154.579
10000,10000,CLT,EWR,963,149083,154.8110073,0.648778544,129.7557089,1000,20087611.99,4541449.811,24629061.8,529,4856.22,large_airport,large_airport,20000000,1560750,179100,21744706.22,2884355.58
10000,10000,IND,SLC,164,66065,402.8353659,0.685844156,137.1688312,77,4254747.134,369670,4624417.134,1355,12438.9,large_airport,large_airport,1540000,128025,63525,1743988.9,2880428.234
10000,10000,SEA,STL,405,99202,244.9432099,0.642868917,128.5737834,195,6141188.664,877516.0714,7018704.736,1709,15688.62,large_airport,large_airport,3900000,139950,100050,4155688.62,2863016.116
10000,10000,HNL,SAN,766,193940,253.1853786,0.643611111,128.7222222,180,5866305.222,810950,6677255.222,2614,23996.52,large_airport,large_airport,3600000,129150,77775,3830921.52,2846333.702
10000,10000,DTW,MDW,277,46860,169.1696751,0.658330606,131.6661211,611,13609362.02,2815680,16425042.02,228,2093.04,large_airport,large_airport,12220000,1170675,195375,13588143.04,2836898.982
10000,10000,DAL,SJC,342,69727,203.880117,0.632990841,126.5981682,316,8156228.391,1400175.74,9556404.131,1450,13311,large_airport,large_airport,6320000,238950,150675,6722936,2833468.131
10000,10000,DTW,PBI,343,99434,289.8950437,0.648439716,129.6879433,141,5301020.77,640010,5941030.77,1086,9969.48,large_airport,large_airport,2820000,202875,80625,3113469.48,2827561.29
10000,10000,BOS,MKE,171,42492,248.4912281,0.6484134,129.68268,206,6638351.732,935012.1226,7573363.855,860,7894.8,large_airport,large_airport,4120000,569550,56025,4753469.8,2819894.055
10000,10000,DEN,LIT,126,28605,227.0238095,0.647487836,129.4975672,269,7908339.35,1219219.596,9127558.945,771,7077.78,large_airport,large_airport,5380000,838425,91350,6316852.78,2810706.165
5000,10000,LGB,PHX,159,27270,171.509434,0.653938224,130.7876448,259,5809710.566,1185590,6995300.566,355,3258.9,medium_airport,large_airport,3885000,264600,32025,4184883.9,2810416.666
10000,5000,DFW,JAC,118,30363,257.3135593,0.650624887,130.1249773,148,4955472.319,674047.3826,5629519.701,1047,9611.46,large_airport,medium_airport,2220000,583425,37950,2850986.46,2778533.241
10000,10000,FLL,IAD,427,89347,209.2435597,0.654282946,130.8565891,258,7064271.82,1181635,8245906.82,901,8271.18,large_airport,large_airport,5160000,236550,68925,5473746.18,2772160.64
10000,5000,PDX,PSP,499,100197,200.7955912,0.64257732,128.5154639,194,5006235.679,872620,5878855.679,873,8014.14,large_airport,medium_airport,2910000,171450,23700,3113164.14,2765691.539
10000,10000,BOI,PHX,378,76143,201.4365079,0.665189394,133.0378788,264,7074853.032,1229270,8304123.032,735,6747.3,large_airport,large_airport,5280000,225000,28200,5539947.3,2764175.732
10000,5000,ORD,PNS,165,35824,217.1151515,0.661645886,132.3291772,168,4826752.453,778095.5621,5604848.015,794,7288.92,large_airport,medium_airport,2520000,262200,59025,2848513.92,2756334.095
10000,10000,DCA,LAS,399,150499,377.1904762,0.638406991,127.6813983,89,4286258.459,397727.5556,4683986.015,2089,19177.02,large_airport,large_airport,1780000,87075,43500,1929752.02,2754233.995
10000,10000,BWI,LAX,1297,230457,177.6846569,0.652854555,130.570911,460,10672205.86,2102191.667,12774397.52,2329,21380.22,large_airport,large_airport,9200000,540000,262650,10024030.22,2750367.305
10000,10000,LAX,MEM,292,112628,385.7123288,0.638756554,127.7513109,89,4385497.75,397945.3333,4783443.083,1619,14862.42,large_airport,large_airport,1780000,193950,52725,2041537.42,2741905.663
10000,10000,BWI,MCI,322,86164,267.5900621,0.630592509,126.1185018,161,5433437.294,710677.7576,6144115.052,967,8877.06,large_airport,large_airport,3220000,137850,37800,3404527.06,2739587.992
10000,10000,PDX,STL,165,59671,361.6424242,0.662358274,132.4716547,88,4215848.592,408012.6966,4623861.289,1708,15679.44,large_airport,large_airport,1760000,73125,36375,1885179.44,2738681.849
10000,10000,LGA,ROC,167,35095,210.1497006,0.644137179,128.8274359,299,8094841.078,1348179.117,9443020.194,254,2331.72,large_airport,large_airport,5980000,545475,178050,6705856.72,2737163.474
5000,10000,HPN,PBI,816,126948,155.5735294,0.651662078,130.3324155,424,8597140.126,1934133.047,10531273.17,1056,9694.08,medium_airport,large_airport,6360000,1253325,175050,7798069.08,2733204.092
10000,10000,DEN,SDF,184,38797,210.8532609,0.654135976,130.8271953,277,7641139.384,1268369.658,8909509.042,1024,9400.32,large_airport,large_airport,5540000,570450,58275,6178125.32,2731383.722
10000,10000,FLL,RDU,576,111094,192.8715278,0.648493292,129.6986583,367,9180570.467,1665979.266,10846549.73,680,6242.4,large_airport,large_airport,7340000,695325,77775,8119342.4,2727207.333
10000,10000,DCA,MCI,539,99610,184.8051948,0.652235299,130.4470597,373,8992020.769,1702986.365,10695007.13,949,8711.82,large_airport,large_airport,7460000,393675,113925,7976311.82,2718695.313
10000,10000,AUS,STL,325,81333,250.2553846,0.663221379,132.6442757,161,5344386.023,747450.4938,6091836.517,721,6618.78,large_airport,large_airport,3220000,127575,23250,3377443.78,2714392.737
10000,10000,IAD,SLC,223,89818,402.7713004,0.663783784,132.7567568,74,3956825.256,343840,4300665.256,1828,16781.04,large_airport,large_airport,1480000,73425,16725,1586931.04,2713734.216
10000,10000,PHX,PIT,393,82593,210.1603053,0.65948695,131.89739,252,6985338.133,1163334.98,8148673.113,1814,16652.52,large_airport,large_airport,5040000,259275,120000,5435927.52,2712745.593
10000,10000,PIT,RDU,119,43873,368.6806723,0.641,128.2,90,4253837.597,403830,4657667.597,328,3011.04,large_airport,large_airport,1800000,129525,13275,1945811.04,2711856.557
10000,10000,DCA,MHT,157,32746,208.5732484,0.665336646,133.0673291,239,6633274.138,1113108.208,7746382.347,406,3727.08,large_airport,large_airport,4780000,218325,37575,5039627.08,2706755.267
10000,10000,MSY,SLC,216,88598,410.1759259,0.629303797,125.8607595,79,4078379.231,348005,4426384.231,1428,13109.04,large_airport,large_airport,1580000,106350,26925,1726384.04,2700000.191
10000,10000,SMF,STL,139,49826,358.4604317,0.656125,131.225,88,4139429.373,404173,4543602.373,1679,15413.22,large_airport,large_airport,1760000,56550,14700,1846663.22,2696939.153
10000,10000,OAK,SLC,772,122548,158.7409326,0.657772571,131.5545142,667,13929018.55,3071140.135,17000158.68,588,5397.84,large_airport,large_airport,13340000,782700,201375,14329472.84,2670685.844
10000,5000,DCA,GRR,102,25369,248.7156863,0.663453753,132.6907506,141,4653320.224,654828.8542,5308149.079,524,4810.32,large_airport,medium_airport,2115000,508500,27975,2656285.32,2651863.759
10000,10000,MSY,STL,262,61226,233.6870229,0.669878571,133.9757143,175,5478967.517,820601.25,6299568.767,604,5544.72,large_airport,large_airport,3500000,131925,15825,3653294.72,2646274.047
5000,10000,BZN,EWR,219,74142,338.5479452,0.659269663,131.8539326,89,3972860.137,410725,4383585.137,1882,17276.76,medium_airport,large_airport,1335000,356175,39075,1747526.76,2636058.377
5000,10000,ALB,MCO,723,111166,153.7565698,0.655971787,131.1943574,319,6434866.205,1464785,7899651.205,1073,9850.14,medium_airport,large_airport,4785000,347925,125250,5268025.14,2631626.065
10000,10000,JFK,SJC,396,84317,212.9217172,0.667003189,133.4006378,241,6845338.184,1125234.38,7970572.564,2569,23583.42,large_airport,large_airport,4820000,298050,198150,5339783.42,2630789.144
10000,10000,LGA,SAV,153,35801,233.9934641,0.659547619,131.9095238,210,6481852.948,969535,7451387.948,722,6627.96,large_airport,large_airport,4200000,509175,107625,4823427.96,2627959.988
10000,10000,BDL,STL,119,43601,366.394958,0.641980708,128.3961416,86,4045758.108,386472.3864,4432230.494,957,8785.26,large_airport,large_airport,1720000,53550,32550,1814885.26,2617345.234
10000,10000,DCA,SRQ,106,39098,368.8490566,0.641854993,128.3709986,85,4024709.348,381903.7209,4406613.069,851,7812.18,large_airport,large_airport,1700000,80775,7425,1796012.18,2610600.889
10000,10000,CLE,LAX,770,165587,215.0480519,0.646611394,129.3222789,250,6952626.037,1131569.94,8084195.977,2052,18837.36,large_airport,large_airport,5000000,268200,190650,5477687.36,2606508.617
10000,10000,FLL,LAS,872,182305,209.065367,0.662359551,132.4719101,267,7394642.03,1237950,8632592.03,2173,19948.14,large_airport,large_airport,5340000,592950,78450,6031348.14,2601243.89
10000,10000,FLL,MCI,575,124678,216.8313043,0.661729859,132.3459718,215,6169801.182,995903.4375,7165704.619,1242,11401.56,large_airport,large_airport,4300000,207750,50250,4569401.56,2596303.059
10000,10000,BWI,ORD,771,124386,161.3307393,0.656512193,131.3024386,653,13832577.02,3000917.233,16833494.26,621.1741788,5702.378961,large_airport,large_airport,13060000,1004400,168975,14239077.38,2594416.878
10000,10000,ONT,SEA,502,113135,225.3685259,0.648259804,129.6519608,204,5960772.141,925715,6886487.141,956,8776.08,large_airport,large_airport,4080000,159300,44025,4292101.08,2594386.061
5000,10000,EGE,MIA,283,91354,322.8056537,0.670639847,134.1279693,87,3766862.214,408419.6667,4175281.881,1810,16615.8,medium_airport,large_airport,1305000,245175,20025,1586815.8,2588466.081
5000,10000,ACV,LAX,357,124063,347.5154062,0.63591954,127.183908,87,3845257.969,387275,4232532.969,577,5296.86,medium_airport,large_airport,1305000,303825,32625,1646746.86,2585786.109
10000,10000,SAN,STL,453,97379,214.9646799,0.6431676,128.6335201,238,6581095.906,1071517.222,7652613.128,1557,14293.26,large_airport,large_airport,4760000,231075,61650,5067018.26,2585594.868
10000,10000,FLL,STL,619,141045,227.8594507,0.647270563,129.4541126,211,6223939.371,956018.6215,7179957.992,1057,9703.26,large_airport,large_airport,4220000,329100,35775,4594578.26,2585379.732
10000,10000,MDW,SLC,162,39279,242.462963,0.64425228,128.8504561,177,5529739.015,798228.5754,6327967.59,1259,11557.62,large_airport,large_airport,3540000,173100,33975,3758632.62,2569334.97
10000,10000,BOS,SRQ,235,69288,294.8425532,0.657674419,131.5348837,129,5002888.443,593880,5596768.443,1220,11199.6,large_airport,large_airport,2580000,393000,48750,3032949.6,2563818.843
10000,10000,MSY,PHL,662,146899,221.9018127,0.645358366,129.0716733,230,6587484.8,1039026.97,7626511.77,1089,9997.02,large_airport,large_airport,4600000,319050,134100,5063147.02,2563364.75
10000,10000,CLT,FLL,493,79453,161.1622718,0.649928571,129.9857143,609,12757814.95,2770645.5,15528460.45,632,5801.76,large_airport,large_airport,12180000,720000,64200,12970001.76,2558458.687
10000,10000,DEN,RSW,444,100612,226.6036036,0.645038652,129.0077304,215,6285227.57,970783.1713,7256010.741,1607,14752.26,large_airport,large_airport,4300000,301650,81825,4698227.26,2557783.481
10000,10000,BOS,EWR,1044,166865,159.8323755,0.649323076,129.8646152,1134,23537950.3,5154326.576,28692276.88,200,1836,large_airport,large_airport,22680000,3128400,344175,26154411,2537865.878
5000,10000,LGB,SLC,1108,137821,124.3871841,0.652097054,130.4194107,577,9360384.379,2633820,11994204.38,588,5397.84,medium_airport,large_airport,8655000,682725,114450,9457572.84,2536631.539
10000,10000,LAX,STL,663,119240,179.8491704,0.649634912,129.9269825,399,9323536.746,1814430.31,11137967.06,1592,14614.56,large_airport,large_airport,7980000,428400,178425,8601439.56,2536527.496
10000,10000,DCA,DSM,154,56059,364.0194805,0.670300654,134.0601307,81,3952840.431,380060.4706,4332900.901,897,8234.46,large_airport,large_airport,1620000,134175,35475,1797884.46,2535016.441
10000,10000,MKE,SLC,120,49041,408.675,0.650272807,130.0545614,75,3986253.591,341393.2237,4327646.815,1247,11447.46,large_airport,large_airport,1500000,248100,45150,1804697.46,2522949.355
10000,10000,DAL,SFO,418,79397,189.9449761,0.645423629,129.0847259,379,9292699.17,1712308.889,11005008.06,1476,13549.68,large_airport,large_airport,7580000,790575,98175,8482299.68,2522708.378
10000,10000,LAX,TUS,644,100542,156.121118,0.646912709,129.3825417,779,15735291.36,3527615,19262906.36,451,4140.18,large_airport,large_airport,15580000,1051725,110025,16745890.18,2517016.183
5000,10000,FSD,PHX,113,38097,337.1415929,0.672051282,134.4102564,78,3534592.46,366940,3901532.46,1081,9923.58,medium_airport,large_airport,1170000,190800,18300,1389023.58,2512508.88
5000,10000,OGG,SJC,401,87721,218.755611,0.639689441,127.9378882,161,4505928.075,720930,5226858.075,2355,21618.9,medium_airport,large_airport,2415000,208275,74100,2718993.9,2507864.175
10000,10000,HNL,SMF,290,100472,346.4551724,0.653388889,130.6777778,90,4074659.283,411635,4486294.283,2462,22601.16,large_airport,large_airport,1800000,106575,50100,1979276.16,2507018.123
10000,10000,BOS,PDX,320,120696,377.175,0.644107143,128.8214286,84,4081410.675,378735,4460145.675,2537,23289.66,large_airport,large_airport,1680000,148800,102600,1954689.66,2505456.015
10000,10000,JAX,LGA,349,76674,219.6962751,0.641020408,128.2040816,245,6900660,1099350,8000010,833,7646.94,large_airport,large_airport,4900000,431550,155850,5495046.94,2504963.06
10000,10000,LAX,MCI,913,156750,171.686747,0.650463158,130.0926316,475,10609210.84,2162790,12772000.84,1363,12512.34,large_airport,large_airport,9500000,548175,209850,10270537.34,2501463.503
10000,10000,PDX,PHX,1702,254133,149.3143361,0.648505161,129.7010321,840,16267627.74,3813210.344,20080838.08,1009,9262.62,large_airport,large_airport,16800000,597450,174750,17581462.62,2499375.464
10000,10000,BOS,MSY,533,126170,236.7166979,0.637133333,127.4266667,225,6786904.447,1003485,7790389.447,1368,12558.24,large_airport,large_airport,4500000,620550,160575,5293683.24,2496706.207
10000,10000,LAS,MSY,563,126661,224.9751332,0.643365263,128.6730525,211,6108078.035,950250.493,7058328.528,1500,13770,large_airport,large_airport,4220000,278475,54150,4566395,2491933.528
10000,10000,ATL,PWM,145,54838,378.1931034,0.655625,131.125,80,3967245.655,367150,4334395.655,1027,9427.86,large_airport,large_airport,1600000,190050,55275,1854752.86,2479642.795
10000,10000,SLC,TPA,305,126514,414.8,0.636176471,127.2352941,68,3588849.6,302820,3891669.6,1888,17331.84,large_airport,large_airport,1360000,5400,30675,1413406.84,2478262.76
10000,10000,BHM,BWI,106,36254,342.0188679,0.657003831,131.4007663,87,3909914.096,400115.3333,4310029.429,682,6260.76,large_airport,large_airport,1740000,73875,16950,1837085.76,2472943.669
10000,10000,MIA,SAT,128,43075,336.5234375,0.653611111,130.7222222,90,3959198.242,411775,4370973.242,1143,10492.74,large_airport,large_airport,1800000,75825,12675,1898992.74,2471980.502
10000,5000,MSP,PSP,438,137985,315.0342466,0.630388889,126.0777778,90,3574693.596,397145,3971838.596,1454,13347.72,large_airport,medium_airport,1350000,92025,45525,1500897.72,2470940.876
10000,10000,BNA,CMH,161,38212,237.3416149,0.674175554,134.8351107,159,5088315.286,750357.3913,5838672.677,337,3093.66,large_airport,large_airport,3180000,169050,16350,3368493.66,2470179.017
10000,10000,CLE,DCA,291,49114,168.7766323,0.643564639,128.7129277,619,13446991.64,2788565.579,16235557.22,310,2845.8,large_airport,large_airport,12380000,1165275,221100,13769220.8,2466336.417
10000,10000,SAN,TUS,171,39980,233.8011696,0.647189669,129.4379338,175,5295979.555,792807.3446,6088786.9,367.6306818,3374.849659,large_airport,large_airport,3500000,115575,4200,3623149.85,2465637.05
10000,10000,MSP,SAN,1102,197804,179.4954628,0.648940513,129.7881027,411,9574810.352,1867001.857,11441812.21,1532,14063.76,large_airport,large_airport,8220000,408825,338925,8981813.76,2459998.449
10000,10000,AUS,MCO,966,174106,180.2339545,0.675057845,135.0115691,345,8395115.802,1630264.697,10025380.5,994,9124.92,large_airport,large_airport,6900000,585675,71850,7566649.92,2458730.578
10000,10000,BWI,SEA,339,116946,344.9734513,0.639784946,127.9569892,93,4105184.071,416500,4521684.071,2335,21435.3,large_airport,large_airport,1860000,54300,129075,2064810.3,2456873.771
10000,10000,MSY,SAN,308,108240,351.4285714,0.640854188,128.1708376,88,3963774.703,394766.1798,4358540.883,1599,14678.82,large_airport,large_airport,1760000,110100,19050,1903828.82,2454712.063
10000,10000,LGA,TYS,197,42443,215.4467005,0.6405521,128.11042,251,6927842.789,1125450.04,8053292.828,648,5948.64,large_airport,large_airport,5020000,365400,219750,5611098.64,2442194.188
5000,10000,PUW,SEA,578,87514,151.4083045,0.649809309,129.9618618,299,5883514.236,1360050.883,7243565.12,250,2295,medium_airport,large_airport,4485000,308850,5475,4801620,2441945.12
10000,10000,MCO,SJC,271,103196,380.797048,0.662900877,132.5801754,75,3786460.457,348022.9605,4134483.418,2421,22224.78,large_airport,large_airport,1500000,163725,7350,1693299.78,2441183.638
10000,5000,HOU,MAF,419,66121,157.8066826,0.653025208,130.6050417,262,5399911.268,1197648.232,6597559.5,441,4048.38,large_airport,medium_airport,3930000,201900,22800,4158748.38,2438811.12
10000,10000,ATL,DTW,1625,232835,143.2830769,0.643844219,128.7688438,1299,23967064.6,5854475.484,29821540.09,594,5452.92,large_airport,large_airport,25980000,967575,436275,27389302.92,2432237.167
10000,10000,BOS,STL,393,88692,225.6793893,0.625588365,125.1176731,227,6409680.972,994059.9127,7403740.885,1047,9611.46,large_airport,large_airport,4540000,326700,96225,4972536.46,2431204.425
10000,10000,ONT,PDX,494,100319,203.0748988,0.653649194,130.7298387,248,6583891.294,1134735,7718626.294,838,7692.84,large_airport,large_airport,4960000,295500,27300,5290492.84,2428133.454
10000,10000,CVG,RDU,166,43387,261.3674699,0.633552066,126.7104132,158,5232640.856,700708.5849,5933349.441,390,3580.2,large_airport,large_airport,3160000,304500,47100,3515180.2,2418169.241
10000,10000,DAL,TPA,381,73291,192.3648294,0.664129173,132.8258345,260,6643264.94,1208715.094,7851980.035,917,8418.06,large_airport,large_airport,5200000,209925,20175,5438518.06,2413461.975
5000,10000,BUR,SEA,756,113238,149.7857143,0.659802632,131.9605263,304,6008803.714,1404060,7412863.714,937,8601.66,medium_airport,large_airport,4560000,377100,56175,5001876.66,2410987.054
10000,10000,IAH,MCO,1135,173733,153.0687225,0.641857047,128.3714094,758,14894432.91,3405693.491,18300126.4,854,7839.72,large_airport,large_airport,15160000,612000,114300,15894139.72,2405986.681
10000,10000,CHA,DFW,103,25290,245.5339806,0.634378531,126.8757062,177,5513956.602,785995,6299951.602,695,6380.1,large_airport,large_airport,3540000,337725,27600,3911705.1,2388246.502
10000,10000,PHX,RDU,468,127205,271.8055556,0.645736434,129.1472868,129,4528280.556,583100,5111380.556,1891,17359.38,large_airport,large_airport,2580000,96525,39675,2733559.38,2377821.176
10000,10000,AUS,DCA,393,137005,348.6132316,0.626741573,125.3483146,89,3889129.211,390460,4279589.211,1315,12071.7,large_airport,large_airport,1780000,96975,22950,1911996.7,2367592.511
10000,10000,HOU,OAK,333,75203,225.8348348,0.654943894,130.9887788,183,5413474.749,838983.1283,6252457.877,1642,15073.56,large_airport,large_airport,3660000,158850,56175,3890098.56,2362359.317
5000,10000,LIH,SAN,134,57992,432.7761194,0.646111111,129.2222222,54,3019911.761,244230,3264141.761,2676,24565.68,medium_airport,large_airport,810000,36750,43800,915115.68,2349026.081
5000,10000,OGG,SMF,342,103939,303.9152047,0.647055556,129.4111111,90,3539700.389,407645,3947345.389,2404,22068.72,medium_airport,large_airport,1350000,149850,77400,1599318.72,2348026.669
10000,10000,MDW,ONT,136,46270,340.2205882,0.648882353,129.7764706,85,3752973.309,386085,4139058.309,1706,15661.08,large_airport,large_airport,1700000,51750,36900,1804311.08,2334747.229
10000,10000,AUS,SAN,666,118525,177.9654655,0.65603674,131.2073481,342,7985828.857,1570551.957,9556380.813,1164,10685.52,large_airport,large_airport,6840000,329925,47925,7228535.52,2327845.293
10000,10000,BNA,BOS,816,140353,172.0012255,0.655569193,131.1138385,539,12155388.35,2473462.564,14628850.91,942,8647.56,large_airport,large_airport,10780000,1308975,208650,12306272.56,2322578.354
10000,10000,HNL,LAS,1214,263124,216.7413509,0.643422487,128.6844975,232,6470770.424,1044918.12,7515688.544,2762,25355.16,large_airport,large_airport,4640000,413100,115500,5193955.16,2321733.384
10000,10000,OKC,SEA,137,43494,317.4744526,0.670111111,134.0222222,90,3829376.847,422170,4251546.847,1519,13944.42,large_airport,large_airport,1800000,66525,50325,1930794.42,2320752.427
10000,10000,PHX,SAT,537,84924,158.1452514,0.64300202,128.6004041,599,12182188.4,2696107.471,14878295.87,843,7738.74,large_airport,large_airport,11980000,511875,59250,12558863.74,2319432.127
10000,10000,DCA,STL,674,109580,162.5816024,0.649242987,129.8485973,613,12941038.72,2785901.656,15726940.38,719,6600.42,large_airport,large_airport,12260000,1053375,95175,13415150.42,2311789.959
10000,10000,AUS,MSP,634,139267,219.6640379,0.650073892,130.0147783,203,5797592.951,923755,6721347.951,1042,9565.56,large_airport,large_airport,4060000,206775,138600,4414940.56,2306407.391
10000,10000,DEN,TUL,381,63399,166.4015748,0.648902907,129.7805814,537,11596887.21,2439226.028,14036113.24,541,4966.38,large_airport,large_airport,10740000,898275,88725,11731966.38,2304146.857
5000,10000,ELP,HOU,277,45708,165.0108303,0.633778826,126.7557651,242,5061689.921,1073621.331,6135311.251,677,6214.86,medium_airport,large_airport,3630000,168675,27675,3832564.86,2302746.391
10000,10000,AUS,BNA,446,98384,220.5919283,0.637232473,127.4464947,193,5425937.925,860901.0714,6286838.997,756,6940.08,large_airport,large_airport,3860000,102900,19500,3989340.08,2297498.917
5000,10000,HPN,MCO,468,78074,166.8247863,0.656896552,131.3793103,261,5720421.923,1200150,6920571.923,972,8922.96,medium_airport,large_airport,3915000,630225,74550,4628697.96,2291873.963
10000,10000,ATL,BNA,559,77741,139.0715564,0.653675499,130.7350999,1215,22090563.58,5559510.123,27650073.7,214,1964.52,large_airport,large_airport,24300000,716400,342075,25360439.52,2289634.183
10000,10000,CVG,PHX,484,118454,244.7396694,0.644102254,128.8204509,161,5075923.405,725903.2407,5801826.646,1569,14403.42,large_airport,large_airport,3220000,178425,111450,3524278.42,2277548.226
10000,10000,BDL,MIA,170,56243,330.8411765,0.650987615,130.197523,88,3790573.748,401008.3708,4191582.118,1194,10960.92,large_airport,large_airport,1760000,126150,25050,1922160.92,2269421.198
10000,10000,SAN,SAT,356,80635,226.502809,0.649034295,129.8068591,179,5262889.66,813239.9722,6076129.632,1129,10364.22,large_airport,large_airport,3580000,163875,56100,3810339.22,2265790.412
10000,10000,MCI,TPA,364,97794,268.6648352,0.650286489,130.0572977,123,4297844.162,559896.6667,4857740.828,1048,9620.64,large_airport,large_airport,2460000,108075,15600,2593295.64,2264445.188
10000,10000,SJC,STL,158,50250,318.0379747,0.670381635,134.076327,87,3709798.624,408262.4157,4118061.04,1715,15743.7,large_airport,large_airport,1740000,87450,12675,1855868.7,2262192.34
10000,10000,CMH,STL,138,33247,240.9202899,0.637465331,127.4930661,159,4883790.965,709498.913,5593289.878,409,3754.62,large_airport,large_airport,3180000,138525,13650,3335929.62,2257360.258
10000,10000,DEN,ORF,154,44863,291.3181818,0.632280702,126.4561404,114,4199642.909,504560,4704202.909,1553,14256.54,large_airport,large_airport,2280000,120600,43350,2458206.54,2245996.369
10000,10000,CHS,DTW,137,61524,449.080292,0.630344828,126.0689655,58,3283675.095,255920,3539595.095,667,6123.06,large_airport,large_airport,1160000,122850,7950,1296923.06,2242672.035
10000,10000,ANC,PHX,253,99221,392.1778656,0.646287879,129.2575758,66,3345669.372,298585,3644254.372,2552,23427.36,large_airport,large_airport,1320000,10725,62325,1416477.36,2227777.012
10000,10000,DTW,MSY,681,121964,179.0954479,0.652603339,130.5206678,355,8298358.399,1621719.298,9920077.696,926,8500.68,large_airport,large_airport,7100000,337575,247350,7693425.68,2226652.016
10000,5000,ATL,BZN,113,57372,507.7168142,0.64902439,129.804878,41,2702068.885,186270,2888338.885,1640,15055.2,large_airport,medium_airport,615000,16575,33975,680605.2,2207733.685
10000,10000,CVG,SLC,272,72697,267.2683824,0.651942149,130.3884298,121,4216693.268,552195,4768888.268,1450,13311,large_airport,large_airport,2420000,77700,61350,2572361,2196527.268
10000,10000,GSP,IAH,119,31639,265.8739496,0.636590909,127.3181818,132,4468277.597,588210,5056487.597,837,7683.66,large_airport,large_airport,2640000,195900,18600,2862183.66,2194303.937
10000,10000,PDX,TUS,279,66023,236.6415771,0.65316264,130.632528,149,4606050.028,681248.6333,5287298.661,1119,10272.42,large_airport,large_airport,2980000,62925,41175,3094372.42,2192926.241
10000,10000,BHM,LAS,198,66148,334.0808081,0.633483146,126.6966292,89,3767095.192,394660,4161755.192,1618,14853.24,large_airport,large_airport,1780000,155400,19950,1970203.24,2191551.952
10000,10000,LAX,ORD,3825,557919,145.8611765,0.649388495,129.877699,1857,35179219.65,8441401.046,43620620.69,1744,16009.92,large_airport,large_airport,37140000,3487350,802500,41445859.92,2174760.774
10000,10000,LAS,PIT,583,125241,214.8216123,0.66228125,132.45625,192,5463257.317,890106,6353363.317,1910,17533.8,large_airport,large_airport,3840000,210975,111900,4180408.8,2172954.517
10000,10000,DAL,OAK,235,56640,241.0212766,0.643896872,128.7793744,151,4686823.952,680598.9937,5367422.946,1468,13476.24,large_airport,large_airport,3020000,133650,36750,3203876.24,2163546.706
10000,10000,AUS,RDU,319,115543,362.2037618,0.65369863,130.739726,73,3456872.702,334040,3790912.702,1162,10667.16,large_airport,large_airport,1460000,126825,34500,1631992.16,2158920.542
5000,10000,ALB,DCA,190,29228,153.8315789,0.66220974,132.4419479,309,6295489.976,1432359.667,7727849.642,318,2919.24,medium_airport,large_airport,4635000,844650,88350,5570919.24,2156930.402
10000,10000,IAH,RNO,111,43269,389.8108108,0.645661765,129.1323529,68,3422928.73,307335,3730263.73,1530,14045.4,large_airport,large_airport,1360000,185025,14850,1573920.4,2156343.33
10000,10000,ANC,LAX,235,77123,328.1829787,0.655418852,131.0837704,83,3570615.365,380798.3529,3951413.718,2345,21527.1,large_airport,large_airport,1660000,38175,89550,1809252.1,2142161.618
10000,10000,CHS,DCA,495,80198,162.0161616,0.659069325,131.8138649,512,10934259.94,2362104.459,13296364.4,444,4075.92,large_airport,large_airport,10240000,781125,133425,11158625.92,2137738.478
10000,10000,DTW,FLL,1946,306602,157.5549846,0.644231276,128.8462552,667,13540346.63,3007915.828,16548262.46,1127,10345.86,large_airport,large_airport,13340000,744225,320025,14414595.86,2133666.596
10000,10000,DCA,JAX,553,90865,164.3128391,0.654884763,130.9769526,471,10136482.81,2159155.063,12295637.87,634,5820.12,large_airport,large_airport,9420000,627300,123900,10177020.12,2118617.753
10000,5000,ATL,JAC,114,41792,366.5964912,0.641916667,128.3833333,60,2823892.772,269605,3093497.772,1572,14430.96,large_airport,medium_airport,900000,33600,36450,984480.96,2109016.812
10000,5000,LAX,MRY,138,20492,148.4927536,0.649253007,129.8506013,317,6112353.853,1440692.422,7553046.275,266,2441.88,large_airport,medium_airport,4755000,539700,149550,5446691.88,2106354.395
10000,10000,CMH,RDU,150,46200,308,0.657956989,131.5913978,93,3769304,428330,4197634,362,3323.16,large_airport,large_airport,1860000,198000,30375,2091698.16,2105935.84
10000,10000,PIT,SEA,143,45667,319.3496503,0.646206897,129.2413793,87,3590767.469,393540,3984307.469,2125,19507.5,large_airport,large_airport,1740000,39375,81075,1879957.5,2104349.969
10000,10000,STL,TPA,526,106930,203.2889734,0.658384265,131.6768529,209,5594606.521,963216.1792,6557822.7,869,7977.42,large_airport,large_airport,4180000,250425,17250,4455652.42,2102170.28
10000,10000,GEG,LAX,258,79956,309.9069767,0.6605,132.1,90,3684484.047,416115,4100599.047,945,8675.1,large_airport,large_airport,1800000,181050,23400,2013125.1,2087473.947
10000,10000,PBI,PHL,762,132765,174.2322835,0.651387341,130.2774683,359,8148776.141,1636936.389,9785712.53,951,8730.18,large_airport,large_airport,7180000,349275,162225,7700230.18,2085482.35
10000,5000,HNL,LGB,140,38550,275.3571429,0.640890137,128.1780275,89,3141231.452,399274.5556,3540506.008,2569,23583.42,large_airport,medium_airport,1335000,58800,39525,1456908.42,2083597.588
5000,10000,ELP,SAT,260,47595,183.0576923,0.653545292,130.7090585,162,3876222.374,741120.3614,4617342.735,496,4553.28,medium_airport,large_airport,2430000,90225,10950,2535728.28,2081614.455
10000,10000,DEN,TPA,1313,203302,154.8377761,0.649652932,129.9305863,633,12734797.2,2878612.139,15613409.34,1506,13825.08,large_airport,large_airport,12660000,725475,136050,13535350.08,2078059.256
10000,10000,MDW,SAT,209,50026,239.3588517,0.632148874,126.4297748,160,4841933.716,708006.7391,5549940.455,1036,9510.48,large_airport,large_airport,3200000,218925,57450,3485885.48,2064054.975
10000,10000,BUF,MIA,107,37177,347.4485981,0.662012987,132.4025974,77,3542238.458,356825,3899063.458,1185,10878.3,large_airport,large_airport,1540000,241575,51600,1844053.3,2055010.158
10000,10000,BWI,OAK,187,62368,333.5187166,0.653230183,130.6460366,80,3485831.876,365808.9024,3851640.778,2447,22463.46,large_airport,large_airport,1600000,122700,51525,1796688.46,2054952.318
10000,10000,BUF,DCA,102,19684,192.9803922,0.642645011,128.5290022,239,5928054.964,1075145.104,7003200.068,296,2717.28,large_airport,large_airport,4780000,115350,53325,4951392.28,2051807.788
10000,10000,FLL,HOU,372,68990,185.4569892,0.658592702,131.7185404,262,6400168.468,1207859.015,7608027.483,957,8785.26,large_airport,large_airport,5240000,275400,37725,5561910.26,2046117.223
10000,10000,FLL,SAT,182,55619,305.5989011,0.655815855,131.163171,89,3567415.563,408573.2778,3975988.841,1145,10511.1,large_airport,large_airport,1780000,115650,28200,1934361.1,2041627.741
10000,10000,FLL,SYR,214,60920,284.6728972,0.655825688,131.1651376,109,4069968.411,500395,4570363.411,1197,10988.46,large_airport,large_airport,2180000,286350,61650,2538988.46,2031374.951
10000,10000,BWI,SAT,419,93608,223.4081146,0.633207083,126.6414165,177,5007811.456,784543.5754,5792355.032,1407,12916.26,large_airport,large_airport,3540000,129300,88350,3770566.26,2021788.772
10000,10000,AUS,MIA,361,70286,194.6980609,0.651688233,130.3376467,257,6521757.178,1172387.132,7694144.31,1103,10125.54,large_airport,large_airport,5140000,490875,33975,5674975.54,2019168.77
10000,10000,LAS,SDF,249,70420,282.811245,0.651354089,130.2708178,103,3794731.372,469626.2981,4264357.67,1624,14908.32,large_airport,large_airport,2060000,132525,37875,2245308.32,2019049.35
10000,10000,MCO,PDX,556,168932,303.8345324,0.639888889,127.9777778,90,3499566.144,403130,3902696.144,2534,23262.12,large_airport,large_airport,1800000,15825,47475,1886562.12,2016134.024
10000,10000,MDW,SMF,173,52275,302.1676301,0.683614458,136.7228916,83,3428998.266,397180,3826178.266,1790,16432.2,large_airport,large_airport,1660000,117900,22650,1816982.2,2009196.066
10000,10000,DFW,MKE,343,67998,198.244898,0.653256651,130.6513302,248,6423437.985,1134053.546,7557491.531,853,7830.54,large_airport,large_airport,4960000,500550,86925,5555305.54,2002185.991
10000,10000,MCO,SAT,537,127125,236.7318436,0.645028991,129.0057983,147,4489347.728,663734.8322,5153082.56,1041,9556.38,large_airport,large_airport,2940000,176325,30000,3155881.38,1997201.18
10000,10000,BDL,RDU,139,45926,330.4028777,0.658666667,131.7333333,75,3264380.432,345800,3610180.432,532,4883.76,large_airport,large_airport,1500000,69225,42825,1616933.76,1993246.672
10000,10000,MCO,SMF,392,137839,351.630102,0.627095142,125.4190283,76,3351684.036,333614.6154,3685298.651,2408,22105.44,large_airport,large_airport,1520000,141225,11475,1694805.44,1990493.211
10000,5000,OAK,OGG,441,89837,203.7120181,0.655948669,131.1897339,143,3821664.339,656604.6181,4478268.957,2349,21563.82,large_airport,medium_airport,2145000,276225,45675,2488463.82,1989805.137
5000,10000,KOA,SJC,110,47800,434.5454545,0.649673913,129.9347826,46,2597278.182,209195,2806473.182,2384,21885.12,medium_airport,large_airport,690000,73875,36300,822060.12,1984413.062
10000,10000,BOS,SAV,246,62481,253.9878049,0.663672534,132.7345067,132,4450108.871,613233.4211,5063342.292,901,8271.18,large_airport,large_airport,2640000,376500,62775,3087546.18,1975796.112
10000,10000,ABQ,PDX,148,46187,312.0743243,0.659274525,131.8549051,79,3250733.902,364578.8125,3615312.715,1111,10198.98,large_airport,large_airport,1580000,31950,18075,1640223.98,1975088.735
10000,10000,AUS,PDX,324,103949,320.8302469,0.64382716,128.7654321,81,3346259.475,365050,3711309.475,1715,15743.7,large_airport,large_airport,1620000,93825,17775,1747343.7,1963965.775
10000,10000,CVG,SEA,169,69166,409.2662722,0.6909,138.18,50,2827620.675,241815,3069435.675,1965,18038.7,large_airport,large_airport,1000000,46650,45000,1109688.7,1959746.975
10000,10000,MSY,OAK,240,69027,287.6125,0.676136364,135.2272727,88,3422588.75,416500,3839088.75,1903,17469.54,large_airport,large_airport,1760000,72525,30000,1879994.54,1959094.21
10000,10000,AUS,SMF,207,66267,320.1304348,0.666118421,133.2236842,76,3241320.652,354375,3595695.652,1481,13595.58,large_airport,large_airport,1520000,86025,18150,1637770.58,1957925.072
10000,10000,DCA,LIT,110,34040,309.4545455,0.645795455,129.1590909,88,3517260.364,397810,3915070.364,888,8151.84,large_airport,large_airport,1760000,117675,73200,1959026.84,1956043.524
10000,5000,DAL,ELP,432,56981,131.900463,0.652681428,130.5362855,331,5699090.64,1512262.868,7211353.508,562,5159.16,large_airport,medium_airport,4965000,263175,28800,5262134.16,1949219.348
5000,10000,EUG,LAX,177,31813,179.7344633,0.640726257,128.1452514,179,4122749.119,802830,4925579.119,748,6866.64,medium_airport,large_airport,2685000,244350,52200,2988416.64,1937162.479
10000,10000,AUS,MDW,393,75614,192.4020356,0.661555568,132.3111137,227,5778722.567,1051211.798,6829934.365,972,8922.96,large_airport,large_airport,4540000,304575,43725,4897222.96,1932711.405
10000,10000,SEA,SNA,1826,259554,142.143483,0.651454912,130.2909824,1073,19871975.06,4893077.843,24765052.91,978,8978.04,large_airport,large_airport,21460000,980625,390075,22839678.04,1925374.867
10000,10000,RDU,TPA,639,104254,163.1517997,0.648811563,129.7623126,467,9886835.909,2120965,12007800.91,587,5388.66,large_airport,large_airport,9340000,658800,78975,10083163.66,1924637.249
5000,10000,SGU,SLC,127,16015,126.1023622,0.657630058,131.5260116,346,5738666.299,1592780,7331446.299,272,2496.96,medium_airport,large_airport,5190000,169575,49350,5411421.96,1920024.339
10000,10000,BOS,SJC,158,57481,363.8037975,0.649565217,129.9130435,69,3261137.241,313740,3574877.241,2689,24685.02,large_airport,large_airport,1380000,205200,49875,1659760.02,1915117.221
10000,10000,JFK,SAT,254,64990,255.8661417,0.665202258,133.0404516,124,4221027.834,577395.56,4798423.394,1587,14568.66,large_airport,large_airport,2480000,220875,169875,2885318.66,1913104.734
5000,10000,BUR,DAL,137,38042,277.6788321,0.636851852,127.3703704,81,2864812.511,361095,3225907.511,1243,11410.74,medium_airport,large_airport,1215000,56400,31575,1314385.74,1911521.771
10000,10000,FLL,PVD,580,106872,184.262069,0.652985428,130.5970856,272,6545432.259,1243284.255,7788716.513,1188,10905.84,large_airport,large_airport,5440000,346875,88425,5886205.84,1902510.673
10000,5000,ANC,KOA,131,49447,377.4580153,0.688979592,137.7959184,49,2548596.519,236320,2784916.519,2874,26383.32,large_airport,medium_airport,735000,18150,106950,886483.32,1898433.199
10000,10000,DCA,ROC,105,20093,191.3619048,0.668331467,133.6662934,229,5857507.762,1071335.342,6928843.104,296,2717.28,large_airport,large_airport,4580000,390225,67950,5040892.28,1887950.824
10000,10000,DAL,SLC,120,33060,275.5,0.629952381,125.9904762,105,3644589.5,463015,4107604.5,999,9170.82,large_airport,large_airport,2100000,101475,20625,2231270.82,1876333.68
10000,10000,HOU,SNA,144,39699,275.6875,0.676818182,135.3636364,88,3283989.5,416920,3700909.5,1357,12457.26,large_airport,large_airport,1760000,41025,20250,1833732.26,1867177.24
5000,5000,JNU,SIT,176,24927,141.6306818,0.645618639,129.1237278,159,2907773.177,718573.5455,3626346.722,95,872.1,medium_airport,medium_airport,1590000,100125,75000,1765997.1,1860349.622
10000,10000,ABQ,BWI,178,53403,300.0168539,0.661571736,132.3143472,82,3255115.803,379742.1765,3634857.979,1670,15330.6,large_airport,large_airport,1640000,65175,54975,1775480.6,1859377.379
5000,10000,JNU,SEA,209,35686,170.7464115,0.649719312,129.9438623,182,4038115.57,827742.4031,4865857.973,909,8344.62,medium_airport,large_airport,2730000,189750,89925,3018019.62,1847838.353
10000,10000,EWR,SJC,127,42907,337.8503937,0.679484399,135.8968798,72,3305722.632,342460.137,3648182.769,2548,23390.64,large_airport,large_airport,1440000,300375,38325,1802090.64,1846092.129
10000,10000,BOS,IAD,441,76716,173.9591837,0.65297654,130.5953079,341,7746924.327,1558655,9305579.327,413,3791.34,large_airport,large_airport,6820000,603075,32700,7459566.34,1846012.987
10000,10000,CHS,SEA,199,70874,356.1507538,0.65296875,130.59375,64,2976708,292530,3269238,2415,22169.7,large_airport,large_airport,1280000,64800,68775,1435744.7,1833493.3
10000,10000,BUF,FLL,627,118245,188.5885167,0.639988345,127.9976691,261,6300250.437,1169258.707,7469509.144,1166,10703.88,large_airport,large_airport,5220000,300150,107175,5638028.88,1831480.264
10000,10000,DAL,IND,138,36872,267.1884058,0.655680068,131.1360136,99,3468764.219,454386.2871,3923150.506,755,6930.9,large_airport,large_airport,1980000,94275,13275,2094480.9,1828669.606
10000,10000,HOU,SJC,151,45554,301.6821192,0.665443182,133.0886364,80,3212036.949,372648.1818,3584685.131,1621,14880.78,large_airport,large_airport,1600000,123075,19950,1757905.78,1826779.351
10000,10000,LAX,MKE,278,94890,341.3309353,0.644532005,128.906401,69,3035982.226,311308.9583,3347291.184,1756,16120.08,large_airport,large_airport,1380000,95100,29625,1520845.08,1826446.104
5000,5000,KTN,SIT,130,26678,205.2153846,0.654006242,130.8012484,89,2388976.137,407445.8889,2796422.026,183,1679.94,medium_airport,medium_airport,890000,49650,31875,973204.94,1823217.086
10000,10000,ABQ,MCI,129,40919,317.2015504,0.632634865,126.526973,77,3090360.505,340990.1923,3431350.697,718,6591.24,large_airport,large_airport,1540000,53475,13125,1613191.24,1818159.457
10000,10000,MCI,MSY,264,76586,290.0984848,0.645927961,129.1855922,90,3372889.01,406934.6154,3779823.626,689,6325.02,large_airport,large_airport,1800000,148800,13500,1968625.02,1811198.606
10000,10000,HNL,SJC,570,131390,230.5087719,0.6403125,128.0625,144,4250812.263,645435,4896247.263,2417,22188.06,large_airport,large_airport,2880000,129300,56400,3087888.06,1808359.203
10000,10000,MSP,MSY,577,128798,223.220104,0.643788777,128.7577553,151,4339939.249,680484.7368,5020423.986,1039,9538.02,large_airport,large_airport,3020000,98400,86100,3214038.02,1806385.966
5000,10000,HPN,TPA,133,36353,273.3308271,0.656104651,131.2209302,86,3084538.383,394975,3479513.383,1032,9473.76,medium_airport,large_airport,1290000,368250,6375,1674098.76,1805414.623
10000,10000,OKC,STL,108,23582,218.3518519,0.642012987,128.4025974,154,4317689.519,692090,5009779.519,462,4241.16,large_airport,large_airport,3080000,137550,9000,3230791.16,1778988.359
10000,10000,GEG,SAN,283,80412,284.1413428,0.658899268,131.7798537,86,3220192.993,396657.3596,3616850.353,1027,9427.86,large_airport,large_airport,1720000,105525,3900,1838852.86,1777997.493
10000,10000,LGA,SRQ,140,39756,283.9714286,0.652888889,130.5777778,90,3337232.229,411320,3748552.229,1047,9611.46,large_airport,large_airport,1800000,96975,64500,1971086.46,1777465.769
10000,10000,FLL,SAN,332,108654,327.2710843,0.675074627,135.0149254,67,2960494.229,316610,3277104.229,2269,20829.42,large_airport,large_airport,1340000,133725,14700,1509254.42,1767849.809
10000,10000,PHX,STL,841,131513,156.3769322,0.654909793,130.9819585,453,9278598.254,2076718.952,11355317.21,1262,11585.16,large_airport,large_airport,9060000,405375,114300,9591260.16,1764057.046
10000,10000,DSM,PHX,455,79028,173.6879121,0.666569829,133.3139657,275,6367631.7,1283146.92,7650778.62,1149.032668,10548.11989,large_airport,large_airport,5500000,296850,81825,5889223.12,1761555.5
10000,10000,JAX,MSP,251,94214,375.3545817,0.651578947,130.3157895,57,2788133.833,259980,3048113.833,1174,10777.32,large_airport,large_airport,1140000,89025,47700,1287502.32,1760611.513
5000,10000,ELP,LAS,327,48554,148.4831804,0.663082497,132.6164994,207,4076103.16,960806.5385,5036909.699,583,5351.94,medium_airport,large_airport,3105000,170100,10050,3290501.94,1746407.759
10000,10000,BOS,CHS,334,75696,226.6347305,0.658241625,131.648325,164,4893117.557,755661.3855,5648778.942,818,7509.24,large_airport,large_airport,3280000,559125,62400,3909034.24,1739744.702
10000,10000,DCA,MSN,170,61120,359.5294118,0.617,123.4,70,3105615.059,302330,3407945.059,707,6490.26,large_airport,large_airport,1400000,246375,21750,1674615.26,1733329.799
10000,10000,BOI,SEA,874,121436,138.9427918,0.649404581,129.8809163,1212,21871772.73,5509548.468,27381321.19,399,3662.82,large_airport,large_airport,24240000,1119375,286200,25649237.82,1732083.374
10000,10000,ABQ,OAK,341,74429,218.2668622,0.652699765,130.5399529,151,4302374.433,689903.6513,4992278.085,889,8161.02,large_airport,large_airport,3020000,210825,22575,3261561.02,1730717.065
10000,10000,CVG,DEN,607,98826,162.8105437,0.649710689,129.9421379,408,8631627.645,1855573.729,10487201.37,1069,9813.42,large_airport,large_airport,8160000,405600,184575,8759988.42,1727212.954
10000,10000,ICT,PHX,138,37624,272.6376812,0.653555556,130.7111111,90,3207309.681,411740,3619049.681,870,7986.6,large_airport,large_airport,1800000,63525,30075,1901586.6,1717463.081
10000,10000,AMA,IAH,106,20096,189.5849057,0.655135121,131.0270241,215,5340760.391,985978.3565,6326738.748,517,4746.06,large_airport,large_airport,4300000,264900,47775,4617421.06,1709317.688
10000,10000,BOS,RSW,1654,265065,160.2569528,0.652344741,130.4689482,853,17834998.34,3895150.449,21730148.79,1249,11465.82,large_airport,large_airport,17060000,2563425,387375,20022265.82,1707882.965
10000,10000,LAX,PIT,464,114136,245.9827586,0.652983193,130.5966387,119,3822818.052,543935,4366753.052,2136,19608.48,large_airport,large_airport,2380000,154950,105525,2660083.48,1706669.572
10000,10000,MCI,MCO,1141,197818,173.3724803,0.64467479,128.934958,310,6929669.775,1398944.295,8328614.07,1072,9840.96,large_airport,large_airport,6200000,380550,46575,6636965.96,1691648.11
10000,10000,MDW,SJC,116,32849,283.1810345,0.663931435,132.7862871,86,3233820,399686.7241,3633506.724,1838,16872.84,large_airport,large_airport,1720000,176175,31200,1944247.84,1689258.884
10000,10000,BOI,SAN,315,64153,203.6603175,0.643417608,128.6835217,177,4638767.656,797194.4167,5435962.073,749,6875.82,large_airport,large_airport,3540000,163275,37425,3747575.82,1688386.253
5000,10000,ALB,TPA,360,78958,219.3277778,0.653419749,130.6839499,97,2780274.171,443672.0098,3223946.18,1130,10373.4,medium_airport,large_airport,1455000,43650,27000,1536023.4,1687922.78
10000,10000,PDX,RNO,204,37107,181.8970588,0.641244635,128.248927,233,5435447.912,1045870,6481317.912,444,4075.92,large_airport,large_airport,4660000,102150,32100,4798325.92,1682991.992
10000,10000,BHM,DFW,231,36881,159.6580087,0.661595387,132.3190773,452,9548861.779,2093287.804,11642149.58,597,5480.46,large_airport,large_airport,9040000,891600,31425,9968505.46,1673644.122
10000,10000,CLE,STL,198,41820,211.2121212,0.648892405,129.778481,158,4330904.545,717675,5048579.545,487,4470.66,large_airport,large_airport,3160000,199650,12525,3376645.66,1671933.885
10000,5000,EWR,MTJ,142,44904,316.2253521,0.638114754,127.6229508,61,2461814.366,272475,2734289.366,1795,16478.1,large_airport,medium_airport,915000,83175,52650,1067303.1,1666986.266
5000,10000,FAT,PDX,160,24938,155.8625,0.663384207,132.6768414,178,3680923.268,826576.7222,4507499.99,626,5746.68,medium_airport,large_airport,2670000,126750,50100,2852596.68,1654903.31
10000,10000,BNA,OAK,194,51097,263.3865979,0.671611111,134.3222222,90,3184080.582,423115,3607195.582,1959,17983.62,large_airport,large_airport,1800000,108225,27375,1953583.62,1653611.962
10000,10000,DEN,HSV,130,26295,202.2692308,0.64319604,128.6392079,200,5203950.727,900474.4554,6104425.182,1048,9620.64,large_airport,large_airport,4000000,357525,85950,4453095.64,1651329.542
10000,10000,MCI,OAK,160,47748,298.425,0.664315068,132.8630137,73,2894424.075,339465,3233889.075,1489,13669.02,large_airport,large_airport,1460000,81225,31275,1586169.02,1647720.055
10000,10000,FLL,MKE,432,110264,255.2407407,0.6500563,130.0112599,101,3351601.2,459589.8039,3811191.004,1243,11410.74,large_airport,large_airport,2020000,108975,24075,2164460.74,1646730.264
10000,10000,CMH,LAS,620,110870,178.8225806,0.6617643,132.3528601,254,6011590.719,1176616.926,7188207.645,1771,16257.78,large_airport,large_airport,5080000,353850,102000,5552107.78,1636099.865
10000,10000,DEN,RDU,806,132448,164.3275434,0.650001243,130.0002487,379,8096433.551,1724453.298,9820886.849,1436,13182.48,large_airport,large_airport,7580000,434250,161550,8188982.48,1631904.369
10000,10000,MCI,SAN,562,102050,181.5836299,0.65204918,130.4098361,244,5777991.103,1113700,6891691.103,1334,12246.12,large_airport,large_airport,4880000,243900,127950,5264096.12,1627594.983
5000,10000,GRR,RSW,432,84344,195.2407407,0.664669421,132.9338843,121,3140447.315,562975,3703422.315,1147,10529.46,medium_airport,large_airport,1815000,227925,30075,2083529.46,1619892.855
10000,10000,BDL,LAX,319,164203,514.7429467,0.660441558,132.0883117,33,2243720.384,152562,2396282.384,2527,23197.86,large_airport,large_airport,660000,78525,15600,777322.86,1618959.524
10000,10000,HOU,IND,195,48263,247.5025641,0.654544597,130.9089194,106,3434431.08,485672.0909,3920103.171,861,7903.98,large_airport,large_airport,2120000,128175,46950,2303028.98,1617074.191
10000,10000,DAL,ONT,145,37681,259.8689655,0.662277778,132.4555556,90,3097897.938,417235,3515132.938,1200,11016,large_airport,large_airport,1800000,75750,12225,1898991,1616141.938
10000,10000,AUS,LAS,1097,173224,157.9070191,0.648571429,129.7142857,448,9176292.696,2033920,11210212.7,1090,10006.2,large_airport,large_airport,8960000,537750,89550,9597306.2,1612906.496
10000,10000,AUS,TPA,393,92819,236.1806616,0.661846847,132.3693694,111,3470202.461,514255,3984457.461,928,8519.04,large_airport,large_airport,2220000,135600,9600,2373719.04,1610738.421
10000,10000,LAS,OKC,440,82175,186.7613636,0.658289076,131.6578153,194,4770187.064,893956.5657,5664143.629,986,9051.48,large_airport,large_airport,3880000,139725,26175,4054951.48,1609192.149
10000,10000,BOI,SJC,198,39451,199.2474747,0.634805556,126.9611111,180,4553402.54,799855,5353257.54,523,4801.14,large_airport,large_airport,3600000,97650,41925,3744376.14,1608881.4
10000,10000,DAL,SMF,183,48733,266.3005464,0.633931159,126.7862319,92,3106218.341,408251.6667,3514470.007,1442,13237.56,large_airport,large_airport,1840000,37125,21450,1911812.56,1602657.447
10000,10000,OKC,PHX,362,60642,167.519337,0.660973871,132.1947743,301,6665699.465,1392671.947,8058371.412,833,7646.94,large_airport,large_airport,6020000,386025,46125,6459796.94,1598574.472
10000,10000,DEN,ONT,400,66159,165.3975,0.653898095,130.7796191,316,6835276.565,1446422.587,8281699.152,819,7518.42,large_airport,large_airport,6320000,302850,54825,6685193.42,1596505.732
10000,10000,MCI,SEA,458,85097,185.80131,0.656181435,131.2362869,237,5778978.146,1088605,6867583.146,1489,13669.02,large_airport,large_airport,4740000,428100,91275,5273044.02,1594539.126
10000,10000,DAY,LGA,118,24111,204.3305085,0.64244282,128.488564,219,5749655.262,984864.843,6734520.105,549,5039.82,large_airport,large_airport,4380000,661875,95475,5142389.82,1592130.285
10000,10000,MKE,STL,133,26664,200.481203,0.653156898,130.6313795,157,4111694.37,717819.4304,4829513.8,317,2910.06,large_airport,large_airport,3140000,78000,17625,3238535.06,1590978.74
10000,10000,PHX,SDF,152,70144,461.4736842,0.622179487,124.4358974,39,2239531.789,169855,2409386.789,1506,13825.08,large_airport,large_airport,780000,18300,11100,823225.08,1586161.709
10000,10000,DAL,SNA,151,44012,291.4701987,0.63974026,127.9480519,77,2871564.397,344820,3216384.397,1216,11162.88,large_airport,large_airport,1540000,52125,27150,1630437.88,1585946.517
10000,10000,BWI,IAH,436,75912,174.1100917,0.647782173,129.5564346,260,5864841.507,1178963.555,7043805.062,1235,11337.3,large_airport,large_airport,5200000,178800,79425,5469562.3,1574242.762
10000,10000,MCI,PDX,217,64861,298.8986175,0.636275676,127.2551351,74,2814692.413,329590.8,3144283.213,1482,13604.76,large_airport,large_airport,1480000,48900,32475,1574979.76,1569303.453
10000,10000,CLE,DEN,596,99169,166.3909396,0.641190025,128.2380051,396,8449706.292,1777378.75,10227085.04,1201,11025.18,large_airport,large_airport,7920000,565950,162375,8659350.18,1567734.862
10000,10000,HOU,RDU,164,41731,254.4573171,0.67032967,134.0659341,91,3104379.268,427000,3531379.268,1050,9639,large_airport,large_airport,1820000,115875,18900,1964414,1566965.268
10000,10000,DFW,PHL,1576,235044,149.1395939,0.648332907,129.6665813,845,16340965.99,3834889.143,20175855.13,1303,11961.54,large_airport,large_airport,16900000,1433550,263550,18609061.54,1566793.588
10000,10000,DAL,FLL,319,55078,172.6583072,0.652741902,130.5483805,270,6085870.844,1233682.196,7319553.039,1108,10171.44,large_airport,large_airport,5400000,309375,35925,5755471.44,1564081.599
10000,10000,BWI,MIA,465,80524,173.1698925,0.655483871,131.0967742,248,5630099.544,1137920,6768019.544,946,8684.28,large_airport,large_airport,4960000,200700,44775,5214159.28,1553860.264
10000,10000,BWI,DFW,578,95623,165.4377163,0.660448571,132.0897142,344,7517301.505,1590360.159,9107661.663,1217,11172.06,large_airport,large_airport,6880000,571950,91950,7555072.06,1552589.603
10000,5000,LAX,STS,188,26674,141.8829787,0.650194805,130.038961,231,4262022.798,1051365,5313387.798,400,3672,large_airport,medium_airport,3465000,237525,57900,3764097,1549290.798
10000,10000,BWI,MKE,183,36468,199.2786885,0.65797741,131.5954819,160,4195868.009,736934.6988,4932802.707,641,5884.38,large_airport,large_airport,3200000,144450,38700,3389034.38,1543768.327
10000,10000,CMH,HOU,164,41780,254.7560976,0.674602273,134.9204545,88,3024719.146,415555,3440274.146,1001,9189.18,large_airport,large_airport,1760000,64575,74775,1908539.18,1531734.966
10000,10000,JFK,RSW,605,106726,176.4066116,0.643779846,128.7559692,329,7472709.995,1482624.985,8955334.98,1074,9859.32,large_airport,large_airport,6580000,657750,177225,7424834.32,1530500.66
10000,10000,HOU,MKE,141,38193,270.8723404,0.646740033,129.3480066,84,2943090.972,380283.1395,3323374.112,1004,9216.72,large_airport,large_airport,1680000,69375,41625,1800216.72,1523157.392
10000,10000,CLE,FLL,741,126902,171.2577598,0.654368851,130.8737702,274,6141202.745,1255079.457,7396282.202,1062,9749.16,large_airport,large_airport,5480000,243825,147150,5880724.16,1515558.042
10000,10000,SAT,STL,335,67371,201.1074627,0.646212121,129.2424242,165,4288616.642,746375,5034991.642,786,7215.48,large_airport,large_airport,3300000,153675,60000,3520890.48,1514101.162
10000,5000,MCO,ORH,129,31765,246.2403101,0.646853933,129.3707865,89,2835210.93,402990,3238200.93,1091,10015.38,large_airport,medium_airport,1335000,352800,31200,1729015.38,1509185.55
10000,10000,LAS,TPA,942,152986,162.4055202,0.65625911,131.251822,339,7226130.922,1557302.868,8783433.79,1984,18213.12,large_airport,large_airport,6780000,375150,103350,7276713.12,1506720.67
5000,10000,LIH,SJC,201,53216,264.7562189,0.637183099,127.4366197,71,2395514.269,316680,2712194.269,2466,22637.88,medium_airport,large_airport,1065000,51600,68775,1208012.88,1504181.389
10000,10000,IAD,PDX,108,57602,533.3518519,0.638333333,127.6666667,30,2042737.593,134050,2176787.593,2327,21361.86,large_airport,large_airport,600000,43875,11175,676411.86,1500375.733
10000,10000,BNA,CLE,290,53090,183.0689655,0.656604278,131.3208556,187,4495624.586,859495,5355119.586,448,4112.64,large_airport,large_airport,3740000,94800,16650,3855562.64,1499556.946
10000,10000,MCO,SDF,349,75526,216.4068768,0.651040298,130.2080596,129,3634951.618,587889.3893,4222841.008,719,6600.42,large_airport,large_airport,2580000,144150,6375,2737125.42,1485715.588
10000,5000,HOU,HRL,142,16729,117.8098592,0.648769036,129.7538071,394,6022793.43,1789305,7812098.43,277,2542.86,large_airport,medium_airport,5910000,365625,58200,6336367.86,1475730.57
10000,10000,CMH,FLL,641,120792,188.4430577,0.638489197,127.6978393,204,4909009.347,911762.5728,5820771.92,973,8932.14,large_airport,large_airport,4080000,180750,75375,4345057.14,1475714.78
10000,10000,MIA,PVD,125,36332,290.656,0.643961039,128.7922078,77,2882435.552,347095,3229530.552,1209,11098.62,large_airport,large_airport,1540000,154425,55350,1760873.62,1468656.932
10000,10000,LAS,TUL,270,59105,218.9074074,0.663652174,132.7304348,115,3341402.667,534240,3875642.667,1076,9877.68,large_airport,large_airport,2300000,72975,25950,2408802.68,1466839.987
10000,10000,MCI,RDU,235,60423,257.1191489,0.642661849,128.5323698,91,3007380.152,409375.5978,3416755.749,904,8298.72,large_airport,large_airport,1820000,110550,14700,1953548.72,1463207.029
10000,10000,SEA,TPA,568,128762,226.693662,0.643675214,128.7350427,117,3414459.937,527170,3941629.937,2520,23133.6,large_airport,large_airport,2340000,34575,82425,2480133.6,1461496.337
10000,10000,MCI,RSW,294,75883,258.1054422,0.651896552,130.3793103,87,2927690.031,397005,3324695.031,1155,10602.9,large_airport,large_airport,1740000,117975,12450,1881027.9,1443667.131
10000,10000,ABQ,MDW,128,32976,257.625,0.637677299,127.5354597,89,2924212.73,397272.957,3321485.687,1121,10290.78,large_airport,large_airport,1780000,74250,19275,1883815.78,1437669.907
10000,10000,DFW,MCI,466,71044,152.4549356,0.649126126,129.8252252,555,10984835.48,2521855,13506690.48,460,4222.8,large_airport,large_airport,11100000,921675,63450,12089347.8,1417342.676
10000,10000,PIT,STL,197,50994,258.8527919,0.633386392,126.6772784,89,2918378.279,394599.7222,3312978.001,554,5085.72,large_airport,large_airport,1780000,110175,5100,1900360.72,1412617.281
5000,10000,KOA,OAK,271,65777,242.7195572,0.638346451,127.6692901,80,2479026.685,357474.0123,2836500.698,2378,21830.04,medium_airport,large_airport,1200000,131475,71325,1424630.04,1411870.658
10000,5000,ANC,BRW,522,101777,194.9750958,0.685172414,137.0344828,87,2324493.092,417270,2741763.092,725,6655.5,large_airport,medium_airport,1305000,6450,12600,1330705.5,1411057.592
10000,10000,HOU,TPA,333,55151,165.6186186,0.652668157,130.5336315,258,5577650.33,1178718.692,6756369.023,781,7169.58,large_airport,large_airport,5160000,166575,19275,5353019.58,1403349.443
10000,5000,BNA,ECP,131,18822,143.6793893,0.661785714,132.3571429,182,3461092.809,843115,4304207.809,401,3681.18,large_airport,medium_airport,2730000,164625,9150,2907456.18,1396751.629
10000,10000,MCO,OAK,177,48229,272.480226,0.647404306,129.4808612,76,2681354.049,344419.0909,3025773.14,2438,22380.84,large_airport,large_airport,1520000,78450,15975,1636805.84,1388967.3
10000,10000,MCO,MEM,484,94742,195.7479339,0.636791149,127.3582298,160,3988817.656,713206.087,4702023.743,684,6279.12,large_airport,large_airport,3200000,99600,12825,3318704.12,1383319.623
10000,10000,CVG,FLL,673,129762,192.8112927,0.634944444,126.9888889,180,4407280.529,800030,5207310.529,932,8555.76,large_airport,large_airport,3600000,177525,45975,3832055.76,1375254.769
10000,10000,AUS,CVG,207,48758,235.5458937,0.659545455,131.9090909,99,3075993.826,457065,3533058.826,958,8794.44,large_airport,large_airport,1980000,132675,38925,2160394.44,1372664.386
10000,10000,HOU,MCI,440,77846,176.9227273,0.642466328,128.4932655,229,5205943.785,1029873.523,6235817.308,666,6113.88,large_airport,large_airport,4580000,241200,48750,4876063.88,1359753.428
10000,10000,CID,DEN,135,26779,198.362963,0.631673724,126.3347448,197,4936846.457,871078.0653,5807924.523,692,6352.56,large_airport,large_airport,3940000,474150,28650,4449152.56,1358771.963
10000,10000,LAS,LIT,221,54346,245.9095023,0.655496879,131.0993758,89,2869233.82,408374.5556,3277608.375,1294,11878.92,large_airport,large_airport,1780000,107400,19950,1919228.92,1358379.455
10000,10000,IND,RSW,651,105298,161.7480799,0.644728916,128.9457831,332,6924435.3,1498350,8422785.3,945,8675.1,large_airport,large_airport,6640000,317475,111000,7077150.1,1345635.2
10000,10000,BNA,SAT,292,55171,188.9417808,0.652253086,130.4506173,162,3992906.654,739655,4732561.654,822,7545.96,large_airport,large_airport,3240000,114450,30600,3392595.96,1339965.694
10000,10000,DEN,SLC,1504,209930,139.581117,0.65092162,130.1843241,1793,32581093.15,8169717.257,40750810.41,391,3589.38,large_airport,large_airport,35860000,2882475,665775,39411839.38,1338971.031
10000,10000,AUS,MCI,263,63848,242.7680608,0.66804878,133.6097561,82,2659766.875,383460,3043226.875,650,5967,large_airport,large_airport,1640000,55650,6750,1708367,1334859.875
10000,10000,FLL,PIT,659,113952,172.9165402,0.654526643,130.9053286,219,4957217.538,1003389.344,5960606.882,994,9124.92,large_airport,large_airport,4380000,169950,75300,4634374.92,1326231.962
10000,10000,PHX,RSW,197,79703,404.5837563,0.643333333,128.6666667,39,2030201.289,175630,2205831.289,1868,17148.24,large_airport,large_airport,780000,58125,27900,883173.24,1322658.049
5000,10000,ASE,SFO,159,34132,214.6666667,0.632256109,126.4512219,155,4207453.657,685997.8788,4893451.535,848,7784.64,medium_airport,large_airport,2325000,1184250,55725,3572759.64,1320691.895
10000,10000,BNA,LAS,862,140619,163.1310905,0.65255,130.51,300,6387071.586,1370355,7757426.586,1587,14568.66,large_airport,large_airport,6000000,326775,95400,6436743.66,1320682.926
10000,10000,OAK,SAT,131,33651,256.8778626,0.652625248,130.5250496,85,2849964.639,388312.0225,3238276.661,1476,13549.68,large_airport,large_airport,1700000,159975,47250,1920774.68,1317501.981
10000,10000,GEG,SJC,119,27747,233.1680672,0.669,133.8,90,2807809.866,421470,3229279.866,742,6811.56,large_airport,large_airport,1800000,89250,21000,1917061.56,1312218.306
10000,10000,ABQ,SEA,246,58406,237.4227642,0.656236559,131.2473118,93,2897982.26,427210,3325192.26,1180,10832.4,large_airport,large_airport,1860000,121800,23250,2015882.4,1309309.86
10000,10000,DAL,PIT,121,31232,258.1157025,0.634859881,126.9719762,85,2785744.171,377741.6292,3163485.8,1060,9730.8,large_airport,large_airport,1700000,121200,23475,1854405.8,1309080
10000,10000,JFK,SYR,156,25245,161.8269231,0.646853444,129.3706889,429,8981398.361,1942500.893,10923899.25,209,1918.62,large_airport,large_airport,8580000,762075,274875,9618868.62,1305030.634
10000,10000,CHS,FLL,119,30119,253.1008403,0.658611111,131.7222222,90,3000510.462,414925,3415435.462,470,4314.6,large_airport,large_airport,1800000,287850,22500,2114664.6,1300770.862
10000,5000,PHX,ROW,131,26225,200.1908397,0.648636364,129.7272727,88,2285378.626,399560,2684938.626,433,3974.94,large_airport,medium_airport,1320000,52725,8400,1385099.94,1299838.686
10000,10000,DFW,FLL,900,127481,141.6455556,0.652408783,130.4817566,709,13103852.08,3237904.789,16341756.87,1119,10272.42,large_airport,large_airport,14180000,781050,73800,15045122.42,1296634.446
5000,10000,ELP,SAN,186,30185,162.2849462,0.65120438,130.2408759,137,2895650.296,624505,3520155.296,636,5838.48,medium_airport,large_airport,2055000,156525,19275,2236638.48,1283516.816
10000,10000,JFK,SMF,187,51903,277.5561497,0.633417722,126.6835443,79,2777781.947,350280,3128061.947,2521,23142.78,large_airport,large_airport,1580000,169800,77100,1850042.78,1278019.167
10000,5000,ANC,SCC,270,67872,251.3777778,0.656719035,131.3438069,61,2014031.773,280419.0278,2294450.801,626,5746.68,large_airport,medium_airport,915000,61125,44700,1026571.68,1267879.121
10000,10000,DAL,MKE,158,37903,239.8924051,0.67933631,135.8672619,80,2607481.938,380428.3333,2987910.272,850,7803,large_airport,large_airport,1600000,82425,31800,1722028,1265882.272
5000,10000,KOA,SAN,176,53109,301.7556818,0.69452381,138.9047619,42,1760442.648,204190,1964632.648,2556,23464.08,medium_airport,large_airport,630000,26850,33825,714139.08,1250493.568
10000,10000,CLE,RDU,153,43223,282.503268,0.656606625,131.3213251,69,2559810.54,317141,2876951.54,416,3818.88,large_airport,large_airport,1380000,237150,12750,1633718.88,1243232.66
10000,10000,SAT,TPA,334,76154,228.005988,0.657636058,131.5272116,94,2818965.233,432724.5263,3251689.76,972,8922.96,large_airport,large_airport,1880000,113025,18000,2019947.96,1231741.8
5000,10000,GRR,LAS,289,109843,380.0795848,0.640735294,128.1470588,34,1656006.751,152495,1808501.751,1642,15073.56,medium_airport,large_airport,510000,50400,11850,587323.56,1221178.191
10000,10000,DFW,ORD,2450,344872,140.7640816,0.658515278,131.7030555,1630,30218667.25,7513659.319,37732326.57,801.0189371,7353.353842,large_airport,large_airport,32600000,3579525,324525,36511403.35,1220923.214
10000,10000,AUS,OAK,181,44671,246.801105,0.62134769,124.2695381,89,2729617.479,387099.6111,3116717.09,1497,13742.46,large_airport,large_airport,1780000,88800,21600,1904142.46,1212574.63
10000,10000,IND,OAK,206,52010,252.4757282,0.661758772,132.3517544,75,2506170.417,347423.3553,2853593.772,1933,17744.94,large_airport,large_airport,1500000,75525,54225,1647494.94,1206098.832
10000,10000,IND,MCI,224,43662,194.9196429,0.659282327,131.8564654,131,3366885.384,604561.8939,3971447.278,451,4140.18,large_airport,large_airport,2620000,124350,16875,2765365.18,1206082.098
10000,10000,CVG,TPA,428,88021,205.6565421,0.627574627,125.5149254,134,3458937.381,588665,4047602.381,773,7096.14,large_airport,large_airport,2680000,123150,32025,2842271.14,1205331.241
10000,10000,BUF,LAS,344,77583,225.5319767,0.652069182,130.4138365,105,3088311.485,479270.8491,3567582.334,1986,18231.48,large_airport,large_airport,2100000,208425,37425,2364081.48,1203500.854
10000,10000,SAT,SEA,462,103464,223.9480519,0.667640449,133.5280899,89,2661398.649,415940,3077338.649,1774,16285.32,large_airport,large_airport,1780000,33525,45975,1875785.32,1201553.329
10000,10000,CLE,LAS,865,147370,170.3699422,0.649693979,129.9387959,264,5844343.597,1200634.474,7044978.07,1824,16744.32,large_airport,large_airport,5280000,417825,132675,5847244.32,1197733.75
10000,10000,SJC,TUS,252,45320,179.8412698,0.656297224,131.2594447,165,3894967.762,758023.2934,4652991.055,721.8463855,6626.549819,large_airport,large_airport,3300000,96900,53325,3456851.55,1196139.505
10000,10000,ANC,HNL,243,58436,240.4773663,0.642277778,128.4555556,90,2780158.831,404635,3184793.831,2777,25492.86,large_airport,large_airport,1800000,52500,119250,1997242.86,1187550.971
10000,10000,IAD,MIA,189,44656,236.2751323,0.630059759,126.0119518,95,2828481.604,418989.7396,3247471.344,921,8454.78,large_airport,large_airport,1900000,73125,85800,2067379.78,1180091.564
10000,10000,RNO,SAN,387,62232,160.8062016,0.653647541,130.7295082,244,5129396.217,1116430,6245826.217,488,4479.84,large_airport,large_airport,4880000,163200,19950,5067629.84,1178196.377
10000,10000,BWI,SMF,146,65917,451.4863014,0.655535714,131.1071429,28,1657406.212,128485,1785891.212,2395,21986.1,large_airport,large_airport,560000,15225,10575,607786.1,1178105.112
10000,10000,ATL,RSW,773,103681,134.1280724,0.649207562,129.8415123,945,16457545.22,4294508.02,20752053.24,515,4727.7,large_airport,large_airport,18900000,556575,116775,19578077.7,1173975.544
10000,10000,SAN,TPA,330,143109,433.6636364,0.695925926,139.1851852,27,1629707.945,131530,1761237.945,2087,19158.66,large_airport,large_airport,540000,24525,4350,588033.66,1173204.285
10000,10000,ATL,OAK,260,60805,233.8653846,0.638444444,127.6888889,90,2687581,402220,3089801,2130,19553.4,large_airport,large_airport,1800000,73650,25725,1918928.4,1170872.6
10000,10000,MCO,OMA,384,106918,278.4322917,0.666355932,133.2711864,59,2189313.109,275205,2464518.109,1211,11116.98,large_airport,large_airport,1180000,68250,38925,1298291.98,1166226.129
5000,5000,BLI,OGG,179,40937,228.698324,0.671960784,134.3921569,51,1567498.313,239890,1807388.313,2681,24611.58,medium_airport,medium_airport,510000,45675,62700,642986.58,1164401.733
5000,5000,JNU,KTN,247,50735,205.4048583,0.649473286,129.8946573,62,1654221.607,281871.4063,1936093.014,234,2148.12,medium_airport,medium_airport,620000,108300,42075,772523.12,1163569.894
10000,10000,DAL,MCO,594,90038,151.5791246,0.642232711,128.4465423,422,8216261.69,1897155.429,10113417.12,973,8932.14,large_airport,large_airport,8440000,465750,35550,8950232.14,1163184.979
10000,10000,MDW,SEA,203,38954,191.8916256,0.667512905,133.5025809,138,3535287.764,644817.4658,4180105.229,1733,15908.94,large_airport,large_airport,2760000,199350,42525,3017783.94,1162321.289
10000,10000,BHM,MDW,103,19735,191.6019417,0.64943662,129.8873239,142,3533906.214,645540,4179446.214,570,5232.6,large_airport,large_airport,2840000,177225,15675,3038132.6,1141313.614
10000,10000,FLL,ORD,1980,285205,144.0429293,0.662745803,132.5491607,784,14968731.2,3637148.969,18605880.16,1182,10850.76,large_airport,large_airport,15680000,1575600,203175,17469625.76,1136254.405
10000,5000,LAS,MAF,215,36599,170.227907,0.666891262,133.3782524,100,2270470.075,466823.8835,2737293.958,795,7298.1,large_airport,medium_airport,1500000,87975,8250,1603523.1,1133770.858
10000,10000,BNA,DTW,791,111150,140.5183312,0.658270291,131.6540582,559,10341392.98,2575811.649,12917204.63,456,4186.08,large_airport,large_airport,11180000,412275,189825,11786286.08,1130918.553
10000,10000,MCI,MKE,198,38417,194.0252525,0.643027647,128.6055295,135,3368617.245,607661.1268,3976278.372,436,4002.48,large_airport,large_airport,2700000,124425,19650,2848077.48,1128200.892
10000,10000,LAS,RSW,173,80819,467.1618497,0.661923077,132.3846154,26,1607971.087,120470,1728441.087,2070,19002.6,large_airport,large_airport,520000,60075,6150,605227.6,1123213.487
10000,10000,CMH,DAL,224,47667,212.7991071,0.667160606,133.4321212,99,2811029.39,462342.3,3273371.69,919,8436.42,large_airport,large_airport,1980000,148200,18450,2155086.42,1118285.27
5000,10000,ALB,RSW,220,52363,238.0136364,0.673714921,134.7429842,59,1892169.39,278244.2623,2170413.653,1205,11061.9,medium_airport,large_airport,885000,147600,11475,1055136.9,1115276.753
5000,10000,KOA,SMF,127,44297,348.7952756,0.631687457,126.3374913,37,1630439.044,163607.0513,1794046.095,2435,22353.3,medium_airport,large_airport,555000,60300,46125,683778.3,1110267.795
10000,10000,ABQ,DEN,411,59090,143.7712895,0.656342878,131.2685755,574,10832902.47,2637185.682,13470088.15,349,3203.82,large_airport,large_airport,11480000,803100,90075,12376378.82,1093709.327
10000,10000,JAX,MDW,136,30956,227.6176471,0.643089888,128.6179775,89,2605539.206,400645,3006184.206,849,7793.82,large_airport,large_airport,1780000,107250,18900,1913943.82,1092240.386
10000,10000,JFK,SRQ,134,27744,207.0447761,0.657952381,131.5904762,105,2860737.672,483595,3344332.672,1041,9556.38,large_airport,large_airport,2100000,103800,52425,2265781.38,1078551.292
10000,10000,MSP,TUS,384,95642,249.0677083,0.632083333,126.4166667,84,2644849.995,371665,3016514.995,1298,11915.64,large_airport,large_airport,1680000,175050,71175,1938140.64,1078374.355
10000,10000,SAN,SLC,1282,178552,139.276131,0.64875383,129.7507661,610,11023422.67,2770178.856,13793601.52,626,5746.68,large_airport,large_airport,12200000,421875,94200,12721821.68,1071779.845
10000,10000,MCO,ROC,402,90929,226.1915423,0.640397849,128.0795699,90,2607346.39,403450.6452,3010797.036,1033,9482.94,large_airport,large_airport,1800000,105600,27600,1942682.94,1068114.096
10000,10000,IND,TPA,689,115443,167.5515239,0.640352619,128.0705237,225,4828142.571,1008555.374,5836697.945,837,7683.66,large_airport,large_airport,4500000,232575,32175,4772433.66,1064264.285
10000,10000,MSY,RDU,323,79600,246.4396285,0.643875196,128.7750391,71,2253204.369,320005.9722,2573210.341,779,7151.22,large_airport,large_airport,1420000,64050,20700,1511901.22,1061309.121
10000,5000,BNA,PNS,122,16250,133.1967213,0.653042312,130.6084624,176,3061804.939,804548.1285,3866353.067,391,3589.38,large_airport,medium_airport,2640000,159675,13950,2817214.38,1049138.687
10000,10000,DFW,SAN,1021,144451,141.4799216,0.644196547,128.8393094,753,13725816.08,3395560,17121376.08,1171,10749.78,large_airport,large_airport,15060000,885000,117600,16073349.78,1048026.298
5000,10000,LIH,OAK,544,87942,161.6580882,0.629507576,125.9015152,132,2686595.768,581665,3268260.768,2457,22555.26,medium_airport,large_airport,1980000,145275,84825,2232655.26,1035605.508
10000,10000,MDW,PDX,157,32211,205.1656051,0.644884249,128.9768499,107,2831392.639,483018.3028,3314410.942,1751,16074.18,large_airport,large_airport,2140000,84450,39075,2279599.18,1034811.762
10000,10000,FLL,IND,852,141290,165.8333333,0.651032407,130.2064814,233,5031069.936,1061833.856,6092903.792,1005,9225.9,large_airport,large_airport,4660000,344250,51375,5064850.9,1028052.892
10000,10000,JFK,RNO,133,40781,306.6240602,0.606612903,121.3225806,62,2306426.18,263270,2569696.18,2411,22132.98,large_airport,large_airport,1240000,227625,52800,1542557.98,1027138.2
10000,10000,BWI,SJC,136,62295,458.0514706,0.619807692,123.9615385,26,1476299.89,112805,1589104.89,2439,22390.02,large_airport,large_airport,520000,8550,12600,563540.02,1025564.87
10000,10000,SEA,TUS,416,68509,164.6850962,0.651739791,130.3479582,268,5752986.094,1222663.848,6975649.942,1216,11162.88,large_airport,large_airport,5360000,503400,85275,5959837.88,1015812.062
10000,10000,JAX,LAS,279,83750,300.1792115,0.644390196,128.8780392,50,1934325.409,225536.5686,2159861.978,1965,18038.7,large_airport,large_airport,1000000,87675,41700,1147413.7,1012448.278
10000,10000,BNA,PIT,309,54166,175.2944984,0.652680696,130.5361392,162,3706927.26,740139.9091,4447067.169,462,4241.16,large_airport,large_airport,3240000,177525,23850,3445616.16,1001451.009
10000,10000,DTW,SAV,131,52139,398.0076336,0.656333333,131.2666667,30,1567354.061,137830,1705184.061,705,6471.9,large_airport,large_airport,600000,97275,7275,711021.9,994162.1611
10000,10000,MCO,SYR,404,78397,194.0519802,0.667446043,133.4892086,139,3600634.493,649425,4250059.493,1053,9666.54,large_airport,large_airport,2780000,422175,50025,3261866.54,988192.9526
10000,10000,ROC,TPA,288,65510,227.4652778,0.623461298,124.6922597,89,2524321.194,388416.3889,2912737.583,1079,9905.22,large_airport,large_airport,1780000,100575,35475,1925955.22,986782.3629
5000,10000,GRR,MCO,800,110450,138.0625,0.652109827,130.4219653,173,3115104.187,789705,3904809.187,1024,9400.32,medium_airport,large_airport,2595000,267825,48375,2920600.32,984208.8675
10000,10000,DTW,LAS,1985,282302,142.2176322,0.648259452,129.6518905,767,14142548,3480505,17623053,1749,16055.82,large_airport,large_airport,15340000,834150,450225,16640430.82,982622.183
10000,10000,PBI,PVD,170,49078,288.6941176,0.6494,129.88,50,1874779.6,227290,2102069.6,1148,10538.64,large_airport,large_airport,1000000,78975,31725,1121238.64,980830.96
5000,10000,BTV,JFK,146,17940,122.8767123,0.64377151,128.754302,455,7198511.926,2050412.26,9248924.186,266,2441.88,medium_airport,large_airport,6825000,1245525,195150,8268116.88,980807.3057
10000,10000,DEN,MKE,632,91842,145.3196203,0.648711239,129.7422477,462,8710591.507,2097932.146,10808523.65,896,8225.28,large_airport,large_airport,9240000,470250,109800,9828275.28,980248.3734
10000,5000,DEN,RKS,128,17608,137.5625,0.65476601,130.953202,174,3134479.473,797505,3931984.473,260,2386.8,large_airport,medium_airport,2610000,314775,26325,2953486.8,978497.6732
10000,10000,BDL,TPA,813,119354,146.8068881,0.663367735,132.673547,356,6933951.041,1653112.396,8587063.436,1111,10198.98,large_airport,large_airport,7120000,415275,101700,7647173.98,939889.4561
10000,10000,BUF,LGA,163,26617,163.2944785,0.651216132,130.2432263,293,6231523.918,1335644.286,7567168.204,292,2680.56,large_airport,large_airport,5860000,591000,174975,6628655.56,938512.6438
10000,10000,OMA,SEA,177,37627,212.5819209,0.651264368,130.2528736,87,2408978.328,396620,2805598.328,1368,12558.24,large_airport,large_airport,1740000,63450,65400,1881408.24,924190.0877
10000,10000,BHM,DAL,170,28703,168.8411765,0.648307428,129.6614856,178,3896811.205,807791.0556,4704602.26,587,5388.66,large_airport,large_airport,3560000,200625,14400,3780413.66,924188.6002
10000,10000,CMH,SEA,106,44800,422.6415094,0.641,128.2,25,1354566.038,112175,1466741.038,2016,18506.88,large_airport,large_airport,500000,25425,4050,547981.88,918759.1577
10000,10000,CMH,TPA,741,108866,146.9176788,0.664182061,132.8364122,298,5815773.168,1385483.779,7201256.947,829,7610.22,large_airport,large_airport,5960000,286500,34125,6288235.22,913021.7273
10000,10000,EWR,TYS,123,25113,204.1707317,0.628556911,125.7113821,120,3079990.184,527987.8049,3607977.989,631,5792.58,large_airport,large_airport,2400000,243375,48150,2697317.58,910660.4093
10000,10000,LAS,MEM,329,92922,282.43769,0.678452381,135.6904762,42,1609612.395,199465,1809077.395,1416,12998.88,large_airport,large_airport,840000,41250,8025,902273.88,906803.5151
10000,10000,MSP,OAK,142,35565,250.4577465,0.628024436,125.6048872,70,2202110.19,307731.9737,2509842.164,1578,14486.04,large_airport,large_airport,1400000,139875,49425,1603786.04,906056.1236
10000,10000,CVG,LAS,699,124546,178.1773963,0.640900474,128.1800948,211,4818985.86,946610,5765595.86,1678,15404.04,large_airport,large_airport,4220000,526350,107850,4869604.04,895991.8198
10000,10000,CHS,JFK,413,60503,146.496368,0.66030705,132.06141,372,7196904.293,1719439.558,8916343.851,636,5838.48,large_airport,large_airport,7440000,396450,180525,8022813.48,893530.3707
10000,10000,DEN,MSN,362,59524,164.4309392,0.648185328,129.6370656,259,5520933.215,1175160,6696093.215,826,7582.68,large_airport,large_airport,5180000,563025,52200,5802807.68,893285.5355
10000,10000,HOU,SLC,145,51246,353.4206897,0.660268817,132.0537634,30,1400115.964,138656.4516,1538772.416,1214,11144.52,large_airport,large_airport,600000,28950,6075,646169.52,892602.896
5000,10000,GRR,TPA,321,62558,194.8847352,0.663977226,132.7954451,69,1785706.556,320701,2106407.556,1041,9556.38,medium_airport,large_airport,1035000,161025,11325,1216906.38,889501.1761
10000,10000,MCI,SAT,278,59512,214.0719424,0.6500625,130.0125,80,2226562.273,364035,2590597.273,706,6481.08,large_airport,large_airport,1600000,62400,34500,1703381.08,887216.1934
10000,10000,LAS,LBB,148,29472,199.1351351,0.668909983,133.7819966,87,2317740.55,407366.1798,2725106.73,775,7114.5,large_airport,large_airport,1740000,86850,4800,1838764.5,886342.23
10000,10000,MDW,TPA,807,118893,147.3271375,0.650160851,130.0321702,388,7433019.763,1765836.872,9198856.635,997,9152.46,large_airport,large_airport,7760000,513525,45975,8328652.46,870204.1745
10000,10000,BUF,PHX,290,62475,215.4310345,0.644274889,128.8549778,86,2387305.06,387853.4831,2775158.543,1912,17552.16,large_airport,large_airport,1720000,139200,28650,1905402.16,869756.3832
10000,10000,HOU,SAN,426,69861,163.9929577,0.660862475,132.172495,176,3814863.076,814182.5691,4629045.645,1313,12053.34,large_airport,large_airport,3520000,168000,63975,3764028.34,865017.3047
10000,10000,ABQ,HOU,245,37253,152.0530612,0.652452073,130.4904145,243,4821476.479,1109820.976,5931297.454,759,6967.62,large_airport,large_airport,4860000,131025,68325,5066317.62,864979.8343
10000,10000,PVD,RSW,261,62042,237.7088123,0.644786058,128.9572115,64,1961872.998,288864.1538,2250737.151,1200,11016,large_airport,large_airport,1280000,75975,19725,1386716,864021.1514
10000,10000,BWI,DAL,531,76009,143.1431262,0.663461782,132.6923564,330,6268019.576,1532596.716,7800616.292,1209,11098.62,large_airport,large_airport,6600000,252075,78900,6942073.62,858542.6723
10000,10000,PDX,SFO,1359,196448,144.5533481,0.64154399,128.308798,1237,22943215.86,5555129.411,28498345.27,550,5049,large_airport,large_airport,24740000,2720175,175650,27640874,857471.2721
10000,10000,DTW,SRQ,136,64401,473.5367647,0.612142857,122.4285714,21,1217463.022,89985,1307448.022,1022,9381.96,large_airport,large_airport,420000,9525,14850,453756.96,853691.0621
10000,10000,MDW,PVD,112,20819,185.8839286,0.629211289,125.8422577,140,3274887.455,616627.0629,3891514.518,842,7729.56,large_airport,large_airport,2800000,203400,28050,3039179.56,852334.9579
10000,10000,AUS,SNA,241,66191,274.6514523,0.642490196,128.4980392,50,1764608.654,224871.5686,1989480.223,1209,11098.62,large_airport,large_airport,1000000,120900,14175,1146173.62,843306.6029
10000,10000,PHX,TUL,303,50320,166.0726073,0.643195266,128.6390533,169,3610418.482,760900,4371318.482,935,8583.3,large_airport,large_airport,3380000,110325,30150,3529058.3,842260.1818
10000,10000,DEN,MSY,1049,152331,145.2154433,0.641775115,128.3550229,529,9860100.589,2376493.249,12236593.84,1062,9749.16,large_airport,large_airport,10580000,623175,181425,11394349.16,842244.678
10000,10000,OMA,SAN,284,62691,220.7429577,0.6345,126.9,90,2521105.32,399735,2920840.32,1313,12053.34,large_airport,large_airport,1800000,32025,239700,2083778.34,837061.9804
10000,10000,MCO,ORF,289,49366,170.816609,0.662552448,132.5104895,143,3236803.924,663215,3900018.924,655,6012.9,large_airport,large_airport,2860000,170175,30900,3067087.9,832931.0239
10000,10000,DAY,DCA,176,27876,158.3863636,0.642518116,128.5036232,276,5617489.159,1241345,6858834.159,391,3589.38,large_airport,large_airport,5520000,441225,64575,6029389.38,829444.7791
10000,10000,CHS,MDW,108,19334,179.0185185,0.655338346,131.0676692,133,3120650.815,610120,3730770.815,745,6839.1,large_airport,large_airport,2660000,215175,19650,2901664.1,829106.7148
10000,10000,DCA,OMA,369,63196,171.2628726,0.648328465,129.665693,156,3464279.373,707974.6835,4172254.056,1012,9290.16,large_airport,large_airport,3120000,185250,34950,3349490.16,822763.8965
10000,10000,BWI,MEM,159,35666,224.3144654,0.615224067,123.0448134,82,2263259.986,353138.6145,2616398.601,787,7224.66,large_airport,large_airport,1640000,117525,35175,1799924.66,816473.9407
10000,10000,AUS,IND,250,81516,326.064,0.670833333,134.1666667,30,1312407.6,140875,1453282.6,919,8436.42,large_airport,large_airport,600000,20400,9825,638661.42,814621.18
10000,10000,PHL,RSW,1012,145325,143.6017787,0.648379762,129.6759523,433,8063194.975,1965239.057,10028434.03,993,9115.74,large_airport,large_airport,8660000,388200,158775,9216090.74,812343.2928
10000,10000,CLT,DAL,118,23488,199.0508475,0.650817104,130.1634207,89,2305913.389,405459.0556,2711372.445,926,8500.68,large_airport,large_airport,1780000,106050,8325,1902875.68,808496.7646
10000,10000,ATL,STL,826,107756,130.4552058,0.656618954,131.3237907,977,16737839.09,4490617.025,21228456.11,484,4443.12,large_airport,large_airport,19540000,750225,126525,20421193.12,807262.9947
10000,10000,AUS,PHX,792,106639,134.645202,0.653467089,130.6934177,699,12300471.9,3197414.465,15497886.37,872,8004.96,large_airport,large_airport,13980000,625875,83925,14697804.96,800081.4076
10000,5000,BOS,LGB,252,38236,151.7301587,0.644252902,128.8505804,134,2619769.549,604309.2222,3224078.771,2602,23886.36,large_airport,medium_airport,2010000,276225,115275,2425386.36,798692.4111
10000,10000,PDX,SNA,935,135561,144.9850267,0.643209524,128.6419048,348,6490600.201,1566858.4,8057458.601,859,7885.62,large_airport,large_airport,6960000,200100,92100,7260085.62,797372.9805
10000,10000,DEN,DTW,1186,169534,142.9460371,0.64469193,128.938386,659,12146181.43,2973963.873,15120145.3,1123,10309.14,large_airport,large_airport,13180000,698175,435225,14323709.14,796436.1647
10000,5000,ANC,OTZ,608,94499,155.4259868,0.639799383,127.9598765,100,1988829.009,447859.5679,2436688.577,548,5030.64,large_airport,medium_airport,1500000,102450,35175,1642655.64,794032.9367
10000,10000,BWI,DEN,1165,163121,140.0180258,0.647981684,129.5963369,608,11032660.53,2757810.049,13790470.57,1491,13687.38,large_airport,large_airport,12160000,626700,196350,12996737.38,793733.1941
10000,10000,PHL,SRQ,113,28927,255.9911504,0.677395833,135.4791667,48,1664710.451,227605,1892315.451,957,8785.26,large_airport,large_airport,960000,111075,18825,1098685.26,793630.1913
10000,10000,BNA,JAX,399,64187,160.8696742,0.637873632,127.5747264,200,4104580.933,893023.0846,4997604.018,483,4433.94,large_airport,large_airport,4000000,188550,11850,4204833.94,792770.0776
10000,10000,MSY,SAT,335,60793,181.4716418,0.660671506,132.1343013,114,2733563.659,527215.8621,3260779.521,494,4534.92,large_airport,large_airport,2280000,157200,28425,2470159.92,790619.6012
10000,10000,CLE,SLC,168,69749,415.172619,0.651850649,130.3701299,21,1136648.274,95822.04545,1232470.319,1565,14366.7,large_airport,large_airport,420000,9900,1875,446141.7,786328.619
5000,10000,SBA,SEA,169,27143,160.6094675,0.642471264,128.4942529,87,1795453.237,391265,2186718.237,908,8335.44,medium_airport,large_airport,1305000,60525,35325,1409185.44,777532.7967
10000,10000,ABQ,SAN,322,48353,150.1645963,0.656702329,131.3404657,237,4674277.058,1089469.163,5763746.221,628,5765.04,large_airport,large_airport,4740000,231525,15600,4992890.04,770856.1815
10000,10000,LAS,OMA,539,83215,154.3877551,0.660122383,132.0244766,254,5177272.49,1173697.597,6350970.087,1099,10088.82,large_airport,large_airport,5080000,448575,45825,5584488.82,766481.267
10000,5000,FLL,GRR,196,69560,354.8979592,0.659090909,131.8181818,22,1029204.082,101500,1130704.082,1198,10997.64,large_airport,medium_airport,330000,24000,2400,367397.64,763306.4416
10000,10000,DAL,DTW,170,34181,201.0647059,0.646141312,129.2282623,85,2208575.618,384454.0805,2593029.698,981,9005.58,large_airport,large_airport,1700000,96225,25350,1830580.58,762449.118
10000,10000,IND,LAS,833,125457,150.6086435,0.64622807,129.245614,285,5547669.382,1289225,6836894.382,1590,14596.2,large_airport,large_airport,5700000,257250,103200,6075046.2,761848.1818
5000,10000,FAT,SAN,228,27784,121.8596491,0.633920922,126.7841843,219,3383522.891,971800.7727,4355323.664,314,2882.52,medium_airport,large_airport,3285000,268350,39000,3595232.52,760091.1436
10000,10000,ATL,CMH,825,107485,130.2848485,0.653051324,130.6102648,884,15042620.08,4041081.591,19083701.67,447,4103.46,large_airport,large_airport,17680000,455025,193050,18332178.46,751523.2129
10000,10000,DAL,RDU,253,47934,189.4624506,0.641263142,128.2526283,98,2381307.611,439906.5152,2821214.126,1052,9657.36,large_airport,large_airport,1960000,87825,15900,2073382.36,747831.7664
10000,10000,BWI,HOU,545,80238,147.2256881,0.660897667,132.1795333,262,5098578.359,1212086.321,6310664.68,1246,11438.28,large_airport,large_airport,5240000,208875,103950,5564263.28,746401.4001
10000,10000,ABQ,MCO,215,64739,301.1116279,0.635857143,127.1714286,35,1340247.856,155785,1496032.856,1553,14256.54,large_airport,large_airport,700000,17550,20175,751981.54,744051.3158
10000,10000,HOU,PIT,228,45688,200.3859649,0.629252747,125.8505495,90,2269681.541,396429.2308,2666110.772,1131,10382.58,large_airport,large_airport,1800000,72675,41175,1924232.58,741878.1915
5000,10000,ALB,DEN,166,55204,332.5542169,0.686254941,137.2509881,22,1004154.687,105683.2609,1109837.948,1610,14779.8,medium_airport,large_airport,330000,15750,8175,368704.8,741133.1481
10000,10000,CLE,PHX,657,109538,166.7245053,0.639187817,127.8375635,197,4198789.942,881440,5080229.942,1737,15945.66,large_airport,large_airport,3940000,307425,82500,4345870.66,734359.2822
10000,10000,DCA,GSP,184,29359,159.5597826,0.649479865,129.895973,233,4829198.358,1059301.66,5888500.017,396,3635.28,large_airport,large_airport,4660000,421275,70725,5155635.28,732864.7373
10000,10000,MIA,RDU,455,70032,153.9164835,0.638088235,127.6176471,272,5342748.976,1214920,6557668.976,700,6426,large_airport,large_airport,5440000,336975,48675,5832076,725592.9758
10000,5000,FLL,HPN,401,57386,143.1072319,0.631895549,126.3791099,172,3110751.509,760802.2414,3871553.75,1097,10070.46,large_airport,medium_airport,2580000,507525,55050,3152645.46,718908.29
10000,5000,JFK,PSP,237,40380,170.3797468,0.626452185,125.290437,93,1985266.623,407820.3723,2393086.995,2378,21830.04,large_airport,medium_airport,1395000,170100,94050,1680980.04,712106.955
10000,10000,ABQ,AUS,262,54931,209.6603053,0.639357143,127.8714286,70,1876669.393,313285,2189954.393,619,5682.42,large_airport,large_airport,1400000,66225,14550,1486457.42,703496.9731
10000,10000,MKE,SEA,307,52296,170.3452769,0.633723534,126.7447069,173,3735132.657,767439.2,4502571.857,1694,15550.92,large_airport,large_airport,3460000,104775,222675,3803000.92,699570.9373
10000,10000,CVG,SAN,217,59121,272.4470046,0.666410256,133.2820513,39,1416179.53,181930,1598109.53,1865,17120.7,large_airport,large_airport,780000,84750,19650,901520.7,696588.83
10000,5000,ANC,OME,470,64850,137.9787234,0.668025605,133.6051209,95,1751293.082,444237.027,2195530.109,539,4948.02,large_airport,medium_airport,1425000,27150,48975,1506073.02,689457.0893
5000,10000,EGE,IAH,236,39895,169.0466102,0.656554054,131.3108108,74,1642625.911,340095,1982720.911,934,8574.12,medium_airport,large_airport,1110000,147600,28725,1294899.12,687821.791
10000,10000,GEG,LAS,573,88585,154.5986038,0.663278156,132.6556312,203,4163200.202,942518.2598,5105718.461,806,7399.08,large_airport,large_airport,4060000,305850,50250,4423499.08,682219.3815
10000,10000,LAS,ORD,1865,262912,140.9715818,0.647188748,129.4377496,1088,19852784.2,4928989.505,24781773.7,1514,13898.52,large_airport,large_airport,21760000,1957275,369900,24101073.52,680700.1842
10000,10000,MKE,PHX,1066,156683,146.9821764,0.632600909,126.5201818,430,7996371.018,1904128.736,9900499.754,1460,13402.8,large_airport,large_airport,8600000,426225,180375,9220002.8,680496.9537
10000,10000,BOS,ORF,126,40151,318.6587302,0.699933333,139.9866667,24,1070591.363,117588.8,1188180.163,468,4296.24,large_airport,large_airport,480000,36150,1950,522396.24,665783.9225
5000,10000,FSD,LAS,225,41405,184.0222222,0.66125,132.25,52,1265520.822,240695,1506215.822,1104,10134.72,medium_airport,large_airport,780000,29175,22125,841434.72,664781.1022
10000,10000,DTW,JAX,433,68148,157.3856813,0.638835649,127.7671298,254,5107614.061,1135849.784,6243463.846,813,7463.34,large_airport,large_airport,5080000,303300,189450,5580213.34,663250.5058
10000,10000,CMH,PBI,119,38614,324.487395,0.6714,134.28,25,1089304.185,117495,1206799.185,932,8555.76,large_airport,large_airport,500000,30225,11400,550180.76,656618.4249
10000,10000,LAS,TYS,154,48506,314.974026,0.674230769,134.8461538,26,1104298.935,122710,1227008.935,1739,15964.02,large_airport,large_airport,520000,30300,8025,574289.02,652719.9151
10000,5000,FLL,ORH,198,30893,156.0252525,0.660965909,132.1931818,88,1815041.763,407155,2222196.763,1211,11116.98,large_airport,medium_airport,1320000,201750,37950,1570816.98,651379.7826
10000,10000,COS,MCO,121,27193,224.7355372,0.6665,133.3,50,1497862.355,233275,1731137.355,1520,13953.6,large_airport,large_airport,1000000,31050,38775,1083778.6,647358.7554
5000,10000,PSP,SEA,1393,134870,96.81981335,0.65280037,130.5600739,541,6838673.877,2472155,9310828.877,987,9060.66,medium_airport,large_airport,8115000,433500,111675,8669235.66,641593.2165
10000,10000,MEM,TPA,260,46136,177.4461538,0.655898096,131.1796193,94,2188067.977,431580.9474,2619648.924,655,6012.9,large_airport,large_airport,1880000,89325,5175,1980512.9,639136.024
10000,10000,BWI,PIT,103,15379,149.3106796,0.649695736,129.9391473,215,4171280.014,977792.0833,5149072.097,210,1927.8,large_airport,large_airport,4300000,154575,54975,4511477.8,637594.2971
10000,10000,RDU,SAN,276,99259,359.634058,0.608269231,121.6538462,26,1137522.525,110705,1248227.525,2193,20131.74,large_airport,large_airport,520000,65625,9075,614831.74,633395.7854
5000,10000,ALB,BWI,175,17928,102.4457143,0.644972467,128.9944933,394,5206683.606,1778834.063,6985517.669,289,2653.02,medium_airport,large_airport,5910000,365025,75825,6353503.02,632014.6493
10000,10000,DSM,MCO,228,65939,289.2061404,0.649411765,129.8823529,34,1277134.316,154560,1431694.316,1141,10474.38,large_airport,large_airport,680000,115800,7800,814074.38,617619.9358
10000,10000,MCO,MSN,254,59652,234.8503937,0.65310628,130.621256,45,1380440.403,205728.4783,1586168.882,1109,10180.62,large_airport,large_airport,900000,59775,16425,986380.62,599788.2615
10000,10000,BUF,LAX,233,50641,217.3433476,0.63475,126.95,60,1655504.279,266595,1922099.279,2218,20361.24,large_airport,large_airport,1200000,61950,42525,1324836.24,597263.039
10000,5000,FLL,SWF,110,18891,171.7363636,0.651720402,130.3440803,86,1925094.381,392335.6818,2317430.062,1118,10263.24,large_airport,medium_airport,1290000,395850,25725,1721838.24,595591.8224
10000,10000,HOU,SDF,135,24821,183.8592593,0.647833333,129.5666667,90,2143982.822,408135,2552117.822,803,7371.54,large_airport,large_airport,1800000,121125,30075,1958571.54,593546.2822
10000,10000,GEG,OAK,159,23604,148.4528302,0.654333333,130.8666667,180,3496954.868,824460,4321414.868,723,6637.14,large_airport,large_airport,3600000,90750,34950,3732337.14,589077.7279
10000,10000,ATL,RNO,114,54479,477.8859649,0.651,130.2,14,871090.5368,63798,934888.5368,1993,18295.74,large_airport,large_airport,280000,46275,5400,349970.74,584917.7968
10000,10000,CLE,SAN,213,76692,360.056338,0.598992308,119.7984615,25,1078354.884,104823.6538,1183178.538,2026,18598.68,large_airport,large_airport,500000,76275,8100,602973.68,580204.8579
10000,10000,PVD,TPA,535,84806,158.5158879,0.654913676,130.9827352,177,3675023.488,811438.0447,4486461.533,1136,10428.48,large_airport,large_airport,3540000,317700,39225,3907353.48,579108.053
10000,10000,LAS,ORF,175,63788,364.5028571,0.622108333,124.4216667,24,1088449.272,104514.2,1192963.472,2154,19773.72,large_airport,large_airport,480000,93375,23550,616698.72,576264.7518
10000,10000,IND,SRQ,132,36355,275.4166667,0.687321429,137.4642857,28,1060078.75,134715,1194793.75,876,8041.68,large_airport,large_airport,560000,53850,2250,624141.68,570652.07
10000,10000,PBI,STL,182,46717,256.6868132,0.660142857,132.0285714,35,1186149.764,161735,1347884.764,1023,9391.14,large_airport,large_airport,700000,78150,8775,796316.14,551568.6237
10000,10000,DAL,SAN,553,76749,138.7866184,0.658456993,131.6913986,410,7493571.595,1889771.57,9383343.165,1182,10850.76,large_airport,large_airport,8200000,501450,119625,8831925.76,551417.4055
10000,10000,HOU,PHL,142,44249,311.6126761,0.684772727,136.9545455,22,938888.993,105455,1044343.993,1336,12264.48,large_airport,large_airport,440000,37350,5100,494714.48,549629.513
10000,10000,HOU,OMA,165,29823,180.7454545,0.636320225,127.2640449,88,2024210.993,391973.2584,2416184.252,804,7380.72,large_airport,large_airport,1760000,84900,14700,1866980.72,549203.5317
10000,10000,DAL,PHL,161,28121,174.6645963,0.658707865,131.741573,89,2047942.391,410375,2458317.391,1295,11888.1,large_airport,large_airport,1780000,72525,45225,1909638.1,548679.2913
10000,10000,GEG,SMF,176,30544,173.5454545,0.645384615,129.0769231,91,2038464.909,411110,2449574.909,649,5957.82,large_airport,large_airport,1820000,61200,15525,1902682.82,546892.0891
10000,10000,ORF,PHX,106,43013,405.7830189,0.619705882,123.9411765,17,854984.8208,73745,928729.8208,2029,18626.22,large_airport,large_airport,340000,9075,17175,384876.22,543853.6008
10000,10000,BNA,CHS,175,30055,171.7428571,0.639789474,127.9578947,95,2087706.171,425460,2513166.171,439,4030.02,large_airport,large_airport,1900000,58800,7800,1970630.02,542536.1514
10000,10000,SAT,SNA,173,40267,232.7572254,0.682645074,136.5290148,38,1207568.358,181583.5897,1389151.948,1177,10804.86,large_airport,large_airport,760000,66000,11625,848429.86,540722.0878
10000,10000,MDW,ORF,112,20270,180.9821429,0.6564,131.28,96,2280896.229,441100.8,2721997.029,704,6462.72,large_airport,large_airport,1920000,250050,6375,2182887.72,539109.3086
10000,10000,BNA,RIC,164,49074,299.2317073,0.615384615,123.0769231,26,957541.4634,112000,1069541.463,527,4837.86,large_airport,large_airport,520000,4125,4200,533162.86,536378.6034
10000,10000,HOU,MCO,716,99385,138.8058659,0.650434633,130.0869267,364,6572685.574,1657307.446,8229993.02,849,7793.82,large_airport,large_airport,7280000,368025,39300,7695118.82,534874.1997
10000,10000,MSY,SMF,198,87287,440.8434343,0.638214286,127.6428571,14,787787.2172,62545,850332.2172,1878,17240.04,large_airport,large_airport,280000,11850,6450,315540.04,534792.1772
10000,10000,CLT,HOU,119,20166,169.4621849,0.670741828,134.1483657,88,2000510.613,413176.9663,2413687.579,920,8445.6,large_airport,large_airport,1760000,103800,10875,1883120.6,530566.9791
10000,10000,IND,MSY,209,66318,317.3110048,0.642826087,128.5652174,23,938288.6411,103495,1041783.641,707,6490.26,large_airport,large_airport,460000,42300,4125,512915.26,528868.3811
10000,10000,CID,LAS,188,41839,222.5478723,0.654302326,130.8604651,43,1252276.878,196945,1449221.878,1319,12108.42,large_airport,large_airport,860000,32025,21300,925433.42,523788.4577
5000,10000,FAR,LAS,256,41806,163.3046875,0.628359375,125.671875,64,1313459.602,281505,1594964.602,1205,11061.9,medium_airport,large_airport,960000,83175,19800,1074036.9,520927.7016
10000,10000,DEN,SAV,132,34032,257.8181818,0.722,144.4,25,930723.6364,126350,1057073.636,1414,12980.52,large_airport,large_airport,500000,20400,5550,538930.52,518143.1164
10000,10000,MCO,TYS,102,37830,370.8823529,0.7128125,142.5625,16,845982.6471,79835,925817.6471,532,4883.76,large_airport,large_airport,320000,84450,2400,411733.76,514083.8871
10000,10000,DCA,MKE,360,55262,153.5055556,0.666135406,133.2270812,152,3108566.761,708768.0719,3817334.833,634,5820.12,large_airport,large_airport,3040000,246750,14475,3307045.12,510289.7129
10000,10000,RSW,SLC,132,38246,289.7424242,0.6944,138.88,25,1005985.697,121520,1127505.697,1985,18222.3,large_airport,large_airport,500000,74775,28425,621422.3,506083.397
10000,5000,DEN,PNS,176,33131,188.2443182,0.652,130.4,40,981882.3636,182560,1164442.364,1179,10823.22,large_airport,medium_airport,600000,37350,12225,660398.22,504044.1436
10000,10000,MCO,MHT,577,84725,146.8370884,0.66525709,133.0514179,200,3907376.562,931359.9254,4838736.488,1142,10483.56,large_airport,large_airport,4000000,275025,49500,4335008.56,503727.9278
10000,10000,DSM,LAS,375,61256,163.3493333,0.631553778,126.3107557,136,2806057.772,601239.1971,3407296.969,1216,11162.88,large_airport,large_airport,2720000,127125,46500,2904787.88,502509.089
10000,5000,BOS,MYR,175,24367,139.24,0.66637931,133.2758621,87,1614487.8,405825,2020312.8,738,6774.84,large_airport,medium_airport,1305000,178500,29175,1519449.84,500862.96
10000,10000,GSO,MCO,171,38719,226.4269006,0.627,125.4,45,1277727,197505,1475232,535,4911.3,large_airport,large_airport,900000,66000,4050,974961.3,500270.7
10000,5000,SNA,STS,121,16435,135.8264463,0.645898876,129.1797753,89,1561596.653,402395,1963991.653,433,3974.94,large_airport,medium_airport,1335000,110400,15000,1464374.94,499616.7129
10000,10000,DEN,PDX,1160,153281,132.1387931,0.655111402,131.0222805,763,13209915.15,3498950,16708865.15,991,9097.38,large_airport,large_airport,15260000,753450,187425,16209972.38,498892.7666
10000,10000,AUS,MSY,547,76354,139.5868373,0.653331656,130.6663311,257,4687500.076,1175343.649,5862843.724,444,4075.92,large_airport,large_airport,5140000,170400,54150,5368625.92,494217.8043
10000,10000,RDU,RSW,139,36602,263.323741,0.665357143,133.0714286,28,981144.259,130410,1111554.259,667,6123.06,large_airport,large_airport,560000,41925,12375,620423.06,491131.199
10000,10000,MSY,PIT,249,76810,308.4738956,0.660107143,132.0214286,20,814503.2874,92415,906918.2874,918,8427.24,large_airport,large_airport,400000,6825,3150,418402.24,488516.0474
10000,5000,FLL,ISP,547,58790,107.4771481,0.668492424,133.6984848,220,3161297.008,1029478.333,4190775.341,1092,10024.56,large_airport,medium_airport,3300000,338625,55125,3703774.56,487000.7813
10000,5000,AUS,LGB,205,28930,141.1219512,0.628,125.6,90,1595242.537,395640,1990882.537,1226,11254.68,large_airport,medium_airport,1350000,133950,14775,1509979.68,480902.8566
10000,10000,OMA,STL,172,25191,146.4593023,0.643987207,128.7974414,197,3716125.932,888058.3586,4604184.291,342,3139.56,large_airport,large_airport,3940000,162300,18600,4124039.56,480144.7307
5000,10000,EAT,SEA,196,20861,106.4336735,0.650546093,130.1092186,242,3351216.505,1102025.081,4453241.586,99,908.82,medium_airport,large_airport,3630000,340125,4425,3975458.82,477782.7658
5000,5000,BLI,PSP,165,19789,119.9333333,0.622295082,124.4590164,60,895607.082,261363.9344,1156971.016,1078,9896.04,medium_airport,medium_airport,600000,55800,24450,690146.04,466824.9764
10000,10000,RSW,SYR,153,35896,234.6143791,0.641052632,128.2105263,38,1143041.255,170520,1313561.255,1186,10887.48,large_airport,large_airport,760000,56175,22800,849862.48,463698.7749
10000,10000,MDW,OAK,285,42117,147.7789474,0.668064198,133.6128396,163,3218461.861,762261.25,3980723.111,1844,16927.92,large_airport,large_airport,3260000,191400,54525,3522852.92,457870.1913
10000,5000,MCO,MDT,197,35395,179.6700508,0.662368421,132.4736842,38,904459.0355,176190,1080649.036,851,7812.18,large_airport,medium_airport,570000,39675,13050,630537.18,450111.8555
10000,5000,SAN,STS,129,16145,125.1550388,0.662055556,132.4111111,90,1491472.597,417095,1908567.597,508,4663.44,large_airport,medium_airport,1350000,54150,52425,1461238.44,447329.1569
5000,10000,LGB,SEA,268,33392,124.5970149,0.639768519,127.9537037,108,1721806.149,483665,2205471.149,965,8858.7,medium_airport,large_airport,1620000,91275,39375,1759508.7,445962.4493
5000,10000,BZN,LAS,123,24830,201.8699187,0.689230769,137.8461538,26,723501.7886,125440,848941.7886,701,6435.18,medium_airport,large_airport,390000,4650,5550,406635.18,442306.6086
10000,10000,MDW,SAN,522,75773,145.1590038,0.649925629,129.9851257,262,4943549.977,1191963.603,6135513.58,1728,15863.04,large_airport,large_airport,5240000,300450,137475,5693788.04,441725.5403
10000,10000,CMH,MSY,184,58307,316.8858696,0.646388889,129.2777778,18,737393.4185,81445,818838.4185,806,7399.08,large_airport,large_airport,360000,750,9150,377299.08,441539.3385
10000,10000,LAX,TUL,143,38023,265.8951049,0.641153846,128.2307692,26,886494.2797,116690,1003184.28,1283,11777.94,large_airport,large_airport,520000,7500,23325,562602.94,440581.3397
10000,10000,ORD,RSW,1752,243966,139.25,0.648423711,129.6847422,913,16487502.11,4144075.935,20631578.05,1120,10281.6,large_airport,large_airport,18260000,1653825,275700,20199806.6,431771.4501
5000,10000,ISP,TPA,442,52212,118.1266968,0.638891994,127.7783988,154,2324482.188,688725.5696,3013207.757,1034,9492.12,medium_airport,large_airport,2310000,234375,32175,2586042.12,427165.6371
10000,10000,LAS,SGF,121,31427,259.7272727,0.633269231,126.6538462,26,855281.9091,115255,970536.9091,1209,11098.62,large_airport,large_airport,520000,7500,8325,546923.62,423613.2891
10000,10000,MCO,OKC,285,72282,253.6210526,0.634137931,126.8275862,29,932818.2316,128730,1061548.232,1069,9813.42,large_airport,large_airport,580000,38625,13725,642163.42,419384.8116
10000,5000,ANC,CDV,139,17913,128.8705036,0.638193655,127.638731,85,1398153.741,379725.2247,1777878.966,160,1468.8,large_airport,medium_airport,1275000,63975,24075,1364518.8,413360.1658
10000,10000,BUF,RSW,412,66950,162.5,0.668386747,133.6773493,88,1911586.096,411726.236,2323312.331,1144,10501.92,large_airport,large_airport,1760000,116025,24450,1910976.92,412335.4115
5000,10000,LGB,RNO,195,23645,121.2564103,0.66061236,132.1224719,89,1425842.003,411561.5,1837403.503,402,3690.36,medium_airport,large_airport,1335000,70950,16350,1425990.36,411413.1426
5000,10000,ALW,SEA,202,20960,103.7623762,0.658169121,131.6338243,176,2403920.358,810864.3575,3214784.716,213,1955.34,medium_airport,large_airport,2640000,159000,5175,2806130.34,408654.376
10000,10000,PHX,SJC,1124,143688,127.8362989,0.657738366,131.5476732,935,15723490.78,4304897.606,20028388.39,621,5700.78,large_airport,large_airport,18700000,825300,91650,19622650.78,405737.6059
5000,10000,EUG,LAS,154,30860,200.3896104,0.648571429,129.7142857,28,727815.0649,127120,854935.0649,700,6426,medium_airport,large_airport,420000,18900,5325,450651,404284.0649
10000,10000,CVG,MSY,182,49171,270.1703297,0.597962963,119.5925926,27,872379.9945,113015,985394.9945,701,6435.18,large_airport,large_airport,540000,29325,6225,581985.18,403409.8145
10000,10000,AUS,LBB,165,26333,159.5939394,0.667098765,133.4197531,81,1724731.703,378245,2102976.703,341,3130.38,large_airport,large_airport,1620000,71550,5925,1700605.38,402371.323
10000,10000,EWR,OAK,108,20464,189.4814815,0.641217775,128.243555,66,1603785.4,296242.6119,1900028.012,2555,23454.9,large_airport,large_airport,1320000,131700,24900,1500054.9,399973.1116
10000,10000,PDX,SAN,1157,156110,134.9265341,0.644422728,128.8845457,504,8764532.307,2273523.386,11038055.69,933,8564.94,large_airport,large_airport,10080000,477750,74100,10640414.94,397640.7526
10000,5000,LAX,RDD,121,31484,260.1983471,0.613691667,122.7383333,24,766471.475,103100.2,869571.675,501,4599.18,large_airport,medium_airport,360000,76650,34950,476199.18,393372.495
10000,10000,BIL,LAS,124,28812,232.3548387,0.666666667,133.3333333,27,836477.4194,126000,962477.4194,754,6921.72,large_airport,large_airport,540000,24225,2175,573321.72,389155.6994
10000,10000,MKE,SAN,284,70090,246.7957746,0.667807692,133.5615385,25,824060.5837,116866.3462,940926.9298,1739,15964.02,large_airport,large_airport,500000,29850,6450,552264.02,388662.9098
5000,5000,FNT,PIE,223,20841,93.4573991,0.660546875,132.109375,64,790182.3094,295925,1086107.309,1040,9547.2,medium_airport,medium_airport,640000,36300,15825,701672.2,384435.1094
10000,10000,FLL,SDF,201,50158,249.5422886,0.621607143,124.3214286,28,868656.7065,121835,990491.7065,895,8216.1,large_airport,large_airport,560000,46200,2175,616591.1,373900.6065
5000,10000,HRL,MSP,259,35915,138.6679537,0.634268293,126.8536585,82,1442424.054,364070,1806494.054,1310,12025.8,medium_airport,large_airport,1230000,121950,71400,1435375.8,371118.2541
5000,10000,ADQ,ANC,485,53434,110.1731959,0.631348684,126.2697368,152,2114554.148,671755,2786309.148,253,2322.54,medium_airport,large_airport,2280000,94050,46350,2422722.54,363586.6085
10000,10000,CLE,MSY,242,58266,240.768595,0.630757576,126.1515152,33,1002319.661,145705,1148024.661,917,8418.06,large_airport,large_airport,660000,100800,15975,785193.06,362831.6012
10000,10000,FLL,MDW,810,111815,138.0432099,0.650677835,130.1355669,342,6143801.332,1557722.736,7701524.069,1167,10713.06,large_airport,large_airport,6840000,442125,48450,7341288.06,360236.0086
10000,10000,HOU,TUL,275,37000,134.5454545,0.658409979,131.6819959,240,4252131.358,1106128.765,5358260.123,453,4158.54,large_airport,large_airport,4800000,150750,43800,4998708.54,359551.5835
10000,10000,HOU,MDW,697,95283,136.7044476,0.649854718,129.9709435,512,9097014.293,2329079.308,11426093.6,937,8601.66,large_airport,large_airport,10240000,702675,120150,11071426.66,354666.9406
10000,10000,DCA,OKC,298,47644,159.8791946,0.63379233,126.7584659,129,2614319.347,572314.4737,3186633.82,1158,10630.44,large_airport,large_airport,2580000,200250,41325,2832205.44,354428.3802
5000,5000,GRR,PIE,340,27294,80.27647059,0.669047619,133.8095238,105,1127884.412,491750,1619634.412,1044,9583.92,medium_airport,medium_airport,1050000,148500,60150,1268233.92,351400.4918
10000,10000,GSO,TPA,138,26998,195.6376812,0.676470588,135.2941176,34,899933.3333,161000,1060933.333,580,5324.4,large_airport,large_airport,680000,27450,1725,714499.4,346433.9333
5000,10000,MFR,PDX,208,19485,93.67788462,0.639004969,127.8009938,401,4800822.827,1793686.948,6594509.775,222,2037.96,medium_airport,large_airport,6015000,215025,16200,6248262.96,346246.8148
10000,10000,BNA,RDU,555,77241,139.172973,0.644428032,128.8856063,398,7139082.417,1795376.496,8934458.913,442,4057.56,large_airport,large_airport,7960000,556050,70275,8590382.56,344076.3531
5000,10000,EYW,PHL,115,51022,443.6695652,0.677142857,135.4285714,7,420598.7478,33180,453778.7478,1121,10290.78,medium_airport,large_airport,105000,0,3000,118290.78,335487.9678
5000,5000,ITO,OGG,132,7650,57.95454545,0.645277778,129.0555556,180,1346284.091,813050,2159334.091,121,1110.78,medium_airport,medium_airport,1800000,22125,825,1824060.78,335273.3109
10000,10000,DAL,OMA,157,24932,158.8025478,0.629123711,125.8247423,97,1938185.096,427175,2365360.096,585.6134021,5375.931031,large_airport,large_airport,1940000,74025,10875,2030275.931,335084.1645
10000,10000,JAX,PIT,166,43083,259.5361446,0.670526316,134.1052632,19,661298.0964,89180,750478.0964,694,6370.92,large_airport,large_airport,380000,24150,4875,415395.92,335082.1764
10000,10000,ORF,TPA,137,33146,241.9416058,0.6418,128.36,25,776390.6131,112315,888705.6131,717,6582.06,large_airport,large_airport,500000,37725,10575,554882.06,333823.5531
10000,10000,BOI,PDX,601,75280,125.2579035,0.656510408,131.3020815,614,10098226.8,2821681.732,12919908.53,344,3157.92,large_airport,large_airport,12280000,258975,44925,12587057.92,332850.6129
10000,10000,ABQ,LAX,567,77342,136.4056437,0.649540546,129.9081093,527,9338545.016,2396155.075,11734700.09,677,6214.86,large_airport,large_airport,10540000,754800,101250,11402264.86,332435.2317
5000,5000,AZA,MSO,111,13185,118.7837838,0.704393939,140.8787879,33,552225.8108,162715,714940.8108,948,8702.64,medium_airport,medium_airport,330000,41175,2775,382652.64,332288.1708
10000,10000,JAX,STL,201,44246,220.1293532,0.6764,135.28,25,744477.4726,118370,862847.4726,753,6912.54,large_airport,large_airport,500000,18900,5775,531587.54,331259.9326
10000,10000,IND,SAN,311,104509,336.0418006,0.6090625,121.8125,16,654945.4695,68215,723160.4695,1782,16358.76,large_airport,large_airport,320000,46200,10350,392908.76,330251.7095
10000,10000,MCO,PWM,347,63518,183.0489914,0.642685185,128.537037,54,1270543.049,242935,1513478.049,1214,11144.52,large_airport,large_airport,1080000,70800,26550,1188494.52,324983.529
10000,10000,MKE,TPA,750,111340,148.4533333,0.64138118,128.276236,190,3618176.617,853036.9697,4471213.587,1075,9868.5,large_airport,large_airport,3800000,284550,53400,4147818.5,323395.0871
10000,10000,MDW,SFO,306,48909,159.8333333,0.6470536,129.4107201,152,3143990.307,688465.0307,3832455.337,1855,17028.9,large_airport,large_airport,3040000,405450,48450,3510928.9,321526.4374
10000,10000,HOU,SMF,144,46170,320.625,0.658846154,131.7692308,13,549230.625,59955,609185.625,1624,14908.32,large_airport,large_airport,260000,9600,3675,288183.32,321002.305
10000,10000,CHS,DEN,241,54828,227.5020747,0.647222222,129.4444444,27,795119.751,122325,917444.751,1449,13301.82,large_airport,large_airport,540000,37350,6075,596726.82,320717.931
10000,10000,BOS,HOU,456,74831,164.1030702,0.637436013,127.4872026,162,3389208.701,722852.439,4112061.14,1609,14770.62,large_airport,large_airport,3240000,457125,81000,3792895.62,319165.5198
10000,10000,EWR,SMF,123,63373,515.2276423,0.639285714,127.8571429,7,461128.7398,31325,492453.7398,2500,22950,large_airport,large_airport,140000,8550,2400,173900,318553.7398
10000,10000,AUS,PIT,190,78565,413.5,0.749285714,149.8571429,7,433761.5,36715,470476.5,1210,11107.8,large_airport,large_airport,140000,450,1350,152907.8,317568.7
10000,5000,LAS,MOT,131,19763,150.8625954,0.658625,131.725,40,794895.0153,184415,979310.0153,1098,10079.64,large_airport,medium_airport,600000,42150,12975,665204.64,314105.3753
10000,10000,CVG,JAX,150,35025,233.5,0.632592593,126.5185185,27,797636,119560,917196,613,5627.34,large_airport,large_airport,540000,56475,1350,603452.34,313743.66
10000,10000,FLL,LEX,122,24509,200.8934426,0.644285714,128.8571429,35,906029.4262,157850,1063879.426,865,7940.7,large_airport,large_airport,700000,33675,8700,750315.7,313563.7262
5000,10000,CAK,RSW,145,22255,153.4827586,0.629646465,125.9292929,44,850430.9119,193931.1111,1044362.023,991,9097.38,medium_airport,large_airport,660000,39975,21825,730897.38,313464.643
10000,10000,BNA,RSW,315,51022,161.9746032,0.660517241,132.1034483,87,1861574.114,402255,2263829.114,722,6627.96,large_airport,large_airport,1740000,197925,10200,1954752.96,309076.1543
10000,10000,BNA,OKC,109,34848,319.706422,0.625027473,125.0054945,13,519545.772,56877.5,576423.272,616,5654.88,large_airport,large_airport,260000,1725,1350,268729.88,307693.392
10000,10000,BOS,RIC,537,77736,144.7597765,0.653656863,130.7313725,510,9651568.581,2333555,11985123.58,474,4351.32,large_airport,large_airport,10200000,1275525,199725,11679601.32,305522.261
10000,10000,BWI,MSP,676,94774,140.1982249,0.650591704,130.1183408,435,7935426.776,1981051.739,9916478.515,936,8592.48,large_airport,large_airport,8700000,655050,253875,9617517.48,298961.0353
10000,10000,DAL,MSP,177,30400,171.7514124,0.663904879,132.7809758,74,1687593.69,343902.7273,2031496.417,853,7830.54,large_airport,large_airport,1480000,223650,28575,1740055.54,291440.8772
10000,10000,BOS,DAL,213,32555,152.8403756,0.667386364,133.4772727,88,1795263.052,411110,2206373.052,1554,14265.72,large_airport,large_airport,1760000,103200,39900,1917365.72,289007.3316
10000,10000,MSY,SDF,114,40486,355.1403509,0.6795,135.9,10,482635.7368,47565,530200.7368,620,5691.6,large_airport,large_airport,200000,35700,375,241766.6,288434.1368
10000,10000,DEN,GSP,151,32128,212.7682119,0.67,134,24,684262.5695,112560,796822.5695,1278,11732.04,large_airport,large_airport,480000,9225,10500,511457.04,285365.5295
10000,5000,BOS,BUR,118,17318,146.7627119,0.635402299,127.0804598,87,1622608.542,386960,2009568.542,2601,23877.18,large_airport,medium_airport,1305000,320025,75675,1724577.18,284991.3624
5000,10000,BIS,LAS,163,23510,144.2331288,0.632717391,126.5434783,46,839581.0429,203735,1043316.043,1048,9620.64,medium_airport,large_airport,690000,42975,16650,759245.64,284070.4029
10000,10000,MHT,TPA,397,60202,151.6423174,0.645684389,129.1368778,102,1997426.772,461018.6538,2458445.426,1204,11052.72,large_airport,large_airport,2040000,99900,29475,2180427.72,278017.706
5000,10000,BTV,MCO,173,43731,252.7803468,0.620833333,124.1666667,18,564964.0751,78225,643189.0751,1194,10960.92,medium_airport,large_airport,270000,75750,8550,365260.92,277928.1551
10000,10000,PWM,TPA,184,37483,203.7119565,0.666315789,133.2631579,38,1031597.348,177240,1208837.348,1277,11722.86,large_airport,large_airport,760000,118350,42675,932747.86,276089.4878
5000,5000,IAG,PIE,753,84424,112.1168659,0.639230769,127.8461538,39,559014.6932,174510,733524.6932,1069,9813.42,medium_airport,medium_airport,390000,13575,45225,458613.42,274911.2732
5000,5000,AZA,BZN,103,12688,123.184466,0.665882353,133.1764706,34,557779.2621,158480,716259.2621,861,7903.98,medium_airport,medium_airport,340000,84375,9225,441503.98,274755.2821
10000,10000,LIT,MCO,192,47469,247.234375,0.619241667,123.8483333,24,734869.5669,104032.6,838902.1669,776,7123.68,large_airport,large_airport,480000,70125,11400,568648.68,270253.4869
10000,10000,IND,JAX,153,39407,257.5620915,0.626666667,125.3333333,18,581060.0784,78960,660020.0784,687,6306.66,large_airport,large_airport,360000,20775,3600,390681.66,269338.4184
5000,10000,LGB,PDX,245,27277,111.3346939,0.66,132,90,1322656.163,415800,1738456.163,846,7766.28,medium_airport,large_airport,1350000,95475,19275,1472516.28,265939.8833
10000,10000,PWM,RSW,112,27169,242.5803571,0.621041667,124.2083333,24,723132.0446,104335,827467.0446,1343,12328.74,large_airport,large_airport,480000,39975,35700,568003.74,259463.3046
10000,10000,FLL,MEM,185,40874,220.9405405,0.648518519,129.7037037,27,773733.773,122570,896303.773,851,7812.18,large_airport,large_airport,540000,100050,225,648087.18,248216.593
5000,5000,AZA,BLI,142,14428,101.6056338,0.646904762,129.3809524,42,552125.0141,190190,742315.0141,1208,11089.44,medium_airport,medium_airport,420000,61425,7050,499564.44,242750.5741
10000,10000,HOU,LAX,722,97904,135.601108,0.646211955,129.242391,402,7045215.392,1818440.441,8863655.833,1390,12760.2,large_airport,large_airport,8040000,479250,97425,8629435.2,234220.6331
10000,10000,AUS,MEM,131,33565,256.221374,0.63,126,15,484258.3969,66150,550408.3969,559,5131.62,large_airport,large_airport,300000,11850,1275,318256.62,232151.7769
10000,10000,HSV,MCO,181,34614,191.2375691,0.663939394,132.7878788,33,838003.0276,153370,991373.0276,535,4911.3,large_airport,large_airport,660000,66450,29250,760611.3,230761.7276
10000,10000,BDL,PBI,483,68532,141.8881988,0.659414063,131.8828125,128,2395214.683,590835,2986049.683,1133,10400.94,large_airport,large_airport,2560000,106650,78375,2755425.94,230623.7432
5000,5000,AZA,GRR,176,15443,87.74431818,0.6754,135.08,50,592625.125,236390,829015.125,1561,14329.98,medium_airport,medium_airport,500000,59175,27000,600504.98,228510.145
10000,5000,DSM,PIE,104,13887,133.5288462,0.673461538,134.6923077,39,701427.0288,183855,885282.0288,1126,10336.68,large_airport,medium_airport,585000,45600,16125,657061.68,228220.3488
10000,5000,LAS,PSC,172,32333,187.9825581,0.616607143,123.3214286,28,649103.7733,120855,769958.7733,732,6719.76,large_airport,medium_airport,420000,113850,2550,543119.76,226839.0133
10000,10000,PBI,PIT,166,36101,217.4759036,0.6325,126.5,26,715278.247,115115,830393.247,952,8739.36,large_airport,large_airport,520000,71925,3225,603889.36,226503.887
10000,10000,BUF,DEN,145,32333,222.9862069,0.6366,127.32,25,709765.0966,111405,821170.0966,1359,12475.62,large_airport,large_airport,500000,70725,13050,596250.62,224919.4766
10000,10000,LAS,TUS,264,35454,134.2954545,0.641487357,128.2974714,282,4858794.36,1266296.042,6125090.403,364.6530973,3347.515434,large_airport,large_airport,5640000,243000,15375,5901722.515,223367.8871
10000,5000,DTW,MYR,202,22811,112.9257426,0.640625,128.125,80,1157488.861,358750,1516238.861,636,5838.48,large_airport,medium_airport,1200000,64350,25800,1295988.48,220250.3814
10000,10000,MDW,MSY,467,62401,133.620985,0.661629023,132.3258046,230,4066746.002,1065222.727,5131968.729,825,7573.5,large_airport,large_airport,4600000,261525,43350,4912448.5,219520.2294
10000,5000,BGR,PIE,126,16472,130.7301587,0.64423913,128.8478261,46,774837.6508,207445,982282.6508,1394,12796.92,large_airport,medium_airport,690000,23325,36900,763021.92,219260.7308
10000,10000,MSP,SAV,117,51821,442.9145299,0.696,139.2,5,308268.5128,24360,332628.5128,1092,10024.56,large_airport,large_airport,100000,750,3450,114224.56,218403.9528
5000,10000,CAK,MCO,254,29348,115.5433071,0.687311022,137.4622045,77,1222978.503,370460.641,1593439.144,861,7903.98,medium_airport,large_airport,1155000,190800,23175,1376878.98,216560.1642
10000,5000,MCO,SWF,155,22114,142.6709677,0.656588235,131.3176471,85,1592493.342,390670,1983163.342,989,9079.02,large_airport,medium_airport,1275000,456225,31425,1771729.02,211434.3219
10000,10000,LAS,MLI,111,21484,193.5495495,0.636153846,127.2307692,26,640261.9099,115780,756041.9099,1376,12631.68,large_airport,large_airport,520000,7575,9375,549581.68,206460.2299
5000,5000,AZA,FAR,279,21020,75.34050179,0.6548,130.96,100,986659.2115,458360,1445019.211,1220,11199.6,medium_airport,medium_airport,1000000,192375,35325,1238899.6,206119.6115
5000,10000,CAK,TPA,120,18476,153.9666667,0.631969697,126.3939394,33,642194.9667,145985,788179.9667,894,8206.92,medium_airport,large_airport,495000,67125,12000,582331.92,205848.0467
5000,10000,AZA,PIA,147,17886,121.6734694,0.664081633,132.8163265,49,791850.9388,227780,1019630.939,1312,12044.16,medium_airport,large_airport,735000,48675,18075,813794.16,205836.7788
10000,10000,DCA,FLL,1132,156146,137.9381625,0.664224503,132.8449007,617,11306143.39,2868785.63,14174929.02,899,8252.82,large_airport,large_airport,12340000,1463325,159075,13970652.82,204276.197
10000,10000,BNA,STL,164,21698,132.304878,0.651941332,130.3882663,199,3432949.732,908154.275,4341104.007,272,2496.96,large_airport,large_airport,3980000,153675,3525,4139696.96,201407.0465
10000,5000,ANC,BET,1275,119299,93.56784314,0.661701031,132.3402062,194,2402260.805,898590,3300850.805,399,3662.82,large_airport,medium_airport,2910000,138300,48300,3100262.82,200587.9847
10000,10000,LAS,MSN,222,38470,173.2882883,0.650804487,130.1608974,39,879659.0056,177669.625,1057328.631,1454,13347.72,large_airport,large_airport,780000,55200,24750,873297.72,184030.9106
10000,10000,BWI,SAV,138,27623,200.1666667,0.609444444,121.8888889,27,658748.5,115185,773933.5,549,5039.82,large_airport,large_airport,540000,48600,2625,596264.82,177668.68
10000,10000,BWI,MSY,835,111176,133.1449102,0.642653054,128.5306108,315,5390656.939,1417049.984,6807706.923,998,9161.64,large_airport,large_airport,6300000,235500,90525,6635186.64,172520.2831
10000,10000,PBI,RDU,146,24150,165.4109589,0.636410256,127.2820513,39,821100,173740,994840,638,5856.84,large_airport,large_airport,780000,10650,26475,822981.84,171858.16
10000,10000,DFW,LIT,224,29075,129.7991071,0.640564516,128.1129032,682,11340937.39,3058055,14398992.39,304,2790.72,large_airport,large_airport,13640000,546900,39000,14228690.72,170301.6684
10000,5000,LAS,MFR,111,21490,193.6036036,0.585769231,117.1538462,26,589716.5766,106610,696326.5766,600,5508,large_airport,medium_airport,390000,128025,2625,526158,170168.5766
10000,10000,ONT,SAT,146,34062,233.3013699,0.640357143,128.0714286,14,418309.3562,62755,481064.3562,1166,10703.88,large_airport,large_airport,280000,13800,6450,310953.88,170110.4762
5000,5000,AZA,STC,1060,89825,84.74056604,0.68263141,136.5262821,39,451203.2624,186358.375,637561.6374,1259,11557.62,medium_airport,medium_airport,390000,59250,14700,475507.62,162054.0174
10000,10000,BDL,DCA,433,59959,138.4734411,0.647959498,129.5918996,632,11341262.93,2866572.82,14207835.75,313,2873.34,large_airport,large_airport,12640000,1273350,130725,14046948.34,160887.4102
10000,5000,LAS,RAP,117,18497,158.0940171,0.6188,123.76,25,489142.8889,108290,597432.8889,843,7738.74,large_airport,medium_airport,375000,51225,5175,439138.74,158294.1489
5000,5000,AZA,GFK,165,14745,89.36363636,0.647857143,129.5714286,42,486316.9091,190470,676786.9091,1260,11566.8,medium_airport,medium_airport,420000,73650,14325,519541.8,157245.1091
10000,10000,CLE,PBI,183,32869,179.6120219,0.636184211,127.2368421,38,868424.1257,169225,1037649.126,1020,9363.6,large_airport,large_airport,760000,92175,21975,883513.6,154135.5257
10000,10000,DEN,PBI,123,43509,353.7317073,0.77375,154.75,4,218959.9268,21665,240624.9268,1679,15413.22,large_airport,large_airport,80000,0,4725,100138.22,140486.7068
10000,5000,LAS,MFE,262,29848,113.9236641,0.66,132,64,962427.1145,295680,1258107.115,1210,11107.8,large_airport,medium_airport,960000,139425,7575,1118107.8,139999.3145
5000,10000,PBG,SFB,230,23179,100.7782609,0.667241379,133.4482759,87,1170035.609,406350,1576385.609,1175,10786.5,medium_airport,large_airport,1305000,84150,36450,1436386.5,139999.1087
10000,10000,FLL,ORF,170,33617,197.7470588,0.652115385,130.4230769,26,670560.2765,118685,789245.2765,781,7169.58,large_airport,large_airport,520000,122025,3000,652194.58,137050.6965
10000,10000,CLE,JAX,124,29647,239.0887097,0.593461538,118.6923077,13,368913.879,54005,422918.879,753,6912.54,large_airport,large_airport,260000,19875,1725,288512.54,134406.339
10000,10000,BWI,IND,379,50460,133.1398417,0.649246153,129.8492306,178,3077282.869,808960.7065,3886243.575,516,4736.88,large_airport,large_airport,3560000,163125,26925,3754786.88,131456.6951
5000,5000,AZA,GRI,801,66305,82.77777778,0.638030303,127.6060606,33,348577.2222,147385,495962.2222,905,8307.9,medium_airport,medium_airport,330000,26850,1275,366432.9,129529.3222
10000,10000,CHS,PIT,116,28625,246.7672414,0.628571429,125.7142857,14,434310.3448,61600,495910.3448,524,4810.32,large_airport,large_airport,280000,81675,150,366635.32,129275.0248
5000,5000,ABE,PIE,120,8640,72,0.65,130,44,411840,200200,612040,970,8904.6,medium_airport,medium_airport,440000,7200,27750,483854.6,128185.4
5000,10000,BLI,LAX,105,12580,119.8095238,0.663382353,132.6764706,34,540460.7619,157885,698345.7619,1047,9611.46,medium_airport,large_airport,510000,42600,8250,570461.46,127884.3019
10000,10000,OMA,RSW,190,34704,182.6526316,0.6128,122.56,25,559647.6632,107240,666887.6632,1299,11924.82,large_airport,large_airport,500000,17700,9600,539224.82,127662.8432
5000,5000,AZA,MOT,175,15038,85.93142857,0.628148148,125.6296296,54,582958.8114,237440,820398.8114,1164,10685.52,medium_airport,medium_airport,540000,120075,23625,694385.52,126013.2914
5000,5000,ALB,PIE,151,10419,69,0.64875,129.75,60,537165,272475,809640,1138,10446.84,medium_airport,medium_airport,600000,65775,13200,689421.84,120218.16
10000,10000,BWI,CMH,172,22139,128.7151163,0.658049973,131.6099946,263,4455271.483,1211470,5666741.483,337,3093.66,large_airport,large_airport,5260000,246600,38325,5548018.66,118722.8234
10000,10000,SYR,TPA,131,24681,188.4045802,0.615555556,123.1111111,36,835009.0992,155120,990129.0992,1104,10134.72,large_airport,large_airport,720000,112275,31200,873609.72,116519.3792
10000,10000,SDF,TPA,320,45220,141.3125,0.632704082,126.5408163,98,1752416.312,434035,2186451.312,727,6673.86,large_airport,large_airport,1960000,90975,15375,2073023.86,113427.4525
10000,10000,CVG,SRQ,111,19546,176.0900901,0.614814815,122.962963,27,584619.0991,116200,700819.0991,812,7454.16,large_airport,large_airport,540000,42150,825,590429.16,110389.9391
10000,10000,LAS,PIA,101,17018,168.4950495,0.679423077,135.8846154,26,595293.0099,123655,718948.0099,1413,12971.34,large_airport,large_airport,520000,62625,12975,608571.34,110376.6699
10000,5000,DEN,HRL,102,12730,124.8039216,0.650483871,130.0967742,31,503334.2157,141155,644489.2157,1023,9391.14,large_airport,medium_airport,465000,675,60075,535141.14,109348.0757
10000,10000,BOS,FLL,1887,277042,146.8161102,0.653909512,130.7819023,784,15053497.9,3588655.399,18642153.3,1237,11355.66,large_airport,large_airport,15680000,2547450,296700,18535505.66,106647.6439
10000,10000,JAN,MCO,191,30990,162.2513089,0.6203125,124.0625,32,644137.6963,138950,783087.6963,588,5397.84,large_airport,large_airport,640000,14625,16875,676897.84,106189.8563
5000,10000,AZA,RFD,196,21984,112.1632653,0.620777778,124.1555556,45,626656.1633,195545,822201.1633,1373,12604.14,medium_airport,large_airport,675000,10500,18225,716329.14,105872.0233
10000,10000,BOS,LGA,1609,232231,144.3325047,0.650869544,130.1739087,2405,45185924.73,10957388.77,56143313.5,184,1689.12,large_airport,large_airport,48100000,6841725,1102575,56045989.12,97324.37525
10000,10000,GSP,LAS,127,59890,471.5748031,0.7625,152.5,2,143830.315,10675,154505.315,1850,16983,large_airport,large_airport,40000,0,300,57283,97222.31496
5000,5000,AZA,IDA,164,12922,78.79268293,0.624848485,124.969697,33,324941.0244,144340,469281.0244,704,6462.72,medium_airport,medium_airport,330000,36375,1050,373887.72,95393.30439
10000,5000,LAS,LRD,616,74846,121.5032468,0.689230769,137.8461538,26,435467.6364,125440,560907.6364,1092,10024.56,large_airport,medium_airport,390000,73425,4200,477649.56,83258.07636
10000,10000,ABQ,MSP,103,51790,502.815534,0.616666667,123.3333333,2,124027.8317,8633.333333,132661.165,981,9005.58,large_airport,large_airport,40000,150,1800,50955.58,81705.58505
10000,10000,BOS,SMF,124,59908,483.1290323,0.725,145,2,140107.4194,10150,150257.4194,2636,24198.48,large_airport,large_airport,40000,3375,1275,68848.48,81408.93935
10000,10000,BNA,TPA,672,85095,126.6294643,0.654521619,130.9043239,372,6166400.119,1704374.297,7870774.417,612,5618.16,large_airport,large_airport,7440000,309000,36300,7790918.16,79856.25656
10000,10000,OMA,PHX,638,84354,132.2163009,0.643661293,128.7322585,455,7744328.881,2050061.217,9794390.098,1037,9519.66,large_airport,large_airport,9100000,504750,103200,9717469.66,76920.43788
10000,5000,CID,PIE,124,15450,124.5967742,0.631428571,126.2857143,35,550717.7419,154700,705417.7419,1090,10006.2,large_airport,medium_airport,525000,72000,21525,628531.2,76886.54194
5000,10000,PIE,TOL,109,10785,98.94495413,0.695689655,139.137931,29,399242.8899,141225,540467.8899,945,8675.1,medium_airport,large_airport,435000,10650,10350,464675.1,75792.78991
10000,10000,FLL,GSP,150,23007,153.38,0.649107143,129.8214286,28,557536.3,127225,684761.3,620,5691.6,large_airport,large_airport,560000,41025,2325,609041.6,75719.7
10000,10000,BOS,MDW,235,30743,130.8212766,0.659856848,131.9713695,190,3280285.977,877609.6073,4157895.584,861,7903.98,large_airport,large_airport,3800000,243300,38325,4089528.98,68366.604
10000,10000,ROC,RSW,127,48387,381,0.651666667,130.3333333,3,148971,13685,162656,1166,10703.88,large_airport,large_airport,60000,28275,300,99278.88,63377.12
10000,10000,BHM,SFO,111,54142,487.7657658,0.685,137,2,133647.8198,9590,143237.8198,2013,18479.34,large_airport,large_airport,40000,22200,0,80679.34,62558.47982
5000,5000,AZA,RAP,108,7452,69,0.654285714,130.8571429,56,505632,256480,762112,873,8014.14,medium_airport,medium_airport,560000,121800,10200,700014.14,62097.86
5000,10000,PIE,SBN,125,15001,120.008,0.607261905,121.452381,42,612160.808,178535,790695.808,973,8932.14,medium_airport,large_airport,630000,68175,22050,729157.14,61538.668
10000,10000,CVG,SAT,118,36516,309.4576271,0.653333333,130.6666667,3,121307.3898,13720,135027.3898,1024,9400.32,large_airport,large_airport,60000,0,4875,74275.32,60752.06983
10000,10000,GSP,TPA,152,22730,149.5394737,0.6258,125.16,25,467909.0132,109515,577424.0132,477,4378.86,large_airport,large_airport,500000,11400,4575,520353.86,57070.15316
10000,10000,LAX,MSN,111,55775,502.4774775,0.88,176,1,88436.03604,6160,94596.03604,1687,15486.66,large_airport,large_airport,20000,0,2175,37661.66,56934.37604
10000,10000,BOI,LAS,501,63821,127.3872255,0.659975728,131.9951456,206,3463786.05,951685,4415471.05,519,4764.42,large_airport,large_airport,4120000,213975,20550,4359289.42,56181.6299
10000,10000,CVG,SAV,125,19604,156.832,0.615576923,123.1153846,26,502019.232,112035,614054.232,515,4727.7,large_airport,large_airport,520000,35100,2025,561852.7,52201.532
5000,10000,GRI,LAS,591,61658,104.3282572,0.6604,132.08,25,344491.9052,115570,460061.9052,971,8913.78,medium_airport,large_airport,375000,16500,7800,408213.78,51848.12525
10000,10000,DEN,JAN,115,18171,158.0086957,0.629,125.8,25,496937.3478,110075,607012.3478,967,8877.06,large_airport,large_airport,500000,46800,3225,558902.06,48110.28783
5000,5000,AZA,PSC,124,9099,73.37903226,0.600571429,120.1142857,35,308485.4516,147140,455625.4516,977,8968.86,medium_airport,medium_airport,350000,45900,4725,409593.86,46031.59161
10000,10000,AUS,ONT,120,35627,296.8916667,0.7375,147.5,2,87583.04167,10325,97908.04167,1196,10979.28,large_airport,large_airport,40000,2175,0,53154.28,44753.76167
10000,10000,RDU,SAT,216,62782,290.6574074,0.625,125,3,108996.5278,13125,122121.5278,1224,11236.32,large_airport,large_airport,60000,6075,3150,80461.32,41660.20778
10000,10000,MSP,PBI,143,72073,504.006993,0.685,137,1,69048.95804,4795,73843.95804,1451,13320.18,large_airport,large_airport,20000,0,1350,34670.18,39173.77804
10000,5000,DAL,HRL,130,19694,151.4923077,0.64,128,5,96955.07692,22400,119355.0769,458,4204.44,large_airport,medium_airport,75000,2025,1425,82654.44,36700.63692
10000,10000,GSP,MCO,149,49510,332.2818792,0.55,110,2,73102.01342,7700,80802.01342,449,4121.82,large_airport,large_airport,40000,0,0,44121.82,36680.19342
10000,5000,BMI,PIE,124,11330,91.37096774,0.7154,143.08,25,326833.9516,125195,452028.9516,936,8592.48,large_airport,medium_airport,375000,24675,10725,418992.48,33036.47161
10000,10000,HOU,LGA,494,70446,142.6032389,0.651218876,130.2437753,239,4438991.024,1089489.18,5528480.204,1428,13109.04,large_airport,large_airport,4780000,586275,117150,5496534.04,31946.16389
5000,5000,AZA,FSD,378,21375,56.54761905,0.652849462,130.5698925,93,686657.7381,425005,1111662.738,1072,9840.96,medium_airport,medium_airport,930000,112050,28800,1080690.96,30971.7781
5000,10000,PSM,SFB,927,89492,96.53937433,0.643,128.6,45,558673.3592,202545,761218.3592,1144,10501.92,medium_airport,large_airport,675000,28800,19875,734176.92,27041.43922
10000,10000,BWI,CVG,220,28243,128.3772727,0.6583183,131.6636599,466,7876621.656,2147434.293,10024055.95,430,3947.4,large_airport,large_airport,9320000,547350,130950,10002247.4,21808.54887
5000,10000,PIE,SGF,149,12641,84.83892617,0.695882353,139.1764706,34,401457.7987,165620,567077.7987,895,8216.1,medium_airport,large_airport,510000,19575,9825,547616.1,19461.69866
10000,10000,BOS,MSP,928,139934,150.7909483,0.651457603,130.2915206,706,13870628.05,3219503.475,17090131.53,1124,10318.32,large_airport,large_airport,14120000,2505825,438450,17074593.32,15538.20911
10000,10000,BWI,LAS,1166,154128,132.1852487,0.653168322,130.6336645,399,6889869.527,1824299.124,8714168.651,2106,19333.08,large_airport,large_airport,7980000,486150,213975,8699458.08,14710.5711
10000,10000,PIT,SAN,155,72767,469.4645161,0.55,110,1,51641.09677,3850,55491.09677,2106,19333.08,large_airport,large_airport,20000,300,1200,40833.08,14658.01677
10000,10000,DFW,LAX,2695,349206,129.5755102,0.649584571,129.9169142,1877,31597512.67,8534891.677,40132404.35,1235,11337.3,large_airport,large_airport,37540000,2115225,453600,40120162.3,12242.05231
10000,10000,HOU,LBB,170,29919,175.9941176,0.599,119.8,5,105420.4765,20965,126385.4765,474,4351.32,large_airport,large_airport,100000,7050,2775,114176.32,12209.15647
5000,5000,AZA,OGD,423,21544,50.93144208,0.6766,135.32,25,172301.0686,118405,290706.0686,544,4993.92,medium_airport,medium_airport,250000,31575,0,286568.92,4137.148558
10000,5000,PIA,PIE,112,10492,93.67857143,0.653965517,130.7931034,29,355322.8214,132755,488077.8214,965,8858.7,large_airport,medium_airport,435000,26250,17400,487508.7,569.1214286
10000,10000,BHM,MCO,526,68345,129.9334601,0.649299857,129.8599715,199,3357757.929,904474.7015,4262232.631,479,4397.22,large_airport,large_airport,3980000,268275,10575,4263247.22,-1014.589474
10000,10000,AUS,CMH,149,57428,385.4228188,0.695,139,1,53573.77181,4865,58438.77181,1073,9850.14,large_airport,large_airport,20000,30375,0,60225.14,-1786.368188
10000,10000,CMH,RSW,757,96365,127.2985469,0.6528,130.56,300,4986029.485,1370880,6356909.485,930,8537.4,large_airport,large_airport,6000000,275625,75825,6359987.4,-3077.915192
5000,10000,PIE,SDF,112,9942,88.76785714,0.662166667,132.4333333,30,352674.6964,139055,491729.6964,729,6692.22,medium_airport,large_airport,450000,26400,11925,495017.22,-3287.523571
5000,10000,IAG,SFB,795,76200,95.8490566,0.6625,132.5,40,508000,185500,693500,996,9143.28,medium_airport,large_airport,600000,75900,18075,703118.28,-9618.28
10000,10000,DCA,TPA,1210,154767,127.9066116,0.664134615,132.8269231,572,9717960.627,2659195,12377155.63,814,7472.52,large_airport,large_airport,11440000,796350,146025,12389847.52,-12691.89273
10000,5000,SAN,SCK,131,10879,83.04580153,0.6425,128.5,8,85371.08397,35980,121351.084,423,3883.14,large_airport,medium_airport,120000,10275,0,134158.14,-12807.05603
5000,10000,AZA,SGF,108,10438,96.64814815,0.644444444,128.8888889,36,448447.4074,162400,610847.4074,1066,9785.88,medium_airport,large_airport,540000,73875,4800,628460.88,-17613.47259
10000,10000,DCA,DEN,1047,142283,135.895893,0.644660215,128.932043,343,6009817.948,1547829.176,7557647.124,1476,13549.68,large_airport,large_airport,6860000,547500,159750,7580799.68,-23152.55605
5000,10000,AZA,BLV,102,8526,83.58823529,0.636,127.2,25,265810.5882,111300,377110.5882,1272,11676.96,medium_airport,large_airport,375000,8550,5325,400551.96,-23441.37176
10000,5000,LCK,PIE,794,61759,77.78211587,0.676052632,135.2105263,38,399644.5113,179830,579474.5113,821,7536.78,large_airport,medium_airport,570000,17100,10200,604836.78,-25362.26866
5000,5000,AZA,GTF,150,7710,51.4,0.63962888,127.925776,38,249864.6256,170141.2821,420005.9077,978,8978.04,medium_airport,medium_airport,380000,52425,8325,449728.04,-29722.13231
5000,5000,KOA,OGG,171,7219,42.21637427,0.646981481,129.3962963,270,1474913.468,1222795,2697708.468,84,771.12,medium_airport,medium_airport,2700000,26025,2100,2728896.12,-31187.65216
5000,10000,PIE,PIT,102,9253,90.71568627,0.609,121.8,40,441966.8235,170520,612486.8235,878,8060.04,medium_airport,large_airport,600000,34725,10500,653285.04,-40798.21647
10000,10000,CID,SFB,124,14864,119.8709677,0.671333333,134.2666667,45,724260.3871,211470,935730.3871,1078,9896.04,large_airport,large_airport,900000,59925,10650,980471.04,-44740.6529
10000,10000,DCA,HOU,456,62158,136.3114035,0.625767792,125.1535584,254,4333203.728,1112615.134,5445818.863,1218,11181.24,large_airport,large_airport,5080000,284250,122625,5498056.24,-52237.37749
5000,5000,AZA,SCK,362,16442,45.4198895,0.6938,138.76,25,157561.5967,121415,278976.5967,625,5737.5,medium_airport,medium_airport,250000,80325,975,337037.5,-58060.90331
10000,10000,CVG,VPS,145,19087,131.6344828,0.636351351,127.2702703,37,619866.7793,164815,784681.7793,600,5508,large_airport,large_airport,740000,99075,1350,845933,-61251.22069
10000,10000,CLE,MCO,1283,165015,128.6165238,0.653389554,130.6779108,327,5495999.729,1495608.689,6991608.418,895,8216.1,large_airport,large_airport,6540000,407400,100725,7056341.1,-64732.68223
5000,10000,LGB,SJC,204,17363,85.1127451,0.649747191,129.9494382,178,1968742.907,809585,2778327.907,324,2974.32,medium_airport,large_airport,2670000,153225,18525,2844724.32,-66396.41314
5000,5000,IAG,MYR,390,11888,30.48205128,0.574166667,114.8333333,18,63006.4,72345,135351.4,650,5967,medium_airport,medium_airport,180000,10350,5700,202017,-66665.6
10000,10000,AMA,LAS,161,18319,113.7826087,0.66625,133.25,88,1334214.87,410410,1744624.87,758,6958.44,large_airport,large_airport,1760000,41550,12750,1821258.44,-76633.57043
10000,5000,HTS,PIE,504,35444,70.32539683,0.661730769,132.3461538,26,241989.6905,120435,362424.6905,721,6618.78,large_airport,medium_airport,390000,33300,9450,439368.78,-76944.08952
10000,5000,BWI,MYR,113,9019,79.81415929,0.626373166,125.2746331,53,529930.5447,232384.4444,762314.9892,399,3662.82,large_airport,medium_airport,795000,34350,9225,842237.82,-79922.83082
10000,10000,HOU,JFK,165,23765,144.030303,0.641906846,128.3813692,86,1590209.446,386427.9213,1976637.367,1428,13109.04,large_airport,large_airport,1720000,272850,51600,2057559.04,-80921.67262
10000,10000,ICT,LAS,328,43009,131.125,0.621905416,124.3810831,114,1859279.526,496280.5217,2355560.048,986,9051.48,large_airport,large_airport,2280000,126675,22125,2437851.48,-82291.43217
5000,10000,ISP,RSW,206,18680,90.67961165,0.618076923,123.6153846,39,437166.4078,168735,605901.4078,1101,10107.18,medium_airport,large_airport,585000,81450,19500,696057.18,-90155.77223
10000,10000,DFW,PHX,1796,229668,127.8775056,0.652088509,130.4177017,1090,18178464.51,4975435.321,23153899.83,868,7968.24,large_airport,large_airport,21800000,1371750,65550,23245268.24,-91368.40801
10000,5000,JFK,LGB,469,43914,93.63326226,0.657794268,131.5588536,165,2032516.966,759752.3795,2792269.345,2465,22628.7,large_airport,medium_airport,2475000,256350,134625,2888603.7,-96334.35465
10000,10000,BNA,MSY,469,58867,125.5159915,0.641604038,128.3208075,348,5604997.058,1562947.436,7167944.494,471,4323.78,large_airport,large_airport,6960000,279675,23850,7267848.78,-99904.28599
10000,10000,LCK,SAV,302,25296,83.7615894,0.638666667,127.7333333,15,160487.2053,67060,227547.2053,539,4948.02,large_airport,large_airport,300000,22650,3600,331198.02,-103650.8147
5000,5000,AZA,BIS,334,17666,52.89221557,0.664450549,132.8901099,91,639625.5629,423255,1062880.563,1092,10024.56,medium_airport,medium_airport,910000,226425,22050,1168499.56,-105618.9971
5000,10000,HGR,SFB,632,45840,72.53164557,0.689193548,137.8387097,31,309927.7215,149555,459482.7215,780,7160.4,medium_airport,large_airport,465000,90675,3075,565910.4,-106427.6785
10000,10000,FLL,TYS,229,27676,120.8558952,0.648630137,129.7260274,73,1144505.328,331450,1475955.328,708,6499.44,large_airport,large_airport,1460000,109950,8475,1584924.44,-108969.1125
10000,10000,CMH,MCO,1043,135835,130.2348993,0.643233911,128.6467821,447,7489172.421,2012678.906,9501851.327,802,7362.36,large_airport,large_airport,8940000,579075,89925,9616362.36,-114511.0327
5000,5000,LBE,MYR,597,12908,21.62144054,0.634482759,126.8965517,29,79566.90117,128800,208366.9012,455,4176.9,medium_airport,medium_airport,290000,24600,5775,324551.9,-116184.9988
10000,10000,ATL,DCA,2139,273009,127.6339411,0.650426742,130.0853484,1742,28922958.53,7931303.694,36854262.22,547,5021.46,large_airport,large_airport,34840000,1784550,341025,36970596.46,-116334.2373
5000,10000,OWB,SFB,499,32651,65.43286573,0.615555556,123.1111111,27,217498.8457,116340,333838.8457,706,6481.08,medium_airport,large_airport,405000,34725,4500,450706.08,-116867.2343
5000,10000,CKB,SFB,640,37143,58.0359375,0.680151515,136.030303,33,260523.3234,157115,417638.3234,727,6673.86,medium_airport,large_airport,495000,28650,6600,536923.86,-119285.5366
5000,10000,MEI,ORD,103,12720,123.4951456,0.649900609,129.9801217,85,1364412.695,386690.8621,1751103.557,667,6123.06,medium_airport,large_airport,1275000,561600,39150,1881873.06,-130769.5029
10000,5000,LAX,PVU,404,21695,53.70049505,0.621538462,124.3076923,26,173560,113120,286680,569,5223.42,large_airport,medium_airport,390000,17100,6675,418998.42,-132318.42
10000,10000,IND,MCO,1178,158087,134.1994907,0.646321185,129.264237,518,8985846.888,2343560.617,11329407.5,829,7610.22,large_airport,large_airport,10360000,971400,126675,11465685.22,-136277.7154
10000,10000,MCO,ONT,353,43308,122.6855524,0.650680077,130.1360153,87,1389025.377,396264.1667,1785289.543,2171,19929.78,large_airport,large_airport,1740000,113775,50625,1924329.78,-139040.2366
5000,10000,AZA,DSM,160,13687,85.54375,0.611914894,122.3829787,47,492047.65,201320,693367.65,1137.553191,10442.7383,medium_airport,large_airport,705000,105975,11025,832442.7383,-139075.0883
10000,10000,BHM,HOU,150,18502,123.3466667,0.622528115,124.5056231,148,2272888.331,644939.1275,2917827.458,570,5232.6,large_airport,large_airport,2960000,91950,10875,3068057.6,-150230.1416
10000,10000,DEN,OAK,667,84024,125.9730135,0.654435701,130.8871402,383,6314998.783,1754542.114,8069540.897,957,8785.26,large_airport,large_airport,7660000,461625,90225,8220635.26,-151094.3635
10000,10000,MLI,SFB,114,9918,87,0.677586207,135.5172414,29,341910,137550,479460,1018,9345.24,large_airport,large_airport,580000,38775,6825,634945.24,-155485.24
5000,10000,PVU,TUS,264,10002,37.88636364,0.6624,132.48,25,125479.6364,115920,241399.6364,560,5140.8,medium_airport,large_airport,375000,14775,4575,399490.8,-158091.1636
10000,5000,ORD,SLN,102,12261,120.2058824,0.625758258,125.1516517,72,1083165.459,315382.1622,1398547.622,559,5131.62,large_airport,medium_airport,1080000,457200,16575,1558906.62,-160358.9984
5000,10000,AZA,CID,235,20436,86.96170213,0.651,130.2,70,792568.9532,318990,1111558.953,1240,11383.2,medium_airport,large_airport,1050000,185175,26175,1272733.2,-161174.2468
10000,10000,BNA,MKE,343,41330,120.4956268,0.641857143,128.3714286,154,2382102.146,691922,3074024.146,475,4360.5,large_airport,large_airport,3080000,135450,18525,3238335.5,-164311.3542
5000,10000,BUR,JFK,400,38270,95.675,0.648577035,129.7154071,165,2047736.059,749106.4759,2796842.535,2465,22628.7,medium_airport,large_airport,2475000,367875,98925,2964428.7,-167586.1646
10000,10000,LAS,MKE,870,105458,121.216092,0.664977629,132.9955259,279,4497814.213,1298701.31,5796515.523,1524,13990.32,large_airport,large_airport,5580000,276375,100050,5970415.32,-173899.7966
10000,5000,DEN,PRC,182,12935,71.07142857,0.668474959,133.6949918,84,798159.101,393063.2759,1191222.377,557,5113.26,large_airport,medium_airport,1260000,83850,16650,1365613.26,-174390.8832
5000,10000,AZA,BIL,189,11522,60.96296296,0.686826923,137.3653846,52,435458.4444,250005,685463.4444,878,8060.04,medium_airport,large_airport,780000,68100,6975,863135.04,-177671.5956
10000,10000,SFB,TOL,109,10391,95.33027523,0.679264706,135.8529412,34,440330.5413,161665,601995.5413,895,8216.1,large_airport,large_airport,680000,81600,13200,783016.1,-181020.5587
10000,10000,MSY,ORD,872,116040,133.0733945,0.656820056,131.3640111,568,9929239.169,2611516.541,12540755.71,836.0553117,7674.987761,large_airport,large_airport,11360000,1231050,126450,12725174.99,-184419.2777
10000,5000,BLV,PIE,154,9049,58.75974026,0.650384615,130.0769231,39,298088.1623,177555,475643.1623,841,7720.38,large_airport,medium_airport,585000,66525,4200,663445.38,-187802.2177
10000,5000,LAS,SMX,721,38628,53.57558946,0.669111111,133.8222222,45,322632.1997,210770,533402.1997,310,2845.8,large_airport,medium_airport,675000,41175,3225,722245.8,-188843.6003
10000,10000,MCO,MKE,1212,154189,127.2186469,0.651282516,130.2565031,386,6396427.644,1759765.357,8156193.001,1066,9785.88,large_airport,large_airport,7720000,541350,77625,8348760.88,-192567.879
5000,10000,ELM,SFB,159,13622,85.67295597,0.64,128,54,592171.4717,241920,834091.4717,954,8757.72,medium_airport,large_airport,810000,179700,29475,1027932.72,-193841.2483
10000,10000,DAL,MEM,172,20343,118.2732558,0.647818706,129.5637412,233,3570474.643,1056592.309,4627066.952,423,3883.14,large_airport,large_airport,4660000,135375,25200,4824458.14,-197391.1881
10000,10000,IAD,MCO,1078,134848,125.0909091,0.64057635,128.1152699,497,7964949.625,2228565.12,10193514.75,758,6958.44,large_airport,large_airport,9940000,318900,127500,10393358.44,-199843.6941
5000,10000,ALB,SFB,144,9113,63.28472222,0.653017241,130.6034483,58,479381.7708,265125,744506.7708,1049,9629.82,medium_airport,large_airport,870000,53625,12225,945479.82,-200973.0492
10000,10000,BGR,SFB,229,27575,120.4148472,0.62265625,124.53125,64,959706.3319,278950,1238656.332,1299,11924.82,large_airport,large_airport,1280000,105375,47550,1444849.82,-206193.4881
5000,10000,BLI,OAK,163,8772,53.81595092,0.62452381,124.9047619,42,282318.4785,183610,465928.4785,764,7013.52,medium_airport,large_airport,630000,38700,7350,683063.52,-217135.0415
10000,10000,BOI,SMF,283,31775,112.2791519,0.655261628,131.0523256,172,2530884.364,788935,3319819.364,437,4011.66,large_airport,large_airport,3440000,82500,12600,3539111.66,-219292.296
10000,10000,BWI,JAX,585,70444,120.417094,0.650612838,130.1225676,319,4998405.085,1452818.467,6451223.553,663,6086.34,large_airport,large_airport,6380000,192375,93075,6671536.34,-220312.7871
5000,10000,PIE,SYR,218,16430,75.36697248,0.61275,122.55,60,554173.3486,257355,811528.3486,1111,10198.98,medium_airport,large_airport,900000,78375,52950,1041523.98,-229995.6314
10000,10000,FLL,LCK,696,58275,83.72844828,0.65,130,34,370079.7414,154700,524779.7414,961,8821.98,large_airport,large_airport,680000,65925,2400,757146.98,-232367.2386
10000,10000,ORD,TPA,1620,220860,136.3333333,0.639820455,127.9640911,831,14497435.77,3721835.588,18219271.36,1011.073918,9281.65857,large_airport,large_airport,16620000,1641975,192450,18463706.66,-244435.3028
10000,10000,LCK,SFB,732,60390,82.5,0.671184211,134.2368421,38,420832.5,178535,599367.5,767,7041.06,large_airport,large_airport,760000,79200,3450,849691.06,-250323.56
10000,10000,SFB,SGF,135,12961,96.00740741,0.613,122.6,40,470820.3259,171640,642460.3259,914,8390.52,large_airport,large_airport,800000,90525,4725,903640.52,-261180.1941
10000,10000,BWI,SDF,260,29211,112.35,0.658433278,131.6866555,218,3225309.074,1004769.182,4230078.255,495,4544.1,large_airport,large_airport,4360000,116400,25350,4506294.1,-276215.8445
10000,10000,RSW,STL,775,92572,119.4477419,0.648554068,129.7108136,228,3532555.344,1035092.293,4567647.637,979,8987.22,large_airport,large_airport,4560000,239625,35550,4844162.22,-276514.5833
10000,10000,DCA,PVD,495,62887,127.0444444,0.658306677,131.6613354,663,11089895.72,3055201.288,14145097.01,356,3268.08,large_airport,large_airport,13260000,1047225,111450,14421943.08,-276846.0708
10000,5000,BWI,ISP,146,12032,82.4109589,0.64186038,128.372076,336,3554633.336,1509655.614,5064288.95,220,2019.6,large_airport,medium_airport,5040000,264075,37575,5343669.6,-279380.6497
10000,10000,PIT,RSW,570,67276,118.0280702,0.652326733,130.4653465,202,3110511.761,922390,4032901.761,966,8867.88,large_airport,large_airport,4040000,203550,62250,4314667.88,-281766.1186
10000,10000,DSM,SFB,166,16276,98.04819277,0.649375,129.875,48,611232.4337,218190,829422.4337,1124,10318.32,large_airport,large_airport,960000,135225,5775,1111318.32,-281895.8863
10000,5000,MCO,PSM,663,18320,27.63197587,0.675241821,135.0483642,37,138071.1662,174887.6316,312958.7977,1167,10713.06,large_airport,medium_airport,555000,8025,24825,598563.06,-285604.2623
5000,5000,AZA,PVU,1746,58833,33.69587629,0.646470588,129.2941176,102,444381.2165,461580,905961.2165,477,4378.86,medium_airport,medium_airport,1020000,176475,3300,1204153.86,-298192.6435
5000,10000,FNT,SFB,285,21325,74.8245614,0.639113924,127.8227848,79,755578.4211,353430,1109008.421,988,9069.84,medium_airport,large_airport,1185000,204225,11700,1409994.84,-300986.4189
5000,10000,CGI,ORD,150,11799,78.66,0.667878727,133.5757454,68,714480.6329,317910.274,1032390.907,339,3112.02,medium_airport,large_airport,1020000,287775,29550,1340437.02,-308046.1132
10000,10000,SBN,SFB,140,12431,88.79285714,0.625471698,125.0943396,53,588696.6429,232050,820746.6429,936,8592.48,large_airport,large_airport,1060000,41250,19050,1128892.48,-308145.8371
5000,10000,PIE,TYS,234,11856,50.66666667,0.6655,133.1,60,404624,279510,684134,550,5049,medium_airport,large_airport,900000,75450,16050,996549,-312415
10000,10000,HTS,SFB,912,71203,78.07346491,0.6375,127.5,44,437992.1382,196350,634342.1382,665,6104.7,large_airport,large_airport,880000,63075,4350,953529.7,-319187.5618
10000,10000,CVG,MCO,920,116879,127.0423913,0.646321321,129.2642643,333,5468539.734,1506575,6975114.734,757,6949.26,large_airport,large_airport,6660000,544650,94650,7306249.26,-331134.5263
5000,10000,LBE,TPA,525,19667,37.46095238,0.633484848,126.6969697,33,156624.2419,146335,302959.2419,866,7949.88,medium_airport,large_airport,495000,124950,10275,638174.88,-335215.6381
10000,10000,BLV,VPS,102,7745,75.93137255,0.650221471,130.0442943,36,355479.9033,163855.8108,519335.7141,587,5388.66,large_airport,large_airport,720000,120525,10200,856113.66,-336777.9459
10000,10000,BUF,TPA,721,83910,116.3800277,0.664695768,132.9391536,233,3604850.735,1084118.797,4688969.532,1053,9666.54,large_airport,large_airport,4660000,289275,69600,5028541.54,-339572.0076
5000,10000,LBE,RSW,756,23350,30.88624339,0.668522727,133.7045455,44,181703.7698,205905,387608.7698,956,8776.08,medium_airport,large_airport,660000,43875,20025,732676.08,-345067.3102
10000,5000,IND,PIE,284,17532,61.73239437,0.653705882,130.7411765,85,686032.0986,388955,1074987.099,840,7711.2,large_airport,medium_airport,1275000,139800,18825,1441336.2,-366349.1014
10000,10000,LAX,RNO,780,101928,130.6769231,0.653205276,130.6410552,906,15467024.64,4142627.862,19609652.5,391,3589.38,large_airport,large_airport,18120000,1537575,315225,19976389.38,-366736.8771
5000,10000,MDT,SFB,265,14354,54.16603774,0.664878049,132.9756098,82,590626.4755,381640,972266.4755,827,7591.86,medium_airport,large_airport,1230000,92100,21675,1351366.86,-379100.3845
10000,10000,PIT,TPA,835,97788,117.1113772,0.655993244,131.1986488,286,4394348.374,1313298.475,5707646.849,873,8014.14,large_airport,large_airport,5720000,311025,54600,6093639.14,-385992.2914
5000,10000,GRR,SFB,276,20283,73.48913043,0.624036697,124.8073394,109,999746.1304,476140,1475886.13,1001,9189.18,medium_airport,large_airport,1635000,214875,16350,1875414.18,-399528.0496
10000,5000,CVG,PIE,331,19481,58.85498489,0.629438202,125.8876404,89,659411.2508,392140,1051551.251,776,7123.68,large_airport,medium_airport,1335000,97650,12225,1451998.68,-400447.4292
10000,10000,BWI,CHS,269,31040,115.3903346,0.653201515,130.6403029,259,3904328.721,1184254.346,5088583.067,472,4332.96,large_airport,large_airport,5180000,268275,38550,5491157.96,-402574.8932
10000,10000,EWR,RSW,1406,189765,134.9679943,0.655404705,131.080941,675,11941918.89,3096787.23,15038706.12,1068,9804.24,large_airport,large_airport,13500000,1668825,263325,15441954.24,-403248.1154
10000,10000,CLE,TPA,657,73522,111.9056317,0.644907975,128.9815951,163,2352704,735840,3088544,927,8509.86,large_airport,large_airport,3260000,179925,48675,3497109.86,-408565.86
10000,10000,GSO,SFB,102,3944,38.66666667,0.6603125,132.0625,32,163405.3333,147910,311315.3333,510,4681.8,large_airport,large_airport,640000,77550,15525,737756.8,-426441.4667
10000,5000,EWR,MYR,155,6157,39.72258065,0.607826169,121.5652338,51,246273.1249,216993.9423,463267.0672,550,5049,large_airport,medium_airport,765000,104250,25275,899574,-436306.9328
10000,5000,FLL,TTN,104,3197,30.74038462,0.642058824,128.4117647,51,201318.7788,229215,430533.7788,1026,9418.68,large_airport,medium_airport,765000,71775,26775,872968.68,-442434.9012
10000,10000,DFW,MSY,608,75372,123.9671053,0.651439272,130.2878545,644,10401506.86,2936688.24,13338195.1,447,4103.46,large_airport,large_airport,12880000,860475,36750,13781328.46,-443133.3565
10000,10000,JAX,JFK,642,84137,131.0545171,0.652250471,130.4500941,519,8872862.455,2369625.96,11242488.41,828,7601.04,large_airport,large_airport,10380000,1012650,288000,11688251.04,-445762.625
10000,10000,DCA,MIA,1397,176514,126.3521832,0.647482986,129.4965972,769,12582514.72,3485400.914,16067915.63,919,8436.42,large_airport,large_airport,15380000,928500,206250,16523186.42,-455270.7903
10000,10000,BNA,HOU,505,59902,118.6178218,0.641664483,128.3328967,353,5373566.74,1585552.939,6959119.679,670,6150.6,large_airport,large_airport,7060000,303675,48825,7418650.6,-459530.921
10000,10000,CVG,RSW,734,83608,113.9073569,0.647833333,129.5666667,180,2656547.379,816270,3472817.379,879,8069.22,large_airport,large_airport,3600000,247575,77850,3933494.22,-460676.8413
10000,5000,FLL,PBG,336,23800,70.83333333,0.642786885,128.557377,122,1110950,548940,1659890,1334,12246.12,large_airport,medium_airport,1830000,238275,44100,2124621.12,-464731.12
10000,10000,ATL,DFW,2111,262354,124.2794884,0.652607139,130.5214278,1624,26343125.31,7418837.957,33761963.26,731,6710.58,large_airport,large_airport,32480000,1615050,130125,34231885.58,-469922.3155
10000,10000,BHM,TPA,267,29467,110.3632959,0.649096386,129.8192771,166,2378329.026,754250,3132579.026,459,4213.62,large_airport,large_airport,3320000,280650,1800,3606663.62,-474084.5938
10000,10000,JFK,ONT,215,24919,115.9023256,0.62505618,125.011236,89,1289529.274,389410,1678939.274,2429,22298.22,large_airport,large_airport,1780000,219675,136800,2158773.22,-479833.9456
10000,10000,BNA,MCI,505,55646,110.190099,0.65681035,131.36207,256,3705548.672,1177004.147,4882552.819,491,4507.38,large_airport,large_airport,5120000,216300,24225,5365032.38,-482479.5606
10000,5000,LAX,PRC,203,11195,55.14778325,0.628833785,125.7667571,87,603410.9337,382959.7753,986370.709,346,3176.28,large_airport,medium_airport,1305000,107700,57225,1473101.28,-486730.571
10000,5000,CLT,TTN,134,2047,15.2761194,0.632948718,126.5897436,39,75418.20149,172795,248213.2015,484,4443.12,large_airport,medium_airport,585000,135825,15300,740568.12,-492354.9185
10000,10000,IAH,TPA,747,89480,119.7858099,0.641030246,128.2060491,529,8123993.414,2373735,10497728.41,787,7224.66,large_airport,large_airport,10580000,282150,127800,10997174.66,-499446.2463
10000,10000,AVL,EWR,117,12476,106.6324786,0.679043981,135.8087963,80,1158530.286,380264.6296,1538794.915,583,5351.94,large_airport,large_airport,1600000,378675,62325,2046351.94,-507557.0248
10000,10000,MIA,PHL,1329,173109,130.255079,0.645521501,129.1043002,662,11132516.93,2991346.637,14123863.56,1013,9299.34,large_airport,large_airport,13240000,1141275,247650,14638224.34,-514360.7757
10000,5000,ATL,TTN,188,2967,15.78191489,0.653137255,130.627451,51,105139.117,233170,338309.117,701,6435.18,large_airport,medium_airport,765000,65925,22950,860310.18,-522001.063
10000,10000,DFW,SAT,439,54493,124.1298405,0.654347799,130.8695597,931,15123925.17,4264384.603,19388309.77,247,2267.46,large_airport,large_airport,18620000,1254900,38400,19915567.46,-527257.6913
10000,10000,IND,SFB,198,13316,67.25252525,0.642045455,128.4090909,66,569965.1515,296625,866590.1515,807,7408.26,large_airport,large_airport,1320000,59175,7800,1394383.26,-527793.1085
10000,10000,BDL,RSW,924,108696,117.6363636,0.661686289,132.3372578,260,4047595.183,1204269.046,5251864.228,1180,10832.4,large_airport,large_airport,5200000,471600,100050,5782482.4,-530618.1717
5000,5000,ACY,MYR,346,2132,6.161849711,0.652185904,130.4371808,88,70728.61882,401746.5169,472475.1357,466,4277.88,medium_airport,medium_airport,880000,98175,21525,1003977.88,-531502.7443
10000,10000,DSM,STL,109,11210,102.8440367,0.646547028,129.3094057,157,2087896.098,710555.184,2798451.282,259,2377.62,large_airport,large_airport,3140000,182775,19725,3344877.62,-546426.3381
10000,10000,DAL,LAX,1194,145933,122.221943,0.655412294,131.0824589,672,10766214.7,3083059.433,13849274.13,1246,11438.28,large_airport,large_airport,13440000,718950,235425,14405813.28,-556539.1489
10000,10000,FLL,RIC,467,55038,117.8543897,0.654550562,130.9101124,267,4119364.484,1223355,5342719.484,805,7389.9,large_airport,large_airport,5340000,507600,49275,5904264.9,-561545.4161
10000,10000,DEN,OKC,547,66874,122.2559415,0.645793399,129.1586798,631,9963752.498,2852469.444,12816221.94,495,4544.1,large_airport,large_airport,12620000,668250,90225,13383019.1,-566797.1587
10000,10000,BOS,JAX,709,89606,126.3836389,0.665501973,133.1003947,407,6846436.875,1896015.122,8742451.997,1010,9271.8,large_airport,large_airport,8140000,983700,184050,9317021.8,-574569.8031
5000,10000,ACY,TPA,198,7298,36.85858586,0.655,131,89,429734.2525,408065,837799.2525,913,8381.34,medium_airport,large_airport,1335000,39450,32625,1415456.34,-577657.0875
5000,10000,FAT,LAS,373,20201,54.15817694,0.675546875,135.109375,128,936611.5121,605290,1541901.512,259,2377.62,medium_airport,large_airport,1920000,206250,7125,2135752.62,-593851.1079
10000,5000,FLL,IAG,1260,38068,30.21269841,0.675704225,135.1408451,71,289890.8413,335825,625715.8413,1176,10795.68,large_airport,medium_airport,1065000,125025,19875,1220695.68,-594979.8387
10000,5000,FLL,LBE,1543,40078,25.97407647,0.652171053,130.4342105,73,247317.2956,333259.4079,580576.7035,980,8996.4,large_airport,medium_airport,1095000,46800,45300,1196096.4,-615519.6965
10000,10000,CLE,MKE,188,17661,93.94148936,0.644425929,128.8851859,127,1537673.622,572894.6512,2110568.273,328,3011.04,large_airport,large_airport,2540000,165375,28650,2737036.04,-626467.7666
10000,10000,BUF,MCO,1194,147316,123.3802345,0.652186507,130.4373014,426,6855781.94,1944820.164,8800602.104,1011,9280.98,large_airport,large_airport,8520000,782850,116325,9428455.98,-627853.8761
10000,10000,MCO,MSY,833,97860,117.4789916,0.644556025,128.9112051,473,7163281.513,2134125,9297406.513,551,5058.18,large_airport,large_airport,9460000,409275,53325,9927658.18,-630251.6674
10000,10000,BOI,OAK,257,25610,99.64980545,0.642845304,128.5690608,181,2318950.623,814485,3133435.623,512,4700.16,large_airport,large_airport,3620000,158925,16500,3800125.16,-666689.5374
10000,5000,RSW,TTN,235,7342,31.24255319,0.63,126,64,251939.9489,282240,534179.9489,1028,9437.04,large_airport,medium_airport,960000,227475,32625,1229537.04,-695357.0911
10000,10000,LEX,SFB,141,7736,54.86524823,0.669655172,133.9310345,58,426193.2482,271880,698073.2482,667,6123.06,large_airport,large_airport,1160000,216675,13875,1396673.06,-698599.8118
10000,10000,DEN,MCO,2485,305959,123.122334,0.654481967,130.8963933,873,14069503.24,3999539.298,18069042.54,1546,14192.28,large_airport,large_airport,17460000,1023150,276825,18774167.28,-705124.7448
10000,5000,AVL,PIE,157,4586,29.21019108,0.63525,127.05,80,296892.3822,355740,652632.3822,519,4764.42,large_airport,medium_airport,1200000,153075,8850,1366689.42,-714057.0378
5000,10000,ABE,SFB,440,18967,43.10681818,0.668185484,133.6370968,124,714323.0841,579985,1294308.084,882,8096.76,medium_airport,large_airport,1860000,117150,24600,2009846.76,-715538.6759
10000,10000,HOU,OKC,428,47137,110.1331776,0.650823223,130.1646446,304,4357975.558,1384951.818,5742927.376,419,3846.42,large_airport,large_airport,6080000,319125,58875,6461846.42,-718919.0442
10000,10000,BWI,RDU,334,39612,118.5988024,0.646051237,129.2102473,566,8673486.216,2559655,11233141.22,255,2340.9,large_airport,large_airport,11320000,566850,65100,11954290.9,-721149.6844
10000,5000,TPA,TTN,217,5996,27.63133641,0.639457968,127.8915936,78,275637.6205,349144.0506,624781.6711,955,8766.9,large_airport,medium_airport,1170000,187800,42000,1408566.9,-783785.2289
5000,10000,LBE,MCO,1975,43904,22.22987342,0.658662791,131.7325581,86,251842.2359,396515,648357.2359,823,7555.14,medium_airport,large_airport,1290000,89175,53850,1440580.14,-792222.9041
10000,10000,FLL,PHL,1597,194913,122.0494678,0.654304396,130.8608792,809,12920944.03,3705325.795,16626269.83,992,9106.56,large_airport,large_airport,16180000,964875,272700,17426681.56,-800411.7314
5000,10000,ACY,PBI,247,6430,26.03238866,0.626516854,125.3033708,89,290313.1984,390320,680633.1984,936,8592.48,medium_airport,large_airport,1335000,108525,43200,1495317.48,-814684.2816
10000,10000,MSP,TPA,1970,241047,122.3588832,0.642189446,128.4378891,433,6804818.722,1946476.21,8751294.932,1306,11989.08,large_airport,large_airport,8660000,689925,206325,9568239.08,-816944.1479
5000,10000,ISP,PBI,845,66342,78.5112426,0.653046595,130.609319,279,2860949.68,1275400,4136349.68,1052,9657.36,medium_airport,large_airport,4185000,665475,95250,4955382.36,-819032.6795
10000,10000,COS,PHX,258,14806,57.3875969,0.617133333,123.4266667,75,531236.9845,323995,855231.9845,551,5058.18,large_airport,large_airport,1500000,103875,79500,1688433.18,-833201.1955
10000,10000,MCO,RIC,554,58504,105.6028881,0.663251225,132.6502451,270,3782227.227,1253544.816,5035772.043,667,6123.06,large_airport,large_airport,5400000,423525,41925,5871573.06,-835801.0171
5000,10000,CYS,DFW,178,5857,32.90449438,0.643138198,128.6276397,86,363988.7604,387169.1954,751157.9558,713,6545.34,medium_airport,large_airport,1290000,279000,16500,1592045.34,-840887.3842
10000,5000,PBI,TTN,219,6031,27.53881279,0.676534091,135.3068182,88,327904.6438,416745,744649.6438,985,9042.3,large_airport,medium_airport,1320000,225150,37875,1592067.3,-847417.6562
10000,10000,DFW,TPA,957,113921,119.0397074,0.651204984,130.2409969,683,10589129.66,3113411.031,13702540.69,929,8528.22,large_airport,large_airport,13660000,833400,55725,14557653.22,-855112.5273
10000,10000,DAL,LGA,592,71658,121.0439189,0.651610607,130.3221214,397,6262556.019,1810825.877,8073381.896,1381,12677.58,large_airport,large_airport,7940000,776775,205800,8935252.58,-861870.6841
10000,10000,CLE,RSW,852,98920,116.1032864,0.636520979,127.3041958,286,4227204.554,1274315,5501519.554,1025,9409.5,large_airport,large_airport,5720000,536700,106200,6372309.5,-870789.946
10000,10000,BNA,FLL,1142,130611,114.3704028,0.651522681,130.3045362,432,6438088.35,1970204.587,8408292.937,793,7279.74,large_airport,large_airport,8640000,596700,48525,9292504.74,-884211.8033
10000,10000,LAS,STL,989,108112,109.314459,0.664636242,132.9272484,353,5129397.198,1642316.154,6771713.352,1371,12585.78,large_airport,large_airport,7060000,491700,98550,7662835.78,-891122.4277
10000,10000,LAS,SAT,996,111536,111.9839357,0.651742312,130.3484625,404,5897161.274,1843127.26,7740288.534,1069,9813.42,large_airport,large_airport,8080000,448125,99975,8637913.42,-897624.8859
10000,10000,MDW,SDF,134,11384,84.95522388,0.661573348,132.3146697,188,2113274.608,870630.5263,2983905.134,271,2487.78,large_airport,large_airport,3760000,108675,22800,3893962.78,-910057.6457
10000,10000,MCO,MSP,2784,334505,120.152658,0.652572786,130.5145572,627,9832407.696,2864141.959,12696549.65,1310,12025.8,large_airport,large_airport,12540000,791475,266175,13609675.8,-913126.1458
10000,10000,COS,LAS,362,15626,43.16574586,0.6442,128.84,75,417110.6022,338205,755315.6022,604,5544.72,large_airport,large_airport,1500000,115575,55800,1676919.72,-921604.1178
10000,10000,BWI,CLE,220,20767,94.39545455,0.662614852,132.5229704,227,2839671.489,1052895,3892566.489,314,2882.52,large_airport,large_airport,4540000,260325,23325,4826532.52,-933966.031
10000,10000,CVG,SFB,283,13969,49.36042403,0.658369565,131.673913,92,597952.1767,423990,1021942.177,735,6747.3,large_airport,large_airport,1840000,114750,6900,1968397.3,-946455.1233
10000,10000,LAX,MDW,793,91852,115.8284994,0.657415021,131.4830042,408,6213627.458,1877577.299,8091204.757,1750,16065,large_airport,large_airport,8160000,681600,194250,9051915,-960710.2429
10000,10000,BOS,DTW,891,119779,134.4320988,0.64477857,128.955714,755,13088519.4,3407654.742,16496174.14,632,5801.76,large_airport,large_airport,15100000,2029125,332625,17467551.76,-971377.6208
10000,10000,DFW,LBB,160,19108,119.425,0.641988139,128.3976278,549,8418303.796,2467160.417,10885464.21,282,2588.76,large_airport,large_airport,10980000,847875,45675,11876138.76,-990674.5468
10000,10000,DAL,LAS,1041,113809,109.326609,0.65712712,131.4254241,449,6451364.884,2065350.54,8516715.424,1067,9795.06,large_airport,large_airport,8980000,465600,62775,9518170.06,-1001454.636
10000,10000,BOS,ROC,205,23918,116.6731707,0.635410714,127.0821429,280,4151581.434,1245405,5396986.434,343,3148.74,large_airport,large_airport,5600000,690075,109725,6402948.74,-1005962.306
10000,10000,MSP,RSW,3081,367755,119.3622201,0.647329873,129.4659747,516,7973926.619,2338155.503,10312082.12,1416,12998.88,large_airport,large_airport,10320000,673350,329550,11335898.88,-1023816.758
10000,10000,MCI,STL,189,18823,99.59259259,0.646899228,129.3798455,302,3891352.823,1367544.967,5258897.79,237,2175.66,large_airport,large_airport,6040000,241650,20550,6304375.66,-1045477.87
10000,10000,LAS,MSP,2322,279132,120.2118863,0.657839943,131.5679887,706,11166121.48,3251045,14417166.48,1299,11924.82,large_airport,large_airport,14120000,919125,436350,15487399.82,-1070233.337
10000,10000,MDW,RSW,983,103587,105.3784334,0.655384618,131.0769236,373,5152129.962,1711209.238,6863339.2,1105,10143.9,large_airport,large_airport,7460000,384675,90150,7944968.9,-1081629.7
10000,5000,LAS,SCK,2302,66367,28.8301477,0.638481481,127.6962963,135,497002.9162,603365,1100367.916,359,3295.62,large_airport,medium_airport,2025000,153450,8175,2189920.62,-1089552.704
10000,10000,BWI,PWM,173,16109,93.11560694,0.641956522,128.3913043,253,3024674.26,1136905,4161579.26,452,4149.36,large_airport,large_airport,5060000,163050,55425,5282624.36,-1121045.1
10000,10000,IAH,LAS,1356,157819,116.3856932,0.65030371,130.0607421,713,10792830.46,3245665.818,14038496.28,1222,11217.96,large_airport,large_airport,14260000,767250,133875,15172342.96,-1133846.679
10000,5000,DEN,VEL,129,4517,35.01550388,0.653967595,130.7935191,127,581634.7237,581377.1923,1163011.916,259,2377.62,large_airport,medium_airport,1905000,351675,50775,2309827.62,-1146815.704
5000,10000,BLI,LAS,494,20273,41.03846154,0.658802645,131.7605291,169,913825.1493,779363.5294,1693188.679,954,8757.72,medium_airport,large_airport,2535000,254025,46050,2843832.72,-1150644.041
10000,10000,DEN,HOU,1176,130700,111.1394558,0.65046241,130.092482,528,7634039.241,2404109.068,10038148.31,883,8105.94,large_airport,large_airport,10560000,541500,83850,11193455.94,-1155307.631
10000,10000,LAS,MCI,1085,116523,107.39447,0.645238644,129.0477287,411,5696054.112,1856351.578,7552405.689,1139,10456.02,large_airport,large_airport,8220000,373725,108900,8713081.02,-1160675.331
5000,10000,CDC,SLC,226,6996,30.95575221,0.657077922,131.4155844,154,626482.5133,708330,1334812.513,221,2028.78,medium_airport,large_airport,2310000,182625,12750,2507403.78,-1172591.267
10000,10000,DEN,SNA,1395,163719,117.3612903,0.64529848,129.059696,788,11935530.61,3559466.416,15494997.03,846,7766.28,large_airport,large_airport,15760000,743775,162825,16674366.28,-1179369.252
5000,10000,LGB,SFO,430,18683,43.44883721,0.650809249,130.1618497,173,978380.9163,788130,1766510.916,354,3249.72,medium_airport,large_airport,2595000,384300,19725,3002274.72,-1235763.804
10000,10000,AVL,SFB,173,5065,29.27745665,0.656052632,131.2105263,95,364943.4971,436275,801218.4971,465,4268.7,large_airport,large_airport,1900000,106650,35250,2046168.7,-1244950.203
10000,10000,PHX,SMF,1305,149155,114.2950192,0.649504395,129.900879,890,13213850.87,4046412.379,17260263.25,647,5939.46,large_airport,large_airport,17800000,648525,64725,18519189.46,-1258926.212
10000,10000,RNO,SJC,274,25533,93.18613139,0.658966757,131.7933513,315,3868613.453,1453021.698,5321635.151,188,1725.84,large_airport,large_airport,6300000,263550,18000,6583275.84,-1261640.689
10000,10000,LAS,ONT,287,27451,95.64808362,0.66569229,133.1384581,353,4495256.746,1644925.65,6140182.395,197,1808.46,large_airport,large_airport,7060000,334950,15450,7412208.46,-1272026.065
10000,10000,MDW,PIT,263,26420,100.4562738,0.654910664,130.9821328,350,4605291.947,1604531.127,6209823.073,402,3690.36,large_airport,large_airport,7000000,443775,54225,7501690.36,-1291867.287
10000,10000,SFB,TYS,352,13117,37.26420455,0.63411215,126.8224299,107,505675.2557,474950,980625.2557,511,4690.98,large_airport,large_airport,2140000,127425,20775,2292890.98,-1312265.724
10000,10000,MKE,RSW,1055,102907,97.54218009,0.655133951,131.0267903,286,3655262.69,1311578.171,4966840.86,1183,10859.94,large_airport,large_airport,5720000,500175,79425,6310459.94,-1343619.08
10000,10000,CLT,JFK,642,79164,123.3084112,0.653922085,130.7844171,987,15917170.04,4517947.687,20435117.72,541,4966.38,large_airport,large_airport,19740000,1594875,444300,21784141.38,-1349023.657
10000,10000,BNA,BWI,705,75073,106.4865248,0.644163092,128.8326184,475,6516495.461,2141842.28,8658337.742,587,5388.66,large_airport,large_airport,9500000,452925,69600,10027913.66,-1369575.918
10000,10000,BDL,FLL,986,113862,115.4787018,0.65101964,130.203928,443,6660850.794,2018811.903,8679662.698,1173,10768.14,large_airport,large_airport,8860000,1023000,183150,10076918.14,-1397255.442
10000,10000,BOS,CLE,553,65833,119.0470163,0.645461813,129.0923627,431,6623634.119,1947358.291,8570992.41,563,5168.34,large_airport,large_airport,8620000,1200450,154875,9980493.34,-1409500.93
10000,10000,DTW,LGA,2008,263207,131.0791833,0.65391992,130.783984,1201,20588812.43,5497504.767,26086317.19,502,4608.36,large_airport,large_airport,24020000,2755275,728250,27508133.36,-1421816.166
10000,10000,MSP,PHX,3329,410904,123.4316612,0.648000285,129.6000569,1124,17980347.35,5098466.24,23078813.59,1276,11713.68,large_airport,large_airport,22480000,1405575,609075,24506363.68,-1427550.087
10000,10000,LGA,MCO,1714,213268,124.4270712,0.658733603,131.7467207,1009,16540394.32,4652635.44,21193029.76,950,8721,large_airport,large_airport,20180000,1928850,504075,22621646,-1428616.243
10000,10000,HOU,PHX,560,56082,100.1464286,0.650017667,130.0035334,406,5285872.168,1847350.21,7133222.378,1020,9363.6,large_airport,large_airport,8120000,380700,62475,8572538.6,-1439316.222
10000,5000,MCO,TTN,297,6407,21.57239057,0.655449768,131.0899536,139,393081.3913,637752.6241,1030834.015,896,8225.28,large_airport,medium_airport,2085000,297900,85050,2476175.28,-1445341.265
5000,10000,ISP,MCO,1204,70912,58.89700997,0.669481698,133.8963395,351,2768019.009,1644916.531,4412935.54,971,8913.78,medium_airport,large_airport,5265000,527775,92475,5894163.78,-1481228.24
10000,10000,JFK,SAV,436,43362,99.45412844,0.653711291,130.7422582,346,4498988.638,1583288.746,6082277.385,718,6591.24,large_airport,large_airport,6920000,468225,174825,7569641.24,-1487363.855
10000,10000,JFK,ROC,240,27227,113.4458333,0.657051432,131.4102865,510,7603054.222,2345673.613,9948727.836,264,2423.52,large_airport,large_airport,10200000,941550,311100,11455073.52,-1506345.684
10000,10000,MDW,OMA,278,24645,88.65107914,0.659295115,131.859023,313,3658796.187,1444515.597,5103311.785,423,3883.14,large_airport,large_airport,6260000,394875,27675,6686433.14,-1583121.355
10000,10000,BWI,MHT,247,24799,100.4008097,0.638823395,127.7646789,417,5349141.401,1864725.489,7213866.89,377,3460.86,large_airport,large_airport,8340000,408600,66000,8818060.86,-1604193.97
10000,5000,LGA,MYR,455,11710,25.73626374,0.646415422,129.2830844,175,582271.1225,791858.892,1374130.015,563,5168.34,large_airport,medium_airport,2625000,280500,68550,2979218.34,-1605088.325
10000,10000,SEA,SMF,1136,136628,120.2711268,0.643707808,128.7415616,1110,17187120.86,5001609.667,22188730.53,605,5553.9,large_airport,large_airport,22200000,1325175,275850,23806578.9,-1617848.37
10000,10000,FLL,MSY,829,86011,103.7527141,0.642050251,128.4100502,459,6115207.074,2062907.457,8178114.53,674,6187.32,large_airport,large_airport,9180000,580650,51900,9818737.32,-1640622.79
10000,10000,OAK,RNO,221,12964,58.66063348,0.6460376,129.20752,180,1364291.095,814007.3757,2178298.471,181,1661.58,large_airport,large_airport,3600000,188475,39075,3829211.58,-1650913.109
10000,10000,DAL,OKC,105,7951,75.72380952,0.650064906,130.0129812,247,2431734.321,1123962.222,3555696.543,181,1661.58,large_airport,large_airport,4940000,240975,34725,5217361.58,-1661665.037
10000,10000,EWR,TPA,1823,216318,118.6604498,0.655974869,131.1949738,681,10601572.78,3127032.199,13728604.98,997,9152.46,large_airport,large_airport,13620000,1622925,175575,15427652.46,-1699047.479
5000,10000,ACY,RSW,546,9062,16.5970696,0.662951597,132.5903194,167,367501.9966,774990.4167,1142492.413,982,9014.76,medium_airport,large_airport,2505000,265275,76275,2855564.76,-1713072.347
10000,10000,DAL,STL,565,55183,97.66902655,0.651413991,130.2827983,467,5942385.438,2129472.338,8071857.776,546,5012.28,large_airport,large_airport,9340000,425250,47850,9818112.28,-1746254.504
10000,10000,BDL,BWI,283,27884,98.53003534,0.648725245,129.745049,456,5829405.625,2070730.983,7900136.608,283,2597.94,large_airport,large_airport,9120000,443325,82500,9648422.94,-1748286.332
5000,10000,ACY,MCO,818,9512,11.62836186,0.649859551,129.9719101,178,269022.1516,809725,1078747.152,852,7821.36,medium_airport,large_airport,2670000,103875,61050,2842746.36,-1763999.208
10000,10000,JFK,TPA,1110,131262,118.2540541,0.641528922,128.3057844,641,9725687.343,2878540.273,12604227.62,1005,9225.9,large_airport,large_airport,12820000,1272000,289125,14390350.9,-1786123.285
5000,10000,BUR,SFO,1006,88829,88.29920477,0.646565021,129.3130043,767,8757786.584,3471407.599,12229194.18,326,2992.68,medium_airport,large_airport,11505000,2427975,152400,14088367.68,-1859173.496
10000,10000,MSY,TPA,628,57003,90.76910828,0.639808417,127.9616835,375,4355612.963,1679497.095,6035110.059,488,4479.84,large_airport,large_airport,7500000,371925,25650,7902054.84,-1866944.781
10000,10000,MDW,PHL,360,34181,94.94722222,0.638740304,127.7480607,376,4560625.64,1681164.479,6241790.119,668,6132.24,large_airport,large_airport,7520000,486975,98025,8111132.24,-1869342.121
10000,10000,BWI,PBI,709,67108,94.651622,0.640856561,128.1713122,366,4440173.87,1641874.51,6082048.38,883,8105.94,large_airport,large_airport,7320000,522150,103950,7954205.94,-1872157.56
10000,10000,BOS,PBI,1631,202148,123.9411404,0.657743673,131.5487346,739,12048877.84,3402508.02,15451385.86,1197,10988.46,large_airport,large_airport,14780000,2225625,311700,17328313.46,-1876927.603
10000,10000,SEA,SJC,2077,252322,121.483871,0.647738647,129.5477295,1393,21922977.79,6316099.55,28239077.34,696,6389.28,large_airport,large_airport,27860000,1922175,338475,30127039.28,-1887961.939
10000,10000,MDW,RDU,583,36912,63.31389365,0.65921342,131.842684,236,1970003.787,1089020.57,3059024.356,632,5801.76,large_airport,large_airport,4720000,243300,17400,4986501.76,-1927477.404
10000,10000,BUF,BWI,252,21210,84.16666667,0.641892951,128.3785902,326,3522494.552,1464799.715,4987294.267,281,2579.58,large_airport,large_airport,6520000,361125,44475,6928179.58,-1940885.313
10000,10000,ABQ,LAS,643,50764,78.94867807,0.657034827,131.4069654,326,3382056.425,1499353.476,4881409.9,486,4461.48,large_airport,large_airport,6520000,279150,18900,6822511.48,-1941101.58
10000,10000,CLT,LGA,1634,199566,122.1334149,0.655671886,131.1343772,1422,22774594.58,6526557.952,29301152.53,544,4993.92,large_airport,large_airport,28440000,2148825,702975,31296793.92,-1995641.386
10000,5000,DAL,MAF,587,27108,46.18057922,0.642968649,128.5937298,384,2280396.644,1728299.729,4008696.372,319,2928.42,large_airport,medium_airport,5760000,188925,53850,6005703.42,-1997007.048
10000,10000,AUS,HOU,151,14371,95.17218543,0.647705569,129.5411138,481,5930109.943,2180824.65,8110934.593,148,1358.64,large_airport,large_airport,9620000,392625,101625,10115608.64,-2004674.047
10000,10000,CLE,MDW,323,26147,80.9504644,0.656147595,131.2295189,326,3463127.503,1497328.811,4960456.314,307,2818.26,large_airport,large_airport,6520000,416250,43950,6983018.26,-2022561.946
10000,10000,BDL,MCO,1578,180463,114.3618504,0.648079812,129.6159625,665,9857375.675,3016811.527,12874187.2,1050,9639,large_airport,large_airport,13300000,1360650,260100,14930389,-2056201.799
10000,10000,BWI,MDW,725,68743,94.81793103,0.657420975,131.4841949,474,5909386.122,2181322.794,8090708.916,611,5608.98,large_airport,large_airport,9480000,645075,51900,10182583.98,-2091875.064
10000,10000,MCO,STL,1463,140681,96.15926179,0.650648674,130.1297348,480,6006326.035,2186179.545,8192505.581,882,8096.76,large_airport,large_airport,9600000,634725,73425,10316246.76,-2123741.179
10000,10000,ABQ,DAL,309,25602,82.85436893,0.660001798,132.0003596,408,4462217.048,1884965.134,6347182.182,580,5324.4,large_airport,large_airport,8160000,291225,41100,8497649.4,-2150467.218
10000,10000,EWR,PBI,2296,284769,124.0283101,0.654633178,130.9266356,987,16027507.44,4522860.626,20550368.06,1023,9391.14,large_airport,large_airport,19740000,2676825,320700,22746916.14,-2196548.079
10000,10000,MCO,PIT,1483,138224,93.20566419,0.661463008,132.2926015,490,6041905.698,2268818.116,8310723.815,834,7656.12,large_airport,large_airport,9800000,644775,102975,10555406.12,-2244682.305
10000,10000,AMA,DAL,201,13948,69.39303483,0.655746063,131.1492125,322,2930471.083,1478051.625,4408522.709,323,2965.14,large_airport,large_airport,6440000,203850,22875,6669690.14,-2261167.431
10000,10000,DAL,DCA,740,63674,86.04594595,0.643322923,128.6645846,391,4328786.764,1760774.84,6089561.604,1184,10869.12,large_airport,large_airport,7820000,381375,147375,8359619.12,-2270057.516
10000,10000,DAL,PHX,986,92095,93.40263692,0.65174134,130.348268,521,6343108.284,2376900.667,8720008.951,879,8069.22,large_airport,large_airport,10420000,543450,40725,11012244.22,-2292235.269
10000,10000,ATL,JFK,1227,135731,110.6202119,0.647913291,129.5826583,810,11610913.5,3673668.362,15284581.87,760,6976.8,large_airport,large_airport,16200000,967575,412725,17587276.8,-2302694.933
10000,10000,PDX,SJC,1128,120295,106.6445035,0.652256809,130.4513618,953,13258060.44,4351205.173,17609265.62,569,5223.42,large_airport,large_airport,19060000,726150,148725,19940098.42,-2330832.804
5000,10000,ACY,FLL,681,13653,20.04845815,0.650642023,130.1284047,257,670480.5859,1170505,1840985.586,977,8968.86,medium_airport,large_airport,3855000,236250,101850,4202068.86,-2361083.274
10000,10000,BNA,MDW,523,46301,88.52963671,0.648102098,129.6204197,459,5267139.137,2082352.042,7349491.179,395,3626.1,large_airport,large_airport,9180000,514650,23925,9722201.1,-2372709.921
10000,10000,BOI,GEG,390,26061,66.82307692,0.655307523,131.0615045,319,2793780.626,1463301.698,4257082.324,287,2634.66,large_airport,large_airport,6380000,199500,51525,6633659.66,-2376577.336
10000,10000,DAL,DEN,928,89914,96.89008621,0.649531608,129.9063216,599,7539394.187,2723486.033,10262880.22,651,5976.18,large_airport,large_airport,11980000,617250,58425,12661651.18,-2398770.959
10000,10000,BNA,MCO,1278,124296,97.25821596,0.648203134,129.6406269,537,6770826.839,2436595.582,9207422.421,616,5654.88,large_airport,large_airport,10740000,874575,55875,11676104.88,-2468682.459
10000,10000,BUF,JFK,504,57671,114.4265873,0.647236326,129.4472651,791,11716457.15,3583747.535,15300204.68,301,2763.18,large_airport,large_airport,15820000,1669875,316125,17808763.18,-2508558.499
10000,10000,ATL,DAL,1349,138799,102.8902891,0.654388395,130.8776791,837,11271077.35,3834061.609,15105138.96,721,6618.78,large_airport,large_airport,16740000,770400,112350,17629368.78,-2524229.817
10000,10000,BNA,DAL,742,59071,79.61051213,0.642738597,128.5477194,407,4165136.159,1831162.263,5996298.422,623,5719.14,large_airport,large_airport,8140000,350400,39375,8535494.14,-2539195.718
10000,10000,DAL,TUL,261,15548,59.57088123,0.659518456,131.9036913,318,2498722.883,1468088.084,3966810.967,237.6525822,2181.650704,large_airport,large_airport,6360000,117450,46350,6525981.651,-2559170.684
10000,10000,BOS,CLT,1051,121358,115.4690771,0.652297502,130.4595005,952,14340964.28,4346910.556,18687874.84,728,6683.04,large_airport,large_airport,19040000,1954500,258750,21259933.04,-2572058.2
10000,10000,ONT,SJC,532,36067,67.79511278,0.645816076,129.1632152,345,3021038.986,1559645.824,4580684.81,333,3056.94,large_airport,large_airport,6900000,251850,8700,7163606.94,-2582922.13
10000,5000,PHX,SGU,150,1846,12.30666667,0.651186181,130.2372362,262,419929.9985,1194275.456,1614205.455,262,2405.16,large_airport,medium_airport,3930000,237975,49275,4219655.16,-2605449.705
10000,10000,PHL,TPA,1714,184894,107.8728121,0.638260573,127.6521146,733,10093551.16,3274915,13368466.16,920,8445.6,large_airport,large_airport,14660000,1092075,230400,15990920.6,-2622454.441
10000,10000,DTW,TPA,2448,243047,99.28390523,0.644684397,128.9368795,688,8807333.563,3104800.058,11912133.62,983,9023.94,large_airport,large_airport,13760000,564075,249900,14582998.94,-2670865.319
10000,10000,ORD,PHX,2939,365895,124.4964274,0.644506368,128.9012735,1409,22611276.98,6356766.303,28968043.28,1440,13219.2,large_airport,large_airport,28180000,3005550,451050,31649819.2,-2681775.919
10000,10000,DAL,MDW,1135,99973,88.08193833,0.656996203,131.3992406,534,6180462.498,2455851.807,8636314.305,793,7279.74,large_airport,large_airport,10680000,586350,62175,11335804.74,-2699490.435
10000,10000,BOS,BUF,348,34843,100.1235632,0.642660434,128.5320869,477,6138556.181,2145843.19,8284399.371,395,3626.1,large_airport,large_airport,9540000,1226325,230850,11000801.1,-2716401.729
10000,10000,PDX,SMF,793,75656,95.40479193,0.650669525,130.1339051,718,8914255.862,3270265.035,12184520.9,479,4397.22,large_airport,large_airport,14360000,451050,95250,14910697.22,-2726176.323
10000,10000,ONT,PHX,682,70815,103.8343109,0.651828501,130.3657002,929,12575345.92,4238840.742,16814186.66,325,2983.5,large_airport,large_airport,18580000,915900,88650,19587533.5,-2773346.837
10000,10000,HOU,LAS,1235,98279,79.57813765,0.643451776,128.6903552,424,4342158.05,1909764.871,6251922.921,1235,11337.3,large_airport,large_airport,8480000,469800,75150,9036287.3,-2784364.379
10000,10000,LAS,SLC,1236,132318,107.0533981,0.653589792,130.7179585,984,13769900.81,4501926.489,18271827.3,368,3378.24,large_airport,large_airport,19680000,1212675,167325,21063378.24,-2791550.937
10000,10000,BWI,DTW,628,58390,92.97770701,0.650874965,130.174993,632,7649331.331,2879470.845,10528802.18,409,3754.62,large_airport,large_airport,12640000,474600,242400,13360754.62,-2831952.444
10000,10000,BWI,RSW,982,87224,88.82281059,0.65114651,130.2293019,531,6142253.621,2420311.576,8562565.197,919,8436.42,large_airport,large_airport,10620000,653325,117150,11398911.42,-2836346.223
10000,10000,GEG,PDX,490,43633,89.04693878,0.652012935,130.4025869,616,7152961.923,2811479.774,9964441.698,279,2561.22,large_airport,large_airport,12320000,445050,36375,12803986.22,-2839544.522
10000,10000,DEN,STL,1156,124162,107.4065744,0.653849009,130.7698018,879,12346026.54,4023132.953,16369159.49,770,7068.6,large_airport,large_airport,17580000,1504950,142650,19234668.6,-2865509.11
10000,10000,MDW,STL,344,29246,85.01744186,0.635840695,127.1681391,479,5178713.228,2131973.852,7310687.08,251,2304.18,large_airport,large_airport,9580000,562725,36525,10181554.18,-2870867.1
10000,10000,JFK,PBI,1335,130011,97.38651685,0.64884676,129.7693519,541,6837041.78,2457182.678,9294224.458,1028,9437.04,large_airport,large_airport,10820000,979350,361950,12170737.04,-2876512.582
10000,10000,BWI,PVD,335,24265,72.43283582,0.640891779,128.1783559,386,3583748.217,1731689.588,5315437.805,327,3001.86,large_airport,large_airport,7720000,412500,58275,8193776.86,-2878339.055
10000,10000,PHX,SFO,1629,196877,120.8575813,0.642804488,128.5608976,1278,19857000.58,5750528.949,25607529.52,651,5976.18,large_airport,large_airport,25560000,2765850,206700,28538526.18,-2930996.656
10000,10000,EWR,MDW,303,23978,79.13531353,0.640105943,128.0211887,356,3606634.899,1595144.011,5201778.91,711,6526.98,large_airport,large_airport,7120000,967575,67275,8161376.98,-2959598.07
10000,10000,DTW,RSW,2340,248684,106.2752137,0.644870089,128.9740177,826,11321768.31,3728638.853,15050407.16,1084,9951.12,large_airport,large_airport,16520000,959100,526125,18015176.12,-2964768.959
10000,10000,CMH,DCA,488,42262,86.60245902,0.651775929,130.3551859,566,6389619.078,2582336.232,8971955.31,323,2965.14,large_airport,large_airport,11320000,507375,107550,11937890.14,-2965934.83
10000,10000,DEN,MCI,1267,131295,103.6266772,0.65076009,130.152018,905,12205935.15,4122565.17,16328500.32,533,4892.94,large_airport,large_airport,18100000,1056000,138750,19299642.94,-2971142.625
10000,10000,AUS,DEN,1667,172320,103.3713257,0.649824163,129.9648325,899,12077738.7,4089343.456,16167082.15,775,7114.5,large_airport,large_airport,17980000,977250,180600,19144964.5,-2977882.348
5000,10000,LGB,OAK,1002,42714,42.62874251,0.652432816,130.4865632,513,2853551.268,2342886.243,5196437.511,353,3240.54,medium_airport,large_airport,7695000,444150,51600,8193990.54,-2997553.029
10000,10000,MCO,ORD,2616,314207,120.1097095,0.647632045,129.526409,1312,20411281.72,5947852.703,26359134.42,1005,9225.9,large_airport,large_airport,26240000,2928600,314850,29492675.9,-3133541.475
10000,10000,MCO,RDU,1403,129824,92.53314326,0.652436327,130.4872655,623,7522349.226,2845274.824,10367624.05,534,4902.12,large_airport,large_airport,12460000,930450,116025,13511377.12,-3143753.07
10000,10000,ATL,MDW,1381,140591,101.8037654,0.647668009,129.5336019,894,11789185.52,4053106.403,15842291.93,591,5425.38,large_airport,large_airport,17880000,922950,187725,18996100.38,-3153808.453
10000,10000,DAL,LBB,332,21235,63.96084337,0.645761927,129.1523854,403,3329060.285,1821694.397,5150754.681,293,2689.74,large_airport,large_airport,8060000,237075,29550,8329314.74,-3178560.059
10000,10000,HOU,SAT,232,16766,72.26724138,0.641859109,128.3718217,442,4100468.223,1985912.082,6086380.306,192,1762.56,large_airport,large_airport,8840000,320700,106425,9268887.56,-3182507.254
10000,10000,FLL,JFK,1855,201380,108.5606469,0.649041448,129.8082897,967,13627033.53,4393361.563,18020395.09,1069,9813.42,large_airport,large_airport,19340000,1469925,416250,21235988.42,-3215593.331
10000,10000,BOS,MCO,2711,314087,115.8565105,0.649836058,129.9672116,1022,15388813.67,4648927.16,20037740.83,1121,10290.78,large_airport,large_airport,20440000,2424825,403275,23278390.78,-3240649.954
10000,10000,AVL,FLL,537,13858,25.80633147,0.639586037,127.9172074,237,782354.5036,1061073.235,1843427.739,660,6058.8,large_airport,large_airport,4740000,273525,64950,5084533.8,-3241106.061
10000,10000,DCA,MDW,639,48053,75.20031299,0.650680145,130.136029,457,4472325.44,2081525.783,6553851.223,601,5517.18,large_airport,large_airport,9140000,585900,94125,9825542.18,-3271690.957
5000,10000,BUR,PHX,1083,63922,59.02308403,0.659846216,131.9692432,805,6270331.541,3718233.426,9988564.967,369,3387.42,medium_airport,large_airport,12075000,1167900,95475,13341762.42,-3353197.453
10000,10000,DAL,MSY,747,62222,83.29585007,0.645743411,129.1486822,612,6583620.153,2766364.773,9349984.927,436,4002.48,large_airport,large_airport,12240000,417000,47175,12708177.48,-3358192.553
10000,10000,BOS,TPA,2201,236576,107.4856883,0.652602303,130.5204606,721,10114967.79,3293683.822,13408651.62,1185,10878.3,large_airport,large_airport,14420000,2077575,260100,16768553.3,-3359901.685
10000,10000,ANC,FAI,655,51579,78.74656489,0.646407136,129.2814271,555,5650159.9,2511291.721,8161451.621,261,2395.98,large_airport,large_airport,11100000,253275,240075,11595745.98,-3434294.359
10000,10000,ATL,HOU,1188,120070,101.0690236,0.639438401,127.8876802,959,12395538.16,4292549.985,16688088.14,696,6389.28,large_airport,large_airport,19180000,784200,157200,20127789.28,-3439701.136
10000,10000,MIA,TPA,487,40041,82.21971253,0.646083931,129.2167863,601,6385124.38,2718075.1,9103199.48,204,1872.72,large_airport,large_airport,12020000,489675,35475,12547022.72,-3443823.24
10000,10000,ATL,BWI,1720,190264,110.6186047,0.645896576,129.1793153,1497,21391584.5,6768350.223,28159934.72,577,5296.86,large_airport,large_airport,29940000,1453875,252675,31651846.86,-3491912.136
10000,10000,DEN,LAX,2980,347914,116.7496644,0.649698103,129.9396205,1815,27534288.87,8254414.393,35788703.26,862,7913.16,large_airport,large_airport,36300000,2379525,630675,39318113.16,-3529409.899
10000,10000,SAN,SEA,2491,261052,104.7980731,0.652560491,130.5120983,1169,15988899.78,5339902.5,21328802.28,1050,9639,large_airport,large_airport,23380000,1144425,361350,24895414,-3566611.719
10000,10000,OAK,SEA,1157,111158,96.07433016,0.652425576,130.4851152,855,10718510.89,3904767.073,14623277.96,672,6168.96,large_airport,large_airport,17100000,935550,165150,18206868.96,-3583591.001
10000,10000,CVG,MDW,200,10776,53.88,0.640433831,128.0867662,372,2567289.167,1667689.697,4234978.864,249,2285.82,large_airport,large_airport,7440000,346275,55500,7844060.82,-3609081.956
10000,10000,MCI,MDW,686,51621,75.24927114,0.662803526,132.5607051,559,5576078.911,2593550.196,8169629.107,405,3717.9,large_airport,large_airport,11180000,566550,54150,11804417.9,-3634788.793
10000,10000,GEG,SEA,1185,136085,114.8396624,0.648903401,129.7806802,1888,28138694.43,8575907.347,36714601.77,224,2056.32,large_airport,large_airport,37760000,2368050,234600,40364706.32,-3650104.545
10000,10000,ATL,BOS,2256,269738,119.5647163,0.647142391,129.4284781,1531,23692346.36,6935425,30627771.36,946,8684.28,large_airport,large_airport,30620000,3083625,571875,34284184.28,-3656412.919
10000,10000,PHX,SEA,3200,361641,113.0128125,0.651783188,130.3566376,1612,23747936.04,7354721.496,31102657.54,1107,10162.26,large_airport,large_airport,32240000,2046075,503325,34799562.26,-3696904.725
10000,10000,CMH,MDW,571,31060,54.39579685,0.64439132,128.8782639,389,2727059.551,1754677.563,4481737.114,283,2597.94,large_airport,large_airport,7780000,472125,24900,8279622.94,-3797885.826
10000,10000,DFW,MCO,1810,183117,101.1696133,0.65003084,130.0061679,1021,13428879.88,4645770.411,18074650.29,985,9042.3,large_airport,large_airport,20420000,1372950,118050,21920042.3,-3845392.01
10000,10000,OAK,PDX,900,75584,83.98222222,0.649017358,129.8034716,679,7401903.931,3084779.501,10486683.43,543,4984.74,large_airport,large_airport,13580000,641175,133275,14359434.74,-3872751.307
10000,10000,BOS,ORD,2285,276297,120.9177243,0.651359227,130.2718454,1404,22116053.81,6401558.481,28517612.29,867,7959.06,large_airport,large_airport,28080000,3951525,373650,32413134.06,-3895521.767
10000,10000,DEN,ORD,2123,243227,114.567593,0.650927279,130.1854558,1350,20135296.33,6151262.786,26286559.11,888,8151.84,large_airport,large_airport,27000000,2918775,266925,30193851.84,-3907292.726
10000,10000,MCO,PVD,1591,125623,78.95851666,0.651624558,130.3249115,534,5494999.746,2435772.596,7930772.343,1072,9840.96,large_airport,large_airport,10680000,947850,216525,11854215.96,-3923443.617
10000,10000,DEN,MDW,1036,86587,83.57818533,0.650449886,130.0899772,635,6904154.481,2891249.743,9795404.224,895,8216.1,large_airport,large_airport,12700000,943050,92475,13743741.1,-3948336.876
10000,10000,DAL,MCI,640,42721,66.7515625,0.645405047,129.0810094,498,4290946.815,2249881.994,6540828.809,460.6489468,4228.757332,large_airport,large_airport,9960000,490425,34875,10489528.76,-3948699.948
10000,10000,SEA,SFO,2567,331100,128.9832489,0.64880518,129.7610359,2271,38009726.99,10314055.94,48323782.94,679,6233.22,large_airport,large_airport,45420000,6307800,596475,52330508.22,-4006725.285
10000,5000,LAS,LGB,1204,40157,33.35299003,0.655578358,131.1156716,536,2343981.434,2459730,4803711.434,231,2120.58,large_airport,medium_airport,8040000,784350,15450,8841920.58,-4038209.146
10000,10000,DFW,LAS,2261,234747,103.824414,0.647048997,129.4097994,1151,15464716.97,5213273.768,20677990.74,1055,9684.9,large_airport,large_airport,23020000,1675950,135975,24841609.9,-4163619.163
10000,10000,LAX,PDX,2137,231969,108.5489003,0.6455745,129.1149001,1486,20826706.7,6715265.953,27541972.65,834,7656.12,large_airport,large_airport,29720000,1713900,343200,31784756.12,-4242783.465
10000,10000,LAX,SLC,2593,282336,108.8839182,0.649724919,129.9449838,1539,21775186.33,6999486.553,28774672.89,590,5416.2,large_airport,large_airport,30780000,1957950,277050,33020416.2,-4245743.315
5000,10000,LGB,SMF,1373,36908,26.88128186,0.65637037,131.2740741,540,1905560.309,2481080,4386640.309,387,3552.66,medium_airport,large_airport,8100000,559425,43650,8706627.66,-4319987.351
10000,10000,DEN,SAN,2016,192070,95.27281746,0.649155617,129.8311235,1013,12530178.83,4603162.483,17133341.31,853,7830.54,large_airport,large_airport,20260000,1070550,221625,21560005.54,-4426664.23
5000,10000,BUR,SMF,1111,44776,40.30243024,0.644267029,128.8534057,723,3754615.201,3260635.432,7015250.634,358,3286.44,medium_airport,large_airport,10845000,551250,48075,11447611.44,-4432360.806
10000,10000,ABQ,PHX,744,66459,89.3266129,0.641912824,128.3825648,863,9896866.453,3877795.369,13774661.82,328,3011.04,large_airport,large_airport,17260000,836775,132375,18232161.04,-4457499.218
10000,10000,BWI,CLT,675,59742,88.50666667,0.642672919,128.5345838,853,9703870.933,3837400,13541270.93,361,3313.98,large_airport,large_airport,17060000,777375,165750,18006438.98,-4465168.047
5000,10000,BUR,LAS,995,37704,37.89346734,0.657431725,131.486345,749,3731872.665,3446914.533,7178787.198,223,2047.14,medium_airport,large_airport,11235000,651375,35250,11923672.14,-4744884.942
10000,10000,FLL,MCO,181,11526,63.67955801,0.65101546,130.2030921,583,4833813.532,2656794.094,7490607.626,177,1624.86,large_airport,large_airport,11660000,563100,73275,12297999.86,-4807392.234
10000,10000,MDW,PHX,1774,120575,67.96786922,0.649432086,129.8864171,583,5146784.057,2650332.342,7797116.399,1444,13255.92,large_airport,large_airport,11660000,833625,147900,12654780.92,-4857664.521
10000,10000,LAS,PDX,1947,151711,77.92039034,0.650413997,130.0827994,736,7460171.446,3350932.913,10811104.36,763,7004.34,large_airport,large_airport,14720000,864600,143625,15735229.34,-4924124.98
10000,10000,LGA,MDW,768,45738,59.5546875,0.646905116,129.3810231,459,3536708.098,2078506.136,5615214.234,725,6655.5,large_airport,large_airport,9180000,1230975,140550,10558180.5,-4942966.266
10000,10000,BOS,PIT,758,65593,86.53430079,0.655818566,131.1637132,714,8104014.39,3277781.192,11381795.58,496,4553.28,large_airport,large_airport,14280000,1860150,293550,16438253.28,-5056457.698
10000,10000,EWR,FLL,3022,344798,114.0959629,0.649765619,129.9531238,1464,21706913.64,6658798.065,28365711.7,1065,9776.7,large_airport,large_airport,29280000,3861975,432825,33584576.7,-5218864.998
10000,10000,OAK,PHX,1286,99267,77.19051322,0.643699423,128.7398846,768,7631998.282,3460528.098,11092526.38,646,5930.28,large_airport,large_airport,15360000,931425,76200,16373555.28,-5281028.9
10000,10000,HOU,MSY,739,56099,75.9120433,0.650221862,130.0443724,809,7986394.632,3682206.406,11668601.04,302,2772.36,large_airport,large_airport,16180000,704850,73350,16960972.36,-5292371.322
10000,10000,DCA,MCO,2130,197347,92.65117371,0.653434574,130.6869149,964,11672397.39,4409376.508,16081773.9,759,6967.62,large_airport,large_airport,19280000,1822725,264525,21374217.62,-5292443.717
10000,10000,ONT,SMF,1101,56200,51.044505,0.642243023,128.4486046,551,3612684.088,2477131.341,6089815.429,390,3580.2,large_airport,large_airport,11020000,458325,40200,11522105.2,-5432289.771
10000,10000,FLL,LGA,2413,265791,110.1496063,0.647308803,129.4617607,1241,17696861,5623171.574,23320032.58,1076,9877.68,large_airport,large_airport,24820000,3250050,705000,28784927.68,-5464895.104
10000,10000,PHX,SLC,1940,182755,94.20360825,0.649194153,129.8388305,1286,15729434.21,5844045.761,21573479.97,507,4654.26,large_airport,large_airport,25720000,1120575,211725,27056954.26,-5483474.287
10000,10000,MDW,MSP,1035,90731,87.66280193,0.65683612,131.367224,974,11216602.45,4478308.667,15694911.11,349,3203.82,large_airport,large_airport,19480000,1540500,233700,21257403.82,-5562492.705
10000,10000,MCO,MIA,437,31269,71.55377574,0.643529449,128.7058897,767,7063603.948,3455109.61,10518713.56,192,1762.56,large_airport,large_airport,15340000,717975,62025,16121762.56,-5603049.002
10000,10000,FLL,JAX,470,24647,52.44042553,0.664526302,132.9052604,561,3909950.317,2609594.787,6519545.105,319,2928.42,large_airport,large_airport,11220000,986850,162750,12372528.42,-5852983.315
10000,10000,SMF,SNA,1427,65844,46.14155571,0.651940407,130.3880814,572,3441328.704,2610369.39,6051698.094,404,3708.72,large_airport,large_airport,11440000,475275,24600,11943583.72,-5891885.626
10000,10000,DEN,DFW,2192,215691,98.39917883,0.648658344,129.7316689,1364,17412127.93,6193389.872,23605517.8,641,5884.38,large_airport,large_airport,27280000,2055225,177525,29518634.38,-5913116.578
10000,10000,FLL,TPA,634,32209,50.80283912,0.647475486,129.4950972,584,3841971.656,2646879.786,6488851.442,197,1808.46,large_airport,large_airport,11680000,676650,61275,12419733.46,-5930882.018
10000,10000,LAS,SNA,1157,73996,63.95505618,0.651436388,130.2872775,756,6299392.797,3447401.364,9746794.16,226,2074.68,large_airport,large_airport,15120000,582675,58275,15763024.68,-6016230.52
10000,10000,LAS,SMF,1134,69485,61.27425044,0.64430615,128.86123,705,5566592.071,3179650.85,8746242.921,397,3644.46,large_airport,large_airport,14100000,780825,22650,14907119.46,-6160876.539
10000,10000,BWI,TPA,1685,102610,60.89614243,0.651237693,130.2475387,711,5639348.166,3241210,8880558.166,842,7729.56,large_airport,large_airport,14220000,696150,118650,15042529.56,-6161971.394
10000,10000,DTW,MCO,3525,287293,81.50156028,0.647548691,129.5097383,1013,10692463.94,4591767.771,15284231.71,957,8785.26,large_airport,large_airport,20260000,976575,276525,21521885.26,-6237653.551
10000,10000,LAS,MDW,1733,95086,54.8678592,0.635852756,127.1705511,608,4242366.143,2706189.328,6948555.471,1521,13962.78,large_airport,large_airport,12160000,880950,165150,13220062.78,-6271507.309
10000,10000,OAK,SNA,1305,62732,48.07049808,0.65381909,130.7638181,648,4073251.45,2965723.394,7038974.845,371,3405.78,large_airport,large_airport,12960000,463350,40950,13467705.78,-6428730.935
10000,10000,DAL,SAT,718,45676,63.61559889,0.654836304,130.9672608,823,6856874.48,3772511.947,10629386.43,247.3436364,2270.614582,large_airport,large_airport,16460000,561000,110175,17133445.61,-6504059.188
10000,10000,OAK,ONT,1351,47380,35.07031828,0.653980824,130.7961649,571,2619213.048,2613961.355,5233174.403,362,3323.16,large_airport,large_airport,11420000,547200,26025,11996548.16,-6763373.757
10000,10000,MCO,MDW,2058,103743,50.40962099,0.652959184,130.5918367,637,4193425.141,2911545,7104970.141,990,9088.2,large_airport,large_airport,12740000,1126575,60300,13935963.2,-6830993.059
10000,10000,ATL,MIA,2268,214988,94.79188713,0.650245173,130.0490346,1707,21043201.94,7769779.57,28812981.51,594,5452.92,large_airport,large_airport,34140000,1544850,181275,35871577.92,-7058596.409
10000,10000,PHX,SNA,1571,112709,71.74347549,0.652643564,130.5287129,1010,9458229.348,4614190,14072419.35,338,3102.84,large_airport,large_airport,20200000,875250,82425,21160777.84,-7088358.492
5000,10000,BUR,OAK,1527,43471,28.46823838,0.644099816,128.8199632,932,3417902.554,4202107.198,7620009.753,325,2983.5,medium_airport,large_airport,13980000,876825,54000,14913808.5,-7293798.747
10000,10000,AUS,DAL,689,38654,56.10159652,0.654132841,130.8265683,813,5967078.009,3722670,9689748.009,189,1735.02,large_airport,large_airport,16260000,681900,104475,17048110.02,-7358362.011
5000,10000,BUR,SJC,1876,56117,29.91311301,0.649304785,129.8609571,1063,4129271.85,4831476.908,8960748.757,296,2717.28,medium_airport,large_airport,15945000,775125,78900,16801742.28,-7840993.523
10000,10000,DEN,MSP,2372,198448,83.66273187,0.649155058,129.8310115,1237,13436315.16,5621033.643,19057348.8,680,6242.4,large_airport,large_airport,24740000,2266950,298050,27311242.4,-8253893.599
10000,5000,HNL,KOA,1315,49440,37.59695817,0.647793241,129.5586481,1509,7350355.711,6842640,14192995.71,163,1496.34,large_airport,medium_airport,22635000,241275,16950,22894721.34,-8701725.629
10000,10000,LAX,PHX,1708,168907,98.89168618,0.652606518,130.5213035,2091,26989523.51,9552201.598,36541725.11,370,3396.6,large_airport,large_airport,41820000,2968875,516750,45309021.6,-8767296.495
10000,5000,HNL,ITO,2218,52281,23.57123535,0.647507395,129.5014791,1169,3568384.005,5298553.017,8866937.022,216,1982.88,large_airport,medium_airport,17535000,263700,5925,17806607.88,-8939670.858
10000,10000,LAS,RNO,1353,61943,45.781966,0.647793427,129.5586854,852,5053596.535,3863440,8917036.535,345,3167.1,large_airport,large_airport,17040000,807150,44025,17894342.1,-8977305.565
10000,10000,BWI,FLL,1994,124477,62.42577733,0.649325891,129.8651783,1045,8471746.765,4749818.896,13221565.66,925,8491.5,large_airport,large_airport,20900000,1044525,257250,22210266.5,-8988700.838
10000,10000,LAX,SEA,3564,359348,100.8271605,0.654413745,130.882749,2497,32951750.24,11438497.85,44390248.08,954,8757.72,large_airport,large_airport,49940000,2835225,767775,53551757.72,-9161509.635
10000,10000,LAS,SFO,2425,239102,98.59876289,0.647686766,129.5373533,1874,23935145.49,8496355,32431500.49,414,3800.52,large_airport,large_airport,37480000,4397250,232125,42113175.52,-9681675.033
10000,10000,LAS,SJC,1745,113611,65.10659026,0.647913328,129.5826657,1133,9558764.693,5138600.607,14697365.3,386,3543.48,large_airport,large_airport,22660000,1888650,77700,24629893.48,-9932528.18
10000,10000,OAK,SAN,1486,53107,35.73822342,0.65615303,131.230606,869,4075565.435,3991378.881,8066944.316,446,4094.28,large_airport,large_airport,17380000,578700,60150,18022944.28,-9955999.964
10000,10000,JFK,MCO,2832,193646,68.37782486,0.648694339,129.7388678,1167,10352762.26,5299184.055,15651946.32,944,8665.92,large_airport,large_airport,23340000,1874700,469425,25692790.92,-10040844.6
10000,10000,PHX,SAN,1302,81544,62.62980031,0.65781529,131.563058,1325,10917692.67,6101236.814,17018929.48,304,2790.72,large_airport,large_airport,26500000,887850,188550,27579190.72,-10560261.24
10000,10000,ATL,TPA,2086,154986,74.29817833,0.649138675,129.827735,1714,16533182.65,7788365.824,24321548.48,406,3727.08,large_airport,large_airport,34280000,969150,124650,35377527.08,-11055978.6
10000,10000,LAS,SEA,3028,246372,81.36459709,0.652424356,130.4848712,1732,18388382.43,7909992.895,26298375.32,867,7959.06,large_airport,large_airport,34640000,2553600,493050,37694609.06,-11396233.74
10000,10000,BWI,MCO,2507,118580,47.29956123,0.647290709,129.4581418,1063,6509082.041,4816490.164,11325572.2,787,7224.66,large_airport,large_airport,21260000,1375725,212100,22855049.66,-11529477.46
10000,10000,BOS,BWI,1393,80978,58.13208902,0.647520113,129.5040226,1161,8740402.009,5262395.959,14002797.97,369,3387.42,large_airport,large_airport,23220000,2718825,260550,26202762.42,-12199964.45
10000,10000,LAS,OAK,2115,83817,39.62978723,0.646593045,129.3186089,1110,5688604.543,5024027.957,10712632.5,407,3736.26,large_airport,large_airport,22200000,1305000,82275,23591011.26,-12878378.76
10000,10000,MCO,PHL,3786,217008,57.318542,0.653853118,130.7706236,1344,10074061.51,6151450.134,16225511.64,861,7903.98,large_airport,large_airport,26880000,1847175,434250,29169328.98,-12943817.34
10000,10000,SAN,SFO,2710,216501,79.8896679,0.650113506,130.0227012,1754,18219623.12,7982093.629,26201716.75,447,4103.46,large_airport,large_airport,35080000,4027950,218025,39330078.46,-13128361.71
10000,5000,HNL,LIH,2184,34720,15.8974359,0.654594449,130.9188897,1568,3263438.663,7184828.669,10448267.33,102,936.36,large_airport,medium_airport,23520000,222900,16800,23760636.36,-13312369.03
10000,10000,ATL,MCO,2617,213672,81.64768819,0.649486286,129.8972572,2351,24934261.07,10688595.81,35622856.88,404,3708.72,large_airport,large_airport,47020000,1779450,231225,49034383.72,-13411526.84
10000,10000,LAX,SMF,1558,112754,72.37098845,0.650941486,130.1882972,1739,16384607.15,7923910.707,24308517.86,373,3424.14,large_airport,large_airport,34780000,2913825,376050,38073299.14,-13764781.28
10000,10000,EWR,MCO,4288,324295,75.62849813,0.651484236,130.2968471,1681,16564834.32,7666015,24230849.32,937,8601.66,large_airport,large_airport,33620000,4402200,551025,38581826.66,-14350977.34
10000,10000,DEN,LAS,3192,195278,61.1773183,0.645151536,129.0303071,1585,12511559.15,7157956.289,19669515.44,628,5765.04,large_airport,large_airport,31700000,2304450,238500,34248715.04,-14579199.6
10000,10000,LAS,PHX,2132,96602,45.31050657,0.649002976,129.8005952,1357,7980965.787,6164879.268,14145845.05,255,2340.9,large_airport,large_airport,27140000,1762425,132600,29037365.9,-14891520.85
10000,10000,LAX,OAK,1835,54019,29.43814714,0.645406433,129.0812867,1186,4506697.898,5358164.211,9864862.108,337,3093.66,large_airport,large_airport,23720000,1238250,157050,25118393.66,-15253531.55
10000,10000,SJC,SNA,2289,76520,33.42944517,0.645478727,129.0957453,1290,5567122.89,5828672.901,11395795.79,342,3139.56,large_airport,large_airport,25800000,904050,77025,26784214.56,-15388418.77
10000,10000,BOS,PHL,2076,134365,64.72302505,0.645355951,129.0711902,1701,14209946.27,7684253.309,21894199.58,280,2570.4,large_airport,large_airport,34020000,3008475,749775,37780820.4,-15886620.82
10000,10000,ATL,FLL,2781,199684,71.80294858,0.650196407,130.0392815,2291,21391534,10427199.79,31818733.79,581,5333.58,large_airport,large_airport,45820000,2293125,212775,48331233.58,-16512499.79
10000,10000,DEN,PHX,4113,252237,61.32676878,0.6504756,130.0951201,1965,15677385.73,8947291.885,24624677.62,602,5526.36,large_airport,large_airport,39300000,1835550,379725,41520801.36,-16896123.74
10000,10000,SAN,SMF,2315,67096,28.98315335,0.652968044,130.5936089,1368,5177899.962,6252821.993,11430721.95,480,4406.4,large_airport,large_airport,27360000,1037625,119700,28521731.4,-17091009.45
10000,10000,LAS,SAN,2222,73942,33.27722772,0.650138144,130.0276289,1396,6040434.787,6353149.947,12393584.73,258,2368.44,large_airport,large_airport,27920000,1640850,113175,29676393.44,-17282808.71
10000,10000,BOS,DCA,2629,158334,60.22594142,0.646699732,129.3399464,1865,14527641.36,8442665,22970306.36,399,3662.82,large_airport,large_airport,37300000,3758625,521475,41583762.82,-18613456.46
10000,10000,SAN,SJC,2875,84653,29.44452174,0.649026219,129.8052439,1508,5763656.415,6851120.773,12614777.19,417,3828.06,large_airport,large_airport,30160000,1216575,84150,31464553.06,-18849775.87
10000,5000,HNL,OGG,2578,50972,19.77191621,0.647631949,129.5263898,2395,6133558.9,10857549.63,16991108.53,100,918,large_airport,medium_airport,35925000,400575,11925,36338418,-19347309.47
10000,10000,LGA,ORD,4985,507809,101.8674022,0.649123585,129.8247169,3576,47292266.2,16248861.57,63541127.77,733,6728.94,large_airport,large_airport,71520000,10339875,1149750,83016353.94,-19475226.17
10000,10000,DAL,HOU,2405,55717,23.16715177,0.654056763,130.8113526,1530,4636705.481,7004947.931,11641653.41,239,2194.02,large_airport,large_airport,30600000,1363650,209100,32174944.02,-20533290.61
10000,10000,LAX,SJC,2354,115566,49.09345794,0.649278272,129.8556544,2168,13821136.82,9853447.055,23674583.87,308,2827.44,large_airport,large_airport,43360000,3265875,306975,46935677.44,-23261093.57
10000,10000,LAS,LAX,2957,188476,63.73892459,0.64942125,129.8842501,3254,26938832.59,14792517.24,41731349.83,236,2166.48,large_airport,large_airport,65080000,4367250,539475,69988891.48,-28257541.65
10000,10000,LAX,SFO,4468,343903,76.97023277,0.649007465,129.801493,4164,41601904.09,18917269.58,60519173.67,337,3093.66,large_airport,large_airport,83280000,10515900,1211475,95010468.66,-34491294.99
